--------------------------------------------------------
--  File created - Sunday-December-15-2024   
--------------------------------------------------------
--------------------------------------------------------
--  DDL for Sequence FACTURA_SEQ
--------------------------------------------------------

   CREATE SEQUENCE  "ESTUDIANTE"."FACTURA_SEQ"  MINVALUE 1 MAXVALUE 9999999999999999999999999999 INCREMENT BY 1 START WITH 8 NOCACHE  NOORDER  NOCYCLE  NOKEEP  NOSCALE  GLOBAL ;
--------------------------------------------------------
--  DDL for Table ACCESOS
--------------------------------------------------------

  CREATE TABLE "ESTUDIANTE"."ACCESOS" 
   (	"ACCESO_ID" NUMBER(*,0), 
	"CLIENTE_ID" NUMBER(*,0), 
	"FECHA_ENTRADA" TIMESTAMP (6) DEFAULT CURRENT_TIMESTAMP, 
	"FECHA_SALIDA" TIMESTAMP (6)
   ) SEGMENT CREATION DEFERRED 
  PCTFREE 10 PCTUSED 40 INITRANS 1 MAXTRANS 255 
 NOCOMPRESS LOGGING
  TABLESPACE "USERS" ;
--------------------------------------------------------
--  DDL for Table ASIGNACION_CLASES
--------------------------------------------------------

  CREATE TABLE "ESTUDIANTE"."ASIGNACION_CLASES" 
   (	"ENTRENADOR_ID" NUMBER, 
	"ID_CLASE" NUMBER
   ) SEGMENT CREATION IMMEDIATE 
  PCTFREE 10 PCTUSED 40 INITRANS 1 MAXTRANS 255 
 NOCOMPRESS LOGGING
  STORAGE(INITIAL 65536 NEXT 1048576 MINEXTENTS 1 MAXEXTENTS 2147483645
  PCTINCREASE 0 FREELISTS 1 FREELIST GROUPS 1
  BUFFER_POOL DEFAULT FLASH_CACHE DEFAULT CELL_FLASH_CACHE DEFAULT)
  TABLESPACE "USERS" ;
--------------------------------------------------------
--  DDL for Table AUDITS_CLIENTES
--------------------------------------------------------

  CREATE TABLE "ESTUDIANTE"."AUDITS_CLIENTES" 
   (	"AUDIT_ID" NUMBER GENERATED BY DEFAULT AS IDENTITY MINVALUE 1 MAXVALUE 9999999999999999999999999999 INCREMENT BY 1 START WITH 1 CACHE 20 NOORDER  NOCYCLE  NOKEEP  NOSCALE , 
	"TABLE_NAME" VARCHAR2(50 BYTE), 
	"TRANSACTION_NAME" VARCHAR2(10 BYTE), 
	"BY_USER" VARCHAR2(30 BYTE), 
	"TRANSACTION_DATE" DATE
   ) SEGMENT CREATION IMMEDIATE 
  PCTFREE 10 PCTUSED 40 INITRANS 1 MAXTRANS 255 
 NOCOMPRESS LOGGING
  STORAGE(INITIAL 65536 NEXT 1048576 MINEXTENTS 1 MAXEXTENTS 2147483645
  PCTINCREASE 0 FREELISTS 1 FREELIST GROUPS 1
  BUFFER_POOL DEFAULT FLASH_CACHE DEFAULT CELL_FLASH_CACHE DEFAULT)
  TABLESPACE "USERS" ;
--------------------------------------------------------
--  DDL for Table AUDITS_ENTRENADORES
--------------------------------------------------------

  CREATE TABLE "ESTUDIANTE"."AUDITS_ENTRENADORES" 
   (	"AUDIT_ID" NUMBER GENERATED BY DEFAULT AS IDENTITY MINVALUE 1 MAXVALUE 9999999999999999999999999999 INCREMENT BY 1 START WITH 1 CACHE 20 NOORDER  NOCYCLE  NOKEEP  NOSCALE , 
	"TABLE_NAME" VARCHAR2(50 BYTE), 
	"TRANSACTION_NAME" VARCHAR2(10 BYTE), 
	"TRANSACTION_DATE" DATE
   ) SEGMENT CREATION IMMEDIATE 
  PCTFREE 10 PCTUSED 40 INITRANS 1 MAXTRANS 255 
 NOCOMPRESS LOGGING
  STORAGE(INITIAL 65536 NEXT 1048576 MINEXTENTS 1 MAXEXTENTS 2147483645
  PCTINCREASE 0 FREELISTS 1 FREELIST GROUPS 1
  BUFFER_POOL DEFAULT FLASH_CACHE DEFAULT CELL_FLASH_CACHE DEFAULT)
  TABLESPACE "USERS" ;
--------------------------------------------------------
--  DDL for Table CLASES
--------------------------------------------------------

  CREATE TABLE "ESTUDIANTE"."CLASES" 
   (	"CLASE_ID" NUMBER(*,0), 
	"NOMBRE_CLASE" VARCHAR2(100 BYTE), 
	"CAPACIDAD" NUMBER(*,0), 
	"FECHA_CLASE" TIMESTAMP (6), 
	"DURACION_MINUTOS" NUMBER(*,0)
   ) SEGMENT CREATION IMMEDIATE 
  PCTFREE 10 PCTUSED 40 INITRANS 1 MAXTRANS 255 
 NOCOMPRESS LOGGING
  STORAGE(INITIAL 65536 NEXT 1048576 MINEXTENTS 1 MAXEXTENTS 2147483645
  PCTINCREASE 0 FREELISTS 1 FREELIST GROUPS 1
  BUFFER_POOL DEFAULT FLASH_CACHE DEFAULT CELL_FLASH_CACHE DEFAULT)
  TABLESPACE "USERS" ;
--------------------------------------------------------
--  DDL for Table CLIENTES
--------------------------------------------------------

  CREATE TABLE "ESTUDIANTE"."CLIENTES" 
   (	"CLIENTE_ID" NUMBER(*,0), 
	"NOMBRE" VARCHAR2(100 BYTE), 
	"DIRECCION" VARCHAR2(255 BYTE), 
	"TELEFONO" VARCHAR2(15 BYTE), 
	"EMAIL" VARCHAR2(100 BYTE), 
	"FECHA_REGISTRO" DATE DEFAULT CURRENT_TIMESTAMP
   ) SEGMENT CREATION IMMEDIATE 
  PCTFREE 10 PCTUSED 40 INITRANS 1 MAXTRANS 255 
 NOCOMPRESS LOGGING
  STORAGE(INITIAL 65536 NEXT 1048576 MINEXTENTS 1 MAXEXTENTS 2147483645
  PCTINCREASE 0 FREELISTS 1 FREELIST GROUPS 1
  BUFFER_POOL DEFAULT FLASH_CACHE DEFAULT CELL_FLASH_CACHE DEFAULT)
  TABLESPACE "USERS" ;
--------------------------------------------------------
--  DDL for Table ENTRENADORES
--------------------------------------------------------

  CREATE TABLE "ESTUDIANTE"."ENTRENADORES" 
   (	"ENTRENADOR_ID" NUMBER(*,0), 
	"NOMBRE_ENTRENADOR" VARCHAR2(100 BYTE), 
	"ESPECIALIDAD" VARCHAR2(100 BYTE), 
	"DISPONIBILIDAD" VARCHAR2(255 BYTE), 
	"PERFIL" VARCHAR2(255 BYTE)
   ) SEGMENT CREATION IMMEDIATE 
  PCTFREE 10 PCTUSED 40 INITRANS 1 MAXTRANS 255 
 NOCOMPRESS LOGGING
  STORAGE(INITIAL 65536 NEXT 1048576 MINEXTENTS 1 MAXEXTENTS 2147483645
  PCTINCREASE 0 FREELISTS 1 FREELIST GROUPS 1
  BUFFER_POOL DEFAULT FLASH_CACHE DEFAULT CELL_FLASH_CACHE DEFAULT)
  TABLESPACE "USERS" ;
--------------------------------------------------------
--  DDL for Table ENTRENADOR_CLASE
--------------------------------------------------------

  CREATE TABLE "ESTUDIANTE"."ENTRENADOR_CLASE" 
   (	"ENTRENADOR_ID" NUMBER, 
	"CLASE_ID" NUMBER
   ) SEGMENT CREATION IMMEDIATE 
  PCTFREE 10 PCTUSED 40 INITRANS 1 MAXTRANS 255 
 NOCOMPRESS LOGGING
  STORAGE(INITIAL 65536 NEXT 1048576 MINEXTENTS 1 MAXEXTENTS 2147483645
  PCTINCREASE 0 FREELISTS 1 FREELIST GROUPS 1
  BUFFER_POOL DEFAULT FLASH_CACHE DEFAULT CELL_FLASH_CACHE DEFAULT)
  TABLESPACE "USERS" ;
--------------------------------------------------------
--  DDL for Table ESTADOFISICO
--------------------------------------------------------

  CREATE TABLE "ESTUDIANTE"."ESTADOFISICO" 
   (	"CLIENTE_ID" NUMBER(38,0), 
	"PESO" NUMBER(5,2), 
	"GRASA_CORPORAL" NUMBER(5,2), 
	"FECHA_REGISTRO" TIMESTAMP (6)
   ) SEGMENT CREATION IMMEDIATE 
  PCTFREE 10 PCTUSED 40 INITRANS 1 MAXTRANS 255 
 NOCOMPRESS LOGGING
  STORAGE(INITIAL 65536 NEXT 1048576 MINEXTENTS 1 MAXEXTENTS 2147483645
  PCTINCREASE 0 FREELISTS 1 FREELIST GROUPS 1
  BUFFER_POOL DEFAULT FLASH_CACHE DEFAULT CELL_FLASH_CACHE DEFAULT)
  TABLESPACE "USERS" ;
--------------------------------------------------------
--  DDL for Table FACTURACION
--------------------------------------------------------

  CREATE TABLE "ESTUDIANTE"."FACTURACION" 
   (	"CLIENTE_ID" NUMBER(*,0), 
	"MONTO" NUMBER(10,2), 
	"FECHA_FACTURA" TIMESTAMP (6) DEFAULT CURRENT_TIMESTAMP, 
	"ESTADO_PAGO" VARCHAR2(20 BYTE), 
	"FACTURA_ID" NUMBER(38,0) DEFAULT "ESTUDIANTE"."FACTURA_SEQ"."NEXTVAL"
   ) SEGMENT CREATION IMMEDIATE 
  PCTFREE 10 PCTUSED 40 INITRANS 1 MAXTRANS 255 
 NOCOMPRESS LOGGING
  STORAGE(INITIAL 65536 NEXT 1048576 MINEXTENTS 1 MAXEXTENTS 2147483645
  PCTINCREASE 0 FREELISTS 1 FREELIST GROUPS 1
  BUFFER_POOL DEFAULT FLASH_CACHE DEFAULT CELL_FLASH_CACHE DEFAULT)
  TABLESPACE "USERS" ;
--------------------------------------------------------
--  DDL for Table INVENTARIO
--------------------------------------------------------

  CREATE TABLE "ESTUDIANTE"."INVENTARIO" 
   (	"ITEM_ID" NUMBER(*,0), 
	"NOMBRE_ITEM" VARCHAR2(100 BYTE), 
	"CANTIDAD" NUMBER(*,0), 
	"ESTADO" VARCHAR2(50 BYTE)
   ) SEGMENT CREATION IMMEDIATE 
  PCTFREE 10 PCTUSED 40 INITRANS 1 MAXTRANS 255 
 NOCOMPRESS LOGGING
  STORAGE(INITIAL 65536 NEXT 1048576 MINEXTENTS 1 MAXEXTENTS 2147483645
  PCTINCREASE 0 FREELISTS 1 FREELIST GROUPS 1
  BUFFER_POOL DEFAULT FLASH_CACHE DEFAULT CELL_FLASH_CACHE DEFAULT)
  TABLESPACE "USERS" ;
--------------------------------------------------------
--  DDL for Table MEMBRESIA
--------------------------------------------------------

  CREATE TABLE "ESTUDIANTE"."MEMBRESIA" 
   (	"MEMBRESIA_ID" VARCHAR2(50 BYTE), 
	"TIPO_MEMBRESIA" VARCHAR2(100 BYTE)
   ) SEGMENT CREATION IMMEDIATE 
  PCTFREE 10 PCTUSED 40 INITRANS 1 MAXTRANS 255 
 NOCOMPRESS LOGGING
  STORAGE(INITIAL 65536 NEXT 1048576 MINEXTENTS 1 MAXEXTENTS 2147483645
  PCTINCREASE 0 FREELISTS 1 FREELIST GROUPS 1
  BUFFER_POOL DEFAULT FLASH_CACHE DEFAULT CELL_FLASH_CACHE DEFAULT)
  TABLESPACE "USERS" ;
--------------------------------------------------------
--  DDL for Table MEMBRESIAS
--------------------------------------------------------

  CREATE TABLE "ESTUDIANTE"."MEMBRESIAS" 
   (	"MEMBRESIA_ID" NUMBER(*,0), 
	"CLIENTE_ID" NUMBER(*,0), 
	"FECHA_INICIO" DATE, 
	"FECHA_FIN" DATE, 
	"ESTADO" VARCHAR2(20 BYTE)
   ) SEGMENT CREATION IMMEDIATE 
  PCTFREE 10 PCTUSED 40 INITRANS 1 MAXTRANS 255 
 NOCOMPRESS LOGGING
  STORAGE(INITIAL 65536 NEXT 1048576 MINEXTENTS 1 MAXEXTENTS 2147483645
  PCTINCREASE 0 FREELISTS 1 FREELIST GROUPS 1
  BUFFER_POOL DEFAULT FLASH_CACHE DEFAULT CELL_FLASH_CACHE DEFAULT)
  TABLESPACE "USERS" ;
--------------------------------------------------------
--  DDL for Table NOTIFICACIONES
--------------------------------------------------------

  CREATE TABLE "ESTUDIANTE"."NOTIFICACIONES" 
   (	"NOTIFICACION_ID" NUMBER(*,0), 
	"CLIENTE_ID" NUMBER(*,0), 
	"MENSAJE" VARCHAR2(255 BYTE), 
	"FECHA_ENVIO" TIMESTAMP (6) DEFAULT CURRENT_TIMESTAMP
   ) SEGMENT CREATION DEFERRED 
  PCTFREE 10 PCTUSED 40 INITRANS 1 MAXTRANS 255 
 NOCOMPRESS LOGGING
  TABLESPACE "USERS" ;
--------------------------------------------------------
--  DDL for Table PAGOS
--------------------------------------------------------

  CREATE TABLE "ESTUDIANTE"."PAGOS" 
   (	"PAGO_ID" NUMBER(*,0), 
	"FACTURA_ID" NUMBER(*,0), 
	"MONTO_PAGO" NUMBER(10,2), 
	"FECHA_PAGO" TIMESTAMP (6) DEFAULT CURRENT_TIMESTAMP, 
	"METODO_PAGO" VARCHAR2(50 BYTE)
   ) SEGMENT CREATION DEFERRED 
  PCTFREE 10 PCTUSED 40 INITRANS 1 MAXTRANS 255 
 NOCOMPRESS LOGGING
  TABLESPACE "USERS" ;
--------------------------------------------------------
--  DDL for Table REGISTROS_ACCESO
--------------------------------------------------------

  CREATE TABLE "ESTUDIANTE"."REGISTROS_ACCESO" 
   (	"ID" NUMBER GENERATED BY DEFAULT AS IDENTITY MINVALUE 1 MAXVALUE 9999999999999999999999999999 INCREMENT BY 1 START WITH 1 CACHE 20 NOORDER  NOCYCLE  NOKEEP  NOSCALE , 
	"CLIENTE_ID" NUMBER, 
	"FECHA_ENTRADA" DATE, 
	"HORA_ENTRADA" VARCHAR2(10 BYTE)
   ) SEGMENT CREATION DEFERRED 
  PCTFREE 10 PCTUSED 40 INITRANS 1 MAXTRANS 255 
 NOCOMPRESS LOGGING
  TABLESPACE "USERS" ;
--------------------------------------------------------
--  DDL for Table RESERVAS
--------------------------------------------------------

  CREATE TABLE "ESTUDIANTE"."RESERVAS" 
   (	"RESERVA_ID" NUMBER(*,0), 
	"CLIENTE_ID" NUMBER(*,0), 
	"CLASE_ID" NUMBER(*,0), 
	"ENTRENADOR_ID" NUMBER(*,0), 
	"FECHA_RESERVA" TIMESTAMP (6), 
	"ESTADO" VARCHAR2(20 BYTE)
   ) SEGMENT CREATION DEFERRED 
  PCTFREE 10 PCTUSED 40 INITRANS 1 MAXTRANS 255 
 NOCOMPRESS LOGGING
  TABLESPACE "USERS" ;
--------------------------------------------------------
--  DDL for Table RUTINAS
--------------------------------------------------------

  CREATE TABLE "ESTUDIANTE"."RUTINAS" 
   (	"RUTINA_ID" NUMBER(*,0), 
	"CLIENTE_ID" NUMBER(*,0), 
	"ENTRENADOR_ID" NUMBER(*,0), 
	"DESCRIPCION" VARCHAR2(255 BYTE), 
	"FECHA_ASIGNACION" TIMESTAMP (6) DEFAULT CURRENT_TIMESTAMP
   ) SEGMENT CREATION DEFERRED 
  PCTFREE 10 PCTUSED 40 INITRANS 1 MAXTRANS 255 
 NOCOMPRESS LOGGING
  TABLESPACE "USERS" ;
--------------------------------------------------------
--  DDL for Table TABLACITA
--------------------------------------------------------

  CREATE TABLE "ESTUDIANTE"."TABLACITA" 
   (	"ID_CITA" NUMBER(38,0), 
	"FECHA_HORA" DATE, 
	"ID_PACIENTE" NUMBER(38,0), 
	"ID_DENTISTA" NUMBER(38,0), 
	"ID_TRATAMIENTO" NUMBER(38,0), 
	"ID_MOTIVO" NUMBER(38,0)
   ) SEGMENT CREATION IMMEDIATE 
  PCTFREE 10 PCTUSED 40 INITRANS 1 MAXTRANS 255 
 NOCOMPRESS LOGGING
  STORAGE(INITIAL 65536 NEXT 1048576 MINEXTENTS 1 MAXEXTENTS 2147483645
  PCTINCREASE 0 FREELISTS 1 FREELIST GROUPS 1
  BUFFER_POOL DEFAULT FLASH_CACHE DEFAULT CELL_FLASH_CACHE DEFAULT)
  TABLESPACE "USERS" ;
--------------------------------------------------------
--  DDL for Table TABLADENTISTA
--------------------------------------------------------

  CREATE TABLE "ESTUDIANTE"."TABLADENTISTA" 
   (	"ID_DENTISTA" NUMBER(38,0), 
	"NOMBRE_DENTISTA" VARCHAR2(26 BYTE), 
	"TELEFONO_DENTISTA" NUMBER(38,0), 
	"EMAIL_DENTISTA" VARCHAR2(128 BYTE), 
	"ID_ESPECIALIDAD" NUMBER(38,0), 
	"ID_ESTADO" NUMBER(38,0)
   ) SEGMENT CREATION IMMEDIATE 
  PCTFREE 10 PCTUSED 40 INITRANS 1 MAXTRANS 255 
 NOCOMPRESS LOGGING
  STORAGE(INITIAL 65536 NEXT 1048576 MINEXTENTS 1 MAXEXTENTS 2147483645
  PCTINCREASE 0 FREELISTS 1 FREELIST GROUPS 1
  BUFFER_POOL DEFAULT FLASH_CACHE DEFAULT CELL_FLASH_CACHE DEFAULT)
  TABLESPACE "USERS" ;
--------------------------------------------------------
--  DDL for Table TABLAHISTORIAL
--------------------------------------------------------

  CREATE TABLE "ESTUDIANTE"."TABLAHISTORIAL" 
   (	"ID_HISTORIAL" NUMBER(38,0), 
	"ID_PACIENTE" NUMBER(38,0), 
	"ID_DENTISTA" NUMBER(38,0), 
	"FECHA" DATE, 
	"OBSERVACIONES" VARCHAR2(128 BYTE), 
	"ID_TRAT" NUMBER(38,0), 
	"ID_DIAGNOSTICO" NUMBER(38,0)
   ) SEGMENT CREATION IMMEDIATE 
  PCTFREE 10 PCTUSED 40 INITRANS 1 MAXTRANS 255 
 NOCOMPRESS LOGGING
  STORAGE(INITIAL 65536 NEXT 1048576 MINEXTENTS 1 MAXEXTENTS 2147483645
  PCTINCREASE 0 FREELISTS 1 FREELIST GROUPS 1
  BUFFER_POOL DEFAULT FLASH_CACHE DEFAULT CELL_FLASH_CACHE DEFAULT)
  TABLESPACE "USERS" ;
--------------------------------------------------------
--  DDL for Table TABLAPACIENTES
--------------------------------------------------------

  CREATE TABLE "ESTUDIANTE"."TABLAPACIENTES" 
   (	"ID_PACIENTE" NUMBER(38,0), 
	"NOMBRE_PACIENTE" VARCHAR2(26 BYTE), 
	"FECHA_NACIMIENTO" DATE, 
	"EDAD" NUMBER(38,0), 
	"TELEFONO_PTE" NUMBER(38,0), 
	"EMAIL_PTE" VARCHAR2(128 BYTE), 
	"FECHA_REGISTRO" DATE, 
	"ID_ESTADO" NUMBER(38,0)
   ) SEGMENT CREATION IMMEDIATE 
  PCTFREE 10 PCTUSED 40 INITRANS 1 MAXTRANS 255 
 NOCOMPRESS LOGGING
  STORAGE(INITIAL 65536 NEXT 1048576 MINEXTENTS 1 MAXEXTENTS 2147483645
  PCTINCREASE 0 FREELISTS 1 FREELIST GROUPS 1
  BUFFER_POOL DEFAULT FLASH_CACHE DEFAULT CELL_FLASH_CACHE DEFAULT)
  TABLESPACE "USERS" ;
--------------------------------------------------------
--  DDL for Table TABLAPAGO
--------------------------------------------------------

  CREATE TABLE "ESTUDIANTE"."TABLAPAGO" 
   (	"ID_PAGO" NUMBER(38,0), 
	"ID_PACIENTE" NUMBER(38,0), 
	"ID_CITA" NUMBER(38,0), 
	"ID_METODO_PAGO" NUMBER(38,0), 
	"FECHA" DATE, 
	"MONTO" NUMBER(38,0)
   ) SEGMENT CREATION IMMEDIATE 
  PCTFREE 10 PCTUSED 40 INITRANS 1 MAXTRANS 255 
 NOCOMPRESS LOGGING
  STORAGE(INITIAL 65536 NEXT 1048576 MINEXTENTS 1 MAXEXTENTS 2147483645
  PCTINCREASE 0 FREELISTS 1 FREELIST GROUPS 1
  BUFFER_POOL DEFAULT FLASH_CACHE DEFAULT CELL_FLASH_CACHE DEFAULT)
  TABLESPACE "USERS" ;
--------------------------------------------------------
--  DDL for Table TABLATRATAMIENTO
--------------------------------------------------------

  CREATE TABLE "ESTUDIANTE"."TABLATRATAMIENTO" 
   (	"ID_TRAT" NUMBER(38,0), 
	"ID_PACIENTE" NUMBER(38,0), 
	"ID_TRAT2" NUMBER(38,0), 
	"DESCRIPCION" VARCHAR2(128 BYTE)
   ) SEGMENT CREATION IMMEDIATE 
  PCTFREE 10 PCTUSED 40 INITRANS 1 MAXTRANS 255 
 NOCOMPRESS LOGGING
  STORAGE(INITIAL 65536 NEXT 1048576 MINEXTENTS 1 MAXEXTENTS 2147483645
  PCTINCREASE 0 FREELISTS 1 FREELIST GROUPS 1
  BUFFER_POOL DEFAULT FLASH_CACHE DEFAULT CELL_FLASH_CACHE DEFAULT)
  TABLESPACE "USERS" ;
--------------------------------------------------------
--  DDL for View V_ACCESOS_CLIENTES
--------------------------------------------------------

  CREATE OR REPLACE FORCE NONEDITIONABLE VIEW "ESTUDIANTE"."V_ACCESOS_CLIENTES" ("ACCESO_ID", "NOMBRE_CLIENTE", "FECHA_ENTRADA", "FECHA_SALIDA") AS 
  SELECT 
    a.acceso_id, 
    c.nombre AS nombre_cliente, 
    a.fecha_entrada, 
    a.fecha_salida
FROM 
    Accesos a
JOIN 
    Clientes c ON a.cliente_id = c.cliente_id
WHERE 
    a.fecha_entrada > CURRENT_TIMESTAMP - INTERVAL '7' DAY
;
--------------------------------------------------------
--  DDL for View V_CLASES_PROGRAMADAS
--------------------------------------------------------

  CREATE OR REPLACE FORCE NONEDITIONABLE VIEW "ESTUDIANTE"."V_CLASES_PROGRAMADAS" ("CLASE_ID", "NOMBRE_CLASE", "CAPACIDAD", "FECHA_CLASE", "DURACION_MINUTOS") AS 
  SELECT 
    clase_id, 
    nombre_clase, 
    capacidad, 
    fecha_clase, 
    duracion_minutos
FROM 
    Clases
WHERE 
    fecha_clase > CURRENT_TIMESTAMP
;
--------------------------------------------------------
--  DDL for View V_CLIENTES_INACTIVOS
--------------------------------------------------------

  CREATE OR REPLACE FORCE NONEDITIONABLE VIEW "ESTUDIANTE"."V_CLIENTES_INACTIVOS" ("CLIENTE_ID", "NOMBRE", "EMAIL", "ULTIMO_ACCESO", "ULTIMA_RESERVA") AS 
  SELECT 

    c.cliente_id, 

    c.nombre, 

    c.email, 

    MAX(a.fecha_entrada) AS ultimo_acceso, 

    MAX(r.fecha_reserva) AS ultima_reserva

FROM 

    Clientes c

LEFT JOIN 

    Accesos a ON c.cliente_id = a.cliente_id

LEFT JOIN 

    Reservas r ON c.cliente_id = r.cliente_id

GROUP BY 

    c.cliente_id, c.nombre, c.email

HAVING 

    MAX(a.fecha_entrada) < CURRENT_DATE - 30 

    AND MAX(r.fecha_reserva) < CURRENT_DATE - 30
;
--------------------------------------------------------
--  DDL for View V_CLIENTES_MEMBRESIAS
--------------------------------------------------------

  CREATE OR REPLACE FORCE NONEDITIONABLE VIEW "ESTUDIANTE"."V_CLIENTES_MEMBRESIAS" ("CLIENTE_ID", "NOMBRE_CLIENTE", "TIPO_MEMBRESIA", "FECHA_INICIO", "FECHA_FIN", "ESTADO") AS 
  SELECT 

    c.cliente_id, 

    c.nombre AS nombre_cliente, 

    m.tipo_membresia, 

    m.fecha_inicio, 

    m.fecha_fin, 

    m.estado

FROM 

    Clientes c

JOIN 

    Membresias m ON c.cliente_id = m.cliente_id

WHERE 

    m.estado = 'Activa'
;
--------------------------------------------------------
--  DDL for View V_ENTRENADORES_CLASES
--------------------------------------------------------

  CREATE OR REPLACE FORCE NONEDITIONABLE VIEW "ESTUDIANTE"."V_ENTRENADORES_CLASES" ("ENTRENADOR_ID", "NOMBRE_ENTRENADOR", "NOMBRE_CLASE", "FECHA_CLASE") AS 
  SELECT 

    e.entrenador_id, 

    e.nombre_entrenador, 

    cl.nombre_clase, 

    cl.fecha_clase

FROM 

    asignacion_clases ac

JOIN 

    Entrenadores e ON ac.entrenador_id = e.entrenador_id

JOIN 

    Clases cl ON ac.id_clase = cl.clase_id
;
--------------------------------------------------------
--  DDL for View V_ESTADO_FISICO
--------------------------------------------------------

  CREATE OR REPLACE FORCE NONEDITIONABLE VIEW "ESTUDIANTE"."V_ESTADO_FISICO" ("ESTADO_ID", "NOMBRE_CLIENTE", "PESO", "GRASA_CORPORAL", "FECHA_REGISTRO") AS 
  SELECT 
    e.estado_id, 
    c.nombre AS nombre_cliente, 
    e.peso, 
    e.grasa_corporal, 
    e.fecha_registro
FROM 
    EstadoFisico e
JOIN 
    Clientes c ON e.cliente_id = c.cliente_id
;
--------------------------------------------------------
--  DDL for View V_FACTURACION_MENSUAL
--------------------------------------------------------

  CREATE OR REPLACE FORCE NONEDITIONABLE VIEW "ESTUDIANTE"."V_FACTURACION_MENSUAL" ("CLIENTE_ID", "NOMBRE_CLIENTE", "TOTAL_FACTURADO", "MES") AS 
  SELECT 

    c.cliente_id, 

    c.nombre AS nombre_cliente, 

    SUM(f.monto) AS total_facturado, 

    TO_CHAR(f.fecha_factura, 'YYYY-MM') AS mes

FROM 

    Facturacion f

JOIN 

    Clientes c ON f.cliente_id = c.cliente_id

GROUP BY 

    c.cliente_id, c.nombre, TO_CHAR(f.fecha_factura, 'YYYY-MM')
;
--------------------------------------------------------
--  DDL for View V_INVENTARIO_DISPONIBLE
--------------------------------------------------------

  CREATE OR REPLACE FORCE NONEDITIONABLE VIEW "ESTUDIANTE"."V_INVENTARIO_DISPONIBLE" ("ITEM_ID", "NOMBRE_ITEM", "CANTIDAD", "ESTADO") AS 
  SELECT 
    item_id, 
    nombre_item, 
    cantidad, 
    estado
FROM 
    Inventario
WHERE 
    estado = 'Disponible'
;
--------------------------------------------------------
--  DDL for View V_NOTIFICACIONES_ENVIADAS
--------------------------------------------------------

  CREATE OR REPLACE FORCE NONEDITIONABLE VIEW "ESTUDIANTE"."V_NOTIFICACIONES_ENVIADAS" ("NOTIFICACION_ID", "NOMBRE_CLIENTE", "MENSAJE", "FECHA_ENVIO") AS 
  SELECT 
    n.notificacion_id, 
    c.nombre AS nombre_cliente, 
    n.mensaje, 
    n.fecha_envio
FROM 
    Notificaciones n
JOIN 
    Clientes c ON n.cliente_id = c.cliente_id
;
--------------------------------------------------------
--  DDL for View V_PAGOS_FACTURAS
--------------------------------------------------------

  CREATE OR REPLACE FORCE NONEDITIONABLE VIEW "ESTUDIANTE"."V_PAGOS_FACTURAS" ("PAGO_ID", "FACTURA_ID", "NOMBRE_CLIENTE", "MONTO_FACTURA", "MONTO_PAGO", "FECHA_PAGO", "METODO_PAGO") AS 
  SELECT 
    p.pago_id, 
    f.factura_id, 
    c.nombre AS nombre_cliente, 
    f.monto AS monto_factura, 
    p.monto_pago, 
    p.fecha_pago, 
    p.metodo_pago
FROM 
    Pagos p
JOIN 
    Facturacion f ON p.factura_id = f.factura_id
JOIN 
    Clientes c ON f.cliente_id = c.cliente_id
;
--------------------------------------------------------
--  DDL for View V_RESERVAS_ACTIVAS
--------------------------------------------------------

  CREATE OR REPLACE FORCE NONEDITIONABLE VIEW "ESTUDIANTE"."V_RESERVAS_ACTIVAS" ("RESERVA_ID", "NOMBRE_CLIENTE", "NOMBRE_CLASE", "FECHA_RESERVA", "ESTADO") AS 
  SELECT 
    r.reserva_id, 
    c.nombre AS nombre_cliente, 
    cl.nombre_clase, 
    r.fecha_reserva, 
    r.estado
FROM 
    Reservas r
JOIN 
    Clientes c ON r.cliente_id = c.cliente_id
JOIN 
    Clases cl ON r.clase_id = cl.clase_id
WHERE 
    r.estado = 'Activa'
;
--------------------------------------------------------
--  DDL for View V_RUTINAS_CLIENTE
--------------------------------------------------------

  CREATE OR REPLACE FORCE NONEDITIONABLE VIEW "ESTUDIANTE"."V_RUTINAS_CLIENTE" ("RUTINA_ID", "NOMBRE_CLIENTE", "NOMBRE_ENTRENADOR", "DESCRIPCION", "FECHA_ASIGNACION") AS 
  SELECT 
    r.rutina_id, 
    c.nombre AS nombre_cliente, 
    e.nombre_entrenador, 
    r.descripcion, 
    r.fecha_asignacion
FROM 
    Rutinas r
JOIN 
    Clientes c ON r.cliente_id = c.cliente_id
JOIN 
    Entrenadores e ON r.entrenador_id = e.entrenador_id
;
REM INSERTING into ESTUDIANTE.ACCESOS
SET DEFINE OFF;
REM INSERTING into ESTUDIANTE.ASIGNACION_CLASES
SET DEFINE OFF;
Insert into ESTUDIANTE.ASIGNACION_CLASES (ENTRENADOR_ID,ID_CLASE) values (6,1);
Insert into ESTUDIANTE.ASIGNACION_CLASES (ENTRENADOR_ID,ID_CLASE) values (7,78);
REM INSERTING into ESTUDIANTE.AUDITS_CLIENTES
SET DEFINE OFF;
Insert into ESTUDIANTE.AUDITS_CLIENTES (AUDIT_ID,TABLE_NAME,TRANSACTION_NAME,BY_USER,TRANSACTION_DATE) values (1,'clientes','UPDATE','ESTUDIANTE',to_date('15-DEC-24','DD-MON-RR'));
REM INSERTING into ESTUDIANTE.AUDITS_ENTRENADORES
SET DEFINE OFF;
Insert into ESTUDIANTE.AUDITS_ENTRENADORES (AUDIT_ID,TABLE_NAME,TRANSACTION_NAME,TRANSACTION_DATE) values (1,'entrenadores','UPDATE',to_date('15-DEC-24','DD-MON-RR'));
REM INSERTING into ESTUDIANTE.CLASES
SET DEFINE OFF;
Insert into ESTUDIANTE.CLASES (CLASE_ID,NOMBRE_CLASE,CAPACIDAD,FECHA_CLASE,DURACION_MINUTOS) values (1,'Yoga',20,to_timestamp('17-NOV-24 12.00.00.000000000 AM','DD-MON-RR HH.MI.SSXFF AM'),60);
Insert into ESTUDIANTE.CLASES (CLASE_ID,NOMBRE_CLASE,CAPACIDAD,FECHA_CLASE,DURACION_MINUTOS) values (5,'YOGA',45,to_timestamp('12-DEC-24 12.00.00.000000000 AM','DD-MON-RR HH.MI.SSXFF AM'),45);
Insert into ESTUDIANTE.CLASES (CLASE_ID,NOMBRE_CLASE,CAPACIDAD,FECHA_CLASE,DURACION_MINUTOS) values (88,'Funcionales',20,to_timestamp('15-DEC-24 12.00.00.000000000 AM','DD-MON-RR HH.MI.SSXFF AM'),45);
REM INSERTING into ESTUDIANTE.CLIENTES
SET DEFINE OFF;
Insert into ESTUDIANTE.CLIENTES (CLIENTE_ID,NOMBRE,DIRECCION,TELEFONO,EMAIL,FECHA_REGISTRO) values (7,'MIRIAM','San Jose','111111','Mora@email.com',to_date('01-JUL-24','DD-MON-RR'));
Insert into ESTUDIANTE.CLIENTES (CLIENTE_ID,NOMBRE,DIRECCION,TELEFONO,EMAIL,FECHA_REGISTRO) values (4,'Mari','Chepe','77772222','Maria@noemail.com',to_date('18-NOV-24','DD-MON-RR'));
Insert into ESTUDIANTE.CLIENTES (CLIENTE_ID,NOMBRE,DIRECCION,TELEFONO,EMAIL,FECHA_REGISTRO) values (65,'Luis Anthony','Heredia','56237897','Tonex@email.com',to_date('15-DEC-24','DD-MON-RR'));
REM INSERTING into ESTUDIANTE.ENTRENADORES
SET DEFINE OFF;
Insert into ESTUDIANTE.ENTRENADORES (ENTRENADOR_ID,NOMBRE_ENTRENADOR,ESPECIALIDAD,DISPONIBILIDAD,PERFIL) values (6,'JENNIFER','Spinning','MARTES','bajo');
Insert into ESTUDIANTE.ENTRENADORES (ENTRENADOR_ID,NOMBRE_ENTRENADOR,ESPECIALIDAD,DISPONIBILIDAD,PERFIL) values (1,'Juanchis','Peso','L-V','Impacto');
Insert into ESTUDIANTE.ENTRENADORES (ENTRENADOR_ID,NOMBRE_ENTRENADOR,ESPECIALIDAD,DISPONIBILIDAD,PERFIL) values (88989,'Isaac','Yoga','viernes','Alto');
REM INSERTING into ESTUDIANTE.ENTRENADOR_CLASE
SET DEFINE OFF;
Insert into ESTUDIANTE.ENTRENADOR_CLASE (ENTRENADOR_ID,CLASE_ID) values (1,1);
Insert into ESTUDIANTE.ENTRENADOR_CLASE (ENTRENADOR_ID,CLASE_ID) values (6,5);
Insert into ESTUDIANTE.ENTRENADOR_CLASE (ENTRENADOR_ID,CLASE_ID) values (88989,5);
Insert into ESTUDIANTE.ENTRENADOR_CLASE (ENTRENADOR_ID,CLASE_ID) values (88989,88);
REM INSERTING into ESTUDIANTE.ESTADOFISICO
SET DEFINE OFF;
Insert into ESTUDIANTE.ESTADOFISICO (CLIENTE_ID,PESO,GRASA_CORPORAL,FECHA_REGISTRO) values (7,75,25,to_timestamp('12-DEC-24 12.00.00.000000000 AM','DD-MON-RR HH.MI.SSXFF AM'));
Insert into ESTUDIANTE.ESTADOFISICO (CLIENTE_ID,PESO,GRASA_CORPORAL,FECHA_REGISTRO) values (65,150,25,to_timestamp('15-DEC-24 12.00.00.000000000 AM','DD-MON-RR HH.MI.SSXFF AM'));
REM INSERTING into ESTUDIANTE.FACTURACION
SET DEFINE OFF;
Insert into ESTUDIANTE.FACTURACION (CLIENTE_ID,MONTO,FECHA_FACTURA,ESTADO_PAGO,FACTURA_ID) values (4,25000,to_timestamp('15-DEC-24 12.00.00.000000000 AM','DD-MON-RR HH.MI.SSXFF AM'),'Pagado',1);
Insert into ESTUDIANTE.FACTURACION (CLIENTE_ID,MONTO,FECHA_FACTURA,ESTADO_PAGO,FACTURA_ID) values (65,25000,to_timestamp('01-JAN-25 12.00.00.000000000 AM','DD-MON-RR HH.MI.SSXFF AM'),'pendiente',7);
Insert into ESTUDIANTE.FACTURACION (CLIENTE_ID,MONTO,FECHA_FACTURA,ESTADO_PAGO,FACTURA_ID) values (7,45000,to_timestamp('04-MAY-24 12.00.00.000000000 AM','DD-MON-RR HH.MI.SSXFF AM'),'Pagado',2);
Insert into ESTUDIANTE.FACTURACION (CLIENTE_ID,MONTO,FECHA_FACTURA,ESTADO_PAGO,FACTURA_ID) values (4,8500,to_timestamp('01-JAN-24 12.00.00.000000000 AM','DD-MON-RR HH.MI.SSXFF AM'),'Pagado',3);
Insert into ESTUDIANTE.FACTURACION (CLIENTE_ID,MONTO,FECHA_FACTURA,ESTADO_PAGO,FACTURA_ID) values (7,65000,to_timestamp('01-JAN-25 12.00.00.000000000 AM','DD-MON-RR HH.MI.SSXFF AM'),'Pendiente',4);
Insert into ESTUDIANTE.FACTURACION (CLIENTE_ID,MONTO,FECHA_FACTURA,ESTADO_PAGO,FACTURA_ID) values (7,25000,to_timestamp('12-DEC-24 12.00.00.000000000 AM','DD-MON-RR HH.MI.SSXFF AM'),'pendiente',5);
Insert into ESTUDIANTE.FACTURACION (CLIENTE_ID,MONTO,FECHA_FACTURA,ESTADO_PAGO,FACTURA_ID) values (7,25000,to_timestamp('01-JAN-25 12.00.00.000000000 AM','DD-MON-RR HH.MI.SSXFF AM'),'pendiente',6);
REM INSERTING into ESTUDIANTE.INVENTARIO
SET DEFINE OFF;
Insert into ESTUDIANTE.INVENTARIO (ITEM_ID,NOMBRE_ITEM,CANTIDAD,ESTADO) values (4,'SILLA',0,'No disponible');
Insert into ESTUDIANTE.INVENTARIO (ITEM_ID,NOMBRE_ITEM,CANTIDAD,ESTADO) values (6,'maquina de pesas',6,'Nueva');
Insert into ESTUDIANTE.INVENTARIO (ITEM_ID,NOMBRE_ITEM,CANTIDAD,ESTADO) values (3,'TREADMILL',3,'NUEVAS');
Insert into ESTUDIANTE.INVENTARIO (ITEM_ID,NOMBRE_ITEM,CANTIDAD,ESTADO) values (2,'ACTUALIZAR',3,'MEDIO');
REM INSERTING into ESTUDIANTE.MEMBRESIA
SET DEFINE OFF;
Insert into ESTUDIANTE.MEMBRESIA (MEMBRESIA_ID,TIPO_MEMBRESIA) values ('4','Invitado');
Insert into ESTUDIANTE.MEMBRESIA (MEMBRESIA_ID,TIPO_MEMBRESIA) values ('1','Annual');
Insert into ESTUDIANTE.MEMBRESIA (MEMBRESIA_ID,TIPO_MEMBRESIA) values ('2','Mensual');
Insert into ESTUDIANTE.MEMBRESIA (MEMBRESIA_ID,TIPO_MEMBRESIA) values ('3','Semanal');
Insert into ESTUDIANTE.MEMBRESIA (MEMBRESIA_ID,TIPO_MEMBRESIA) values ('7','Hora');
Insert into ESTUDIANTE.MEMBRESIA (MEMBRESIA_ID,TIPO_MEMBRESIA) values ('8','Guest');
REM INSERTING into ESTUDIANTE.MEMBRESIAS
SET DEFINE OFF;
Insert into ESTUDIANTE.MEMBRESIAS (MEMBRESIA_ID,CLIENTE_ID,FECHA_INICIO,FECHA_FIN,ESTADO) values (1,65,to_date('01-JAN-24','DD-MON-RR'),to_date('30-DEC-25','DD-MON-RR'),'Activa');
Insert into ESTUDIANTE.MEMBRESIAS (MEMBRESIA_ID,CLIENTE_ID,FECHA_INICIO,FECHA_FIN,ESTADO) values (4,7,to_date('01-JAN-24','DD-MON-RR'),to_date('30-DEC-23','DD-MON-RR'),'activo');
REM INSERTING into ESTUDIANTE.NOTIFICACIONES
SET DEFINE OFF;
REM INSERTING into ESTUDIANTE.PAGOS
SET DEFINE OFF;
REM INSERTING into ESTUDIANTE.REGISTROS_ACCESO
SET DEFINE OFF;
REM INSERTING into ESTUDIANTE.RESERVAS
SET DEFINE OFF;
REM INSERTING into ESTUDIANTE.RUTINAS
SET DEFINE OFF;
REM INSERTING into ESTUDIANTE.TABLACITA
SET DEFINE OFF;
Insert into ESTUDIANTE.TABLACITA (ID_CITA,FECHA_HORA,ID_PACIENTE,ID_DENTISTA,ID_TRATAMIENTO,ID_MOTIVO) values (16,to_date('08-JUL-24','DD-MON-RR'),16,195,11,4);
Insert into ESTUDIANTE.TABLACITA (ID_CITA,FECHA_HORA,ID_PACIENTE,ID_DENTISTA,ID_TRATAMIENTO,ID_MOTIVO) values (17,to_date('12-DEC-24','DD-MON-RR'),17,27,19,2);
Insert into ESTUDIANTE.TABLACITA (ID_CITA,FECHA_HORA,ID_PACIENTE,ID_DENTISTA,ID_TRATAMIENTO,ID_MOTIVO) values (18,to_date('30-OCT-24','DD-MON-RR'),18,25,10,1);
Insert into ESTUDIANTE.TABLACITA (ID_CITA,FECHA_HORA,ID_PACIENTE,ID_DENTISTA,ID_TRATAMIENTO,ID_MOTIVO) values (19,to_date('06-SEP-24','DD-MON-RR'),19,91,8,3);
Insert into ESTUDIANTE.TABLACITA (ID_CITA,FECHA_HORA,ID_PACIENTE,ID_DENTISTA,ID_TRATAMIENTO,ID_MOTIVO) values (20,to_date('29-AUG-24','DD-MON-RR'),20,32,13,3);
Insert into ESTUDIANTE.TABLACITA (ID_CITA,FECHA_HORA,ID_PACIENTE,ID_DENTISTA,ID_TRATAMIENTO,ID_MOTIVO) values (21,to_date('13-AUG-24','DD-MON-RR'),21,61,9,4);
Insert into ESTUDIANTE.TABLACITA (ID_CITA,FECHA_HORA,ID_PACIENTE,ID_DENTISTA,ID_TRATAMIENTO,ID_MOTIVO) values (22,to_date('04-JUL-24','DD-MON-RR'),22,145,20,14);
Insert into ESTUDIANTE.TABLACITA (ID_CITA,FECHA_HORA,ID_PACIENTE,ID_DENTISTA,ID_TRATAMIENTO,ID_MOTIVO) values (23,to_date('19-SEP-24','DD-MON-RR'),23,161,12,6);
Insert into ESTUDIANTE.TABLACITA (ID_CITA,FECHA_HORA,ID_PACIENTE,ID_DENTISTA,ID_TRATAMIENTO,ID_MOTIVO) values (24,to_date('14-AUG-24','DD-MON-RR'),24,149,18,5);
Insert into ESTUDIANTE.TABLACITA (ID_CITA,FECHA_HORA,ID_PACIENTE,ID_DENTISTA,ID_TRATAMIENTO,ID_MOTIVO) values (25,to_date('19-SEP-24','DD-MON-RR'),25,128,11,1);
Insert into ESTUDIANTE.TABLACITA (ID_CITA,FECHA_HORA,ID_PACIENTE,ID_DENTISTA,ID_TRATAMIENTO,ID_MOTIVO) values (26,to_date('19-OCT-24','DD-MON-RR'),26,8,14,10);
Insert into ESTUDIANTE.TABLACITA (ID_CITA,FECHA_HORA,ID_PACIENTE,ID_DENTISTA,ID_TRATAMIENTO,ID_MOTIVO) values (27,to_date('19-SEP-24','DD-MON-RR'),27,2,10,3);
Insert into ESTUDIANTE.TABLACITA (ID_CITA,FECHA_HORA,ID_PACIENTE,ID_DENTISTA,ID_TRATAMIENTO,ID_MOTIVO) values (28,to_date('26-NOV-24','DD-MON-RR'),28,42,9,8);
Insert into ESTUDIANTE.TABLACITA (ID_CITA,FECHA_HORA,ID_PACIENTE,ID_DENTISTA,ID_TRATAMIENTO,ID_MOTIVO) values (29,to_date('15-OCT-24','DD-MON-RR'),29,83,13,8);
Insert into ESTUDIANTE.TABLACITA (ID_CITA,FECHA_HORA,ID_PACIENTE,ID_DENTISTA,ID_TRATAMIENTO,ID_MOTIVO) values (30,to_date('16-AUG-24','DD-MON-RR'),30,101,15,7);
Insert into ESTUDIANTE.TABLACITA (ID_CITA,FECHA_HORA,ID_PACIENTE,ID_DENTISTA,ID_TRATAMIENTO,ID_MOTIVO) values (31,to_date('02-OCT-24','DD-MON-RR'),31,204,1,15);
Insert into ESTUDIANTE.TABLACITA (ID_CITA,FECHA_HORA,ID_PACIENTE,ID_DENTISTA,ID_TRATAMIENTO,ID_MOTIVO) values (32,to_date('11-OCT-24','DD-MON-RR'),32,3,14,8);
Insert into ESTUDIANTE.TABLACITA (ID_CITA,FECHA_HORA,ID_PACIENTE,ID_DENTISTA,ID_TRATAMIENTO,ID_MOTIVO) values (33,to_date('13-AUG-24','DD-MON-RR'),33,19,17,13);
Insert into ESTUDIANTE.TABLACITA (ID_CITA,FECHA_HORA,ID_PACIENTE,ID_DENTISTA,ID_TRATAMIENTO,ID_MOTIVO) values (34,to_date('10-JUL-24','DD-MON-RR'),34,145,17,6);
Insert into ESTUDIANTE.TABLACITA (ID_CITA,FECHA_HORA,ID_PACIENTE,ID_DENTISTA,ID_TRATAMIENTO,ID_MOTIVO) values (35,to_date('14-OCT-24','DD-MON-RR'),35,73,20,1);
Insert into ESTUDIANTE.TABLACITA (ID_CITA,FECHA_HORA,ID_PACIENTE,ID_DENTISTA,ID_TRATAMIENTO,ID_MOTIVO) values (36,to_date('01-DEC-24','DD-MON-RR'),36,10,14,6);
Insert into ESTUDIANTE.TABLACITA (ID_CITA,FECHA_HORA,ID_PACIENTE,ID_DENTISTA,ID_TRATAMIENTO,ID_MOTIVO) values (37,to_date('27-JUL-24','DD-MON-RR'),37,102,14,10);
Insert into ESTUDIANTE.TABLACITA (ID_CITA,FECHA_HORA,ID_PACIENTE,ID_DENTISTA,ID_TRATAMIENTO,ID_MOTIVO) values (38,to_date('05-DEC-24','DD-MON-RR'),38,177,8,12);
Insert into ESTUDIANTE.TABLACITA (ID_CITA,FECHA_HORA,ID_PACIENTE,ID_DENTISTA,ID_TRATAMIENTO,ID_MOTIVO) values (39,to_date('12-SEP-24','DD-MON-RR'),39,175,5,8);
Insert into ESTUDIANTE.TABLACITA (ID_CITA,FECHA_HORA,ID_PACIENTE,ID_DENTISTA,ID_TRATAMIENTO,ID_MOTIVO) values (40,to_date('31-AUG-24','DD-MON-RR'),40,196,2,11);
Insert into ESTUDIANTE.TABLACITA (ID_CITA,FECHA_HORA,ID_PACIENTE,ID_DENTISTA,ID_TRATAMIENTO,ID_MOTIVO) values (41,to_date('17-OCT-24','DD-MON-RR'),41,188,15,5);
Insert into ESTUDIANTE.TABLACITA (ID_CITA,FECHA_HORA,ID_PACIENTE,ID_DENTISTA,ID_TRATAMIENTO,ID_MOTIVO) values (42,to_date('27-SEP-24','DD-MON-RR'),42,189,17,4);
Insert into ESTUDIANTE.TABLACITA (ID_CITA,FECHA_HORA,ID_PACIENTE,ID_DENTISTA,ID_TRATAMIENTO,ID_MOTIVO) values (43,to_date('12-AUG-24','DD-MON-RR'),43,196,18,15);
Insert into ESTUDIANTE.TABLACITA (ID_CITA,FECHA_HORA,ID_PACIENTE,ID_DENTISTA,ID_TRATAMIENTO,ID_MOTIVO) values (44,to_date('21-OCT-24','DD-MON-RR'),44,110,18,6);
Insert into ESTUDIANTE.TABLACITA (ID_CITA,FECHA_HORA,ID_PACIENTE,ID_DENTISTA,ID_TRATAMIENTO,ID_MOTIVO) values (45,to_date('23-JUL-24','DD-MON-RR'),45,189,12,11);
Insert into ESTUDIANTE.TABLACITA (ID_CITA,FECHA_HORA,ID_PACIENTE,ID_DENTISTA,ID_TRATAMIENTO,ID_MOTIVO) values (46,to_date('25-OCT-24','DD-MON-RR'),46,172,19,10);
Insert into ESTUDIANTE.TABLACITA (ID_CITA,FECHA_HORA,ID_PACIENTE,ID_DENTISTA,ID_TRATAMIENTO,ID_MOTIVO) values (47,to_date('23-NOV-24','DD-MON-RR'),47,195,18,1);
Insert into ESTUDIANTE.TABLACITA (ID_CITA,FECHA_HORA,ID_PACIENTE,ID_DENTISTA,ID_TRATAMIENTO,ID_MOTIVO) values (48,to_date('15-OCT-24','DD-MON-RR'),48,146,4,2);
Insert into ESTUDIANTE.TABLACITA (ID_CITA,FECHA_HORA,ID_PACIENTE,ID_DENTISTA,ID_TRATAMIENTO,ID_MOTIVO) values (49,to_date('03-NOV-24','DD-MON-RR'),49,204,19,8);
Insert into ESTUDIANTE.TABLACITA (ID_CITA,FECHA_HORA,ID_PACIENTE,ID_DENTISTA,ID_TRATAMIENTO,ID_MOTIVO) values (50,to_date('26-SEP-24','DD-MON-RR'),50,39,1,11);
Insert into ESTUDIANTE.TABLACITA (ID_CITA,FECHA_HORA,ID_PACIENTE,ID_DENTISTA,ID_TRATAMIENTO,ID_MOTIVO) values (51,to_date('17-SEP-24','DD-MON-RR'),51,145,12,13);
Insert into ESTUDIANTE.TABLACITA (ID_CITA,FECHA_HORA,ID_PACIENTE,ID_DENTISTA,ID_TRATAMIENTO,ID_MOTIVO) values (52,to_date('07-SEP-24','DD-MON-RR'),52,153,7,3);
Insert into ESTUDIANTE.TABLACITA (ID_CITA,FECHA_HORA,ID_PACIENTE,ID_DENTISTA,ID_TRATAMIENTO,ID_MOTIVO) values (53,to_date('01-AUG-24','DD-MON-RR'),53,11,3,12);
Insert into ESTUDIANTE.TABLACITA (ID_CITA,FECHA_HORA,ID_PACIENTE,ID_DENTISTA,ID_TRATAMIENTO,ID_MOTIVO) values (54,to_date('21-NOV-24','DD-MON-RR'),54,90,20,5);
Insert into ESTUDIANTE.TABLACITA (ID_CITA,FECHA_HORA,ID_PACIENTE,ID_DENTISTA,ID_TRATAMIENTO,ID_MOTIVO) values (55,to_date('15-DEC-24','DD-MON-RR'),55,146,20,2);
Insert into ESTUDIANTE.TABLACITA (ID_CITA,FECHA_HORA,ID_PACIENTE,ID_DENTISTA,ID_TRATAMIENTO,ID_MOTIVO) values (56,to_date('03-DEC-24','DD-MON-RR'),56,172,8,8);
Insert into ESTUDIANTE.TABLACITA (ID_CITA,FECHA_HORA,ID_PACIENTE,ID_DENTISTA,ID_TRATAMIENTO,ID_MOTIVO) values (57,to_date('19-AUG-24','DD-MON-RR'),57,58,16,7);
Insert into ESTUDIANTE.TABLACITA (ID_CITA,FECHA_HORA,ID_PACIENTE,ID_DENTISTA,ID_TRATAMIENTO,ID_MOTIVO) values (58,to_date('17-AUG-24','DD-MON-RR'),58,211,15,11);
Insert into ESTUDIANTE.TABLACITA (ID_CITA,FECHA_HORA,ID_PACIENTE,ID_DENTISTA,ID_TRATAMIENTO,ID_MOTIVO) values (59,to_date('31-OCT-24','DD-MON-RR'),59,53,8,8);
Insert into ESTUDIANTE.TABLACITA (ID_CITA,FECHA_HORA,ID_PACIENTE,ID_DENTISTA,ID_TRATAMIENTO,ID_MOTIVO) values (60,to_date('29-DEC-24','DD-MON-RR'),60,45,7,9);
Insert into ESTUDIANTE.TABLACITA (ID_CITA,FECHA_HORA,ID_PACIENTE,ID_DENTISTA,ID_TRATAMIENTO,ID_MOTIVO) values (61,to_date('14-DEC-24','DD-MON-RR'),61,52,3,7);
Insert into ESTUDIANTE.TABLACITA (ID_CITA,FECHA_HORA,ID_PACIENTE,ID_DENTISTA,ID_TRATAMIENTO,ID_MOTIVO) values (62,to_date('08-OCT-24','DD-MON-RR'),62,183,6,3);
Insert into ESTUDIANTE.TABLACITA (ID_CITA,FECHA_HORA,ID_PACIENTE,ID_DENTISTA,ID_TRATAMIENTO,ID_MOTIVO) values (63,to_date('28-OCT-24','DD-MON-RR'),63,191,13,12);
Insert into ESTUDIANTE.TABLACITA (ID_CITA,FECHA_HORA,ID_PACIENTE,ID_DENTISTA,ID_TRATAMIENTO,ID_MOTIVO) values (64,to_date('17-DEC-24','DD-MON-RR'),64,149,20,2);
Insert into ESTUDIANTE.TABLACITA (ID_CITA,FECHA_HORA,ID_PACIENTE,ID_DENTISTA,ID_TRATAMIENTO,ID_MOTIVO) values (65,to_date('22-JUL-24','DD-MON-RR'),65,69,12,15);
Insert into ESTUDIANTE.TABLACITA (ID_CITA,FECHA_HORA,ID_PACIENTE,ID_DENTISTA,ID_TRATAMIENTO,ID_MOTIVO) values (66,to_date('16-OCT-24','DD-MON-RR'),66,169,13,5);
Insert into ESTUDIANTE.TABLACITA (ID_CITA,FECHA_HORA,ID_PACIENTE,ID_DENTISTA,ID_TRATAMIENTO,ID_MOTIVO) values (67,to_date('29-OCT-24','DD-MON-RR'),67,133,12,11);
Insert into ESTUDIANTE.TABLACITA (ID_CITA,FECHA_HORA,ID_PACIENTE,ID_DENTISTA,ID_TRATAMIENTO,ID_MOTIVO) values (68,to_date('21-AUG-24','DD-MON-RR'),68,92,17,12);
Insert into ESTUDIANTE.TABLACITA (ID_CITA,FECHA_HORA,ID_PACIENTE,ID_DENTISTA,ID_TRATAMIENTO,ID_MOTIVO) values (69,to_date('22-AUG-24','DD-MON-RR'),69,215,11,9);
Insert into ESTUDIANTE.TABLACITA (ID_CITA,FECHA_HORA,ID_PACIENTE,ID_DENTISTA,ID_TRATAMIENTO,ID_MOTIVO) values (70,to_date('05-DEC-24','DD-MON-RR'),70,160,18,4);
Insert into ESTUDIANTE.TABLACITA (ID_CITA,FECHA_HORA,ID_PACIENTE,ID_DENTISTA,ID_TRATAMIENTO,ID_MOTIVO) values (71,to_date('07-NOV-24','DD-MON-RR'),71,211,17,13);
Insert into ESTUDIANTE.TABLACITA (ID_CITA,FECHA_HORA,ID_PACIENTE,ID_DENTISTA,ID_TRATAMIENTO,ID_MOTIVO) values (72,to_date('29-JUL-24','DD-MON-RR'),72,196,5,4);
Insert into ESTUDIANTE.TABLACITA (ID_CITA,FECHA_HORA,ID_PACIENTE,ID_DENTISTA,ID_TRATAMIENTO,ID_MOTIVO) values (73,to_date('30-AUG-24','DD-MON-RR'),73,94,4,8);
Insert into ESTUDIANTE.TABLACITA (ID_CITA,FECHA_HORA,ID_PACIENTE,ID_DENTISTA,ID_TRATAMIENTO,ID_MOTIVO) values (74,to_date('02-AUG-24','DD-MON-RR'),74,178,18,11);
Insert into ESTUDIANTE.TABLACITA (ID_CITA,FECHA_HORA,ID_PACIENTE,ID_DENTISTA,ID_TRATAMIENTO,ID_MOTIVO) values (75,to_date('05-NOV-24','DD-MON-RR'),75,140,13,13);
Insert into ESTUDIANTE.TABLACITA (ID_CITA,FECHA_HORA,ID_PACIENTE,ID_DENTISTA,ID_TRATAMIENTO,ID_MOTIVO) values (76,to_date('19-DEC-24','DD-MON-RR'),76,107,8,14);
Insert into ESTUDIANTE.TABLACITA (ID_CITA,FECHA_HORA,ID_PACIENTE,ID_DENTISTA,ID_TRATAMIENTO,ID_MOTIVO) values (77,to_date('10-AUG-24','DD-MON-RR'),77,99,4,8);
Insert into ESTUDIANTE.TABLACITA (ID_CITA,FECHA_HORA,ID_PACIENTE,ID_DENTISTA,ID_TRATAMIENTO,ID_MOTIVO) values (78,to_date('11-NOV-24','DD-MON-RR'),78,152,15,15);
Insert into ESTUDIANTE.TABLACITA (ID_CITA,FECHA_HORA,ID_PACIENTE,ID_DENTISTA,ID_TRATAMIENTO,ID_MOTIVO) values (79,to_date('25-JUL-24','DD-MON-RR'),79,103,4,14);
Insert into ESTUDIANTE.TABLACITA (ID_CITA,FECHA_HORA,ID_PACIENTE,ID_DENTISTA,ID_TRATAMIENTO,ID_MOTIVO) values (80,to_date('29-DEC-24','DD-MON-RR'),80,107,8,4);
Insert into ESTUDIANTE.TABLACITA (ID_CITA,FECHA_HORA,ID_PACIENTE,ID_DENTISTA,ID_TRATAMIENTO,ID_MOTIVO) values (81,to_date('18-JUL-24','DD-MON-RR'),81,128,2,13);
Insert into ESTUDIANTE.TABLACITA (ID_CITA,FECHA_HORA,ID_PACIENTE,ID_DENTISTA,ID_TRATAMIENTO,ID_MOTIVO) values (82,to_date('09-JUL-24','DD-MON-RR'),82,53,11,14);
Insert into ESTUDIANTE.TABLACITA (ID_CITA,FECHA_HORA,ID_PACIENTE,ID_DENTISTA,ID_TRATAMIENTO,ID_MOTIVO) values (83,to_date('11-NOV-24','DD-MON-RR'),83,153,16,13);
Insert into ESTUDIANTE.TABLACITA (ID_CITA,FECHA_HORA,ID_PACIENTE,ID_DENTISTA,ID_TRATAMIENTO,ID_MOTIVO) values (84,to_date('24-SEP-24','DD-MON-RR'),84,203,2,12);
Insert into ESTUDIANTE.TABLACITA (ID_CITA,FECHA_HORA,ID_PACIENTE,ID_DENTISTA,ID_TRATAMIENTO,ID_MOTIVO) values (85,to_date('23-NOV-24','DD-MON-RR'),85,170,14,2);
Insert into ESTUDIANTE.TABLACITA (ID_CITA,FECHA_HORA,ID_PACIENTE,ID_DENTISTA,ID_TRATAMIENTO,ID_MOTIVO) values (86,to_date('14-SEP-24','DD-MON-RR'),86,177,4,10);
Insert into ESTUDIANTE.TABLACITA (ID_CITA,FECHA_HORA,ID_PACIENTE,ID_DENTISTA,ID_TRATAMIENTO,ID_MOTIVO) values (87,to_date('14-JUL-24','DD-MON-RR'),87,43,20,1);
Insert into ESTUDIANTE.TABLACITA (ID_CITA,FECHA_HORA,ID_PACIENTE,ID_DENTISTA,ID_TRATAMIENTO,ID_MOTIVO) values (88,to_date('27-SEP-24','DD-MON-RR'),88,19,20,9);
Insert into ESTUDIANTE.TABLACITA (ID_CITA,FECHA_HORA,ID_PACIENTE,ID_DENTISTA,ID_TRATAMIENTO,ID_MOTIVO) values (89,to_date('18-SEP-24','DD-MON-RR'),89,3,3,14);
Insert into ESTUDIANTE.TABLACITA (ID_CITA,FECHA_HORA,ID_PACIENTE,ID_DENTISTA,ID_TRATAMIENTO,ID_MOTIVO) values (90,to_date('06-JUL-24','DD-MON-RR'),90,165,17,6);
Insert into ESTUDIANTE.TABLACITA (ID_CITA,FECHA_HORA,ID_PACIENTE,ID_DENTISTA,ID_TRATAMIENTO,ID_MOTIVO) values (91,to_date('23-OCT-24','DD-MON-RR'),91,150,19,9);
Insert into ESTUDIANTE.TABLACITA (ID_CITA,FECHA_HORA,ID_PACIENTE,ID_DENTISTA,ID_TRATAMIENTO,ID_MOTIVO) values (92,to_date('14-DEC-24','DD-MON-RR'),92,86,8,7);
Insert into ESTUDIANTE.TABLACITA (ID_CITA,FECHA_HORA,ID_PACIENTE,ID_DENTISTA,ID_TRATAMIENTO,ID_MOTIVO) values (93,to_date('09-JUL-24','DD-MON-RR'),93,77,19,6);
Insert into ESTUDIANTE.TABLACITA (ID_CITA,FECHA_HORA,ID_PACIENTE,ID_DENTISTA,ID_TRATAMIENTO,ID_MOTIVO) values (94,to_date('03-NOV-24','DD-MON-RR'),94,14,8,6);
Insert into ESTUDIANTE.TABLACITA (ID_CITA,FECHA_HORA,ID_PACIENTE,ID_DENTISTA,ID_TRATAMIENTO,ID_MOTIVO) values (95,to_date('30-JUN-24','DD-MON-RR'),95,126,9,13);
Insert into ESTUDIANTE.TABLACITA (ID_CITA,FECHA_HORA,ID_PACIENTE,ID_DENTISTA,ID_TRATAMIENTO,ID_MOTIVO) values (96,to_date('20-DEC-24','DD-MON-RR'),96,159,13,15);
Insert into ESTUDIANTE.TABLACITA (ID_CITA,FECHA_HORA,ID_PACIENTE,ID_DENTISTA,ID_TRATAMIENTO,ID_MOTIVO) values (97,to_date('18-AUG-24','DD-MON-RR'),97,155,8,9);
Insert into ESTUDIANTE.TABLACITA (ID_CITA,FECHA_HORA,ID_PACIENTE,ID_DENTISTA,ID_TRATAMIENTO,ID_MOTIVO) values (98,to_date('18-DEC-24','DD-MON-RR'),98,86,3,14);
Insert into ESTUDIANTE.TABLACITA (ID_CITA,FECHA_HORA,ID_PACIENTE,ID_DENTISTA,ID_TRATAMIENTO,ID_MOTIVO) values (99,to_date('10-OCT-24','DD-MON-RR'),99,155,13,6);
Insert into ESTUDIANTE.TABLACITA (ID_CITA,FECHA_HORA,ID_PACIENTE,ID_DENTISTA,ID_TRATAMIENTO,ID_MOTIVO) values (100,to_date('11-NOV-24','DD-MON-RR'),100,180,9,1);
Insert into ESTUDIANTE.TABLACITA (ID_CITA,FECHA_HORA,ID_PACIENTE,ID_DENTISTA,ID_TRATAMIENTO,ID_MOTIVO) values (101,to_date('03-DEC-24','DD-MON-RR'),101,190,19,13);
Insert into ESTUDIANTE.TABLACITA (ID_CITA,FECHA_HORA,ID_PACIENTE,ID_DENTISTA,ID_TRATAMIENTO,ID_MOTIVO) values (102,to_date('05-DEC-24','DD-MON-RR'),102,60,16,13);
Insert into ESTUDIANTE.TABLACITA (ID_CITA,FECHA_HORA,ID_PACIENTE,ID_DENTISTA,ID_TRATAMIENTO,ID_MOTIVO) values (103,to_date('09-AUG-24','DD-MON-RR'),103,142,15,8);
Insert into ESTUDIANTE.TABLACITA (ID_CITA,FECHA_HORA,ID_PACIENTE,ID_DENTISTA,ID_TRATAMIENTO,ID_MOTIVO) values (104,to_date('20-NOV-24','DD-MON-RR'),104,29,15,9);
Insert into ESTUDIANTE.TABLACITA (ID_CITA,FECHA_HORA,ID_PACIENTE,ID_DENTISTA,ID_TRATAMIENTO,ID_MOTIVO) values (105,to_date('03-AUG-24','DD-MON-RR'),105,41,12,5);
Insert into ESTUDIANTE.TABLACITA (ID_CITA,FECHA_HORA,ID_PACIENTE,ID_DENTISTA,ID_TRATAMIENTO,ID_MOTIVO) values (106,to_date('21-NOV-24','DD-MON-RR'),106,177,12,8);
Insert into ESTUDIANTE.TABLACITA (ID_CITA,FECHA_HORA,ID_PACIENTE,ID_DENTISTA,ID_TRATAMIENTO,ID_MOTIVO) values (107,to_date('28-OCT-24','DD-MON-RR'),107,173,18,2);
Insert into ESTUDIANTE.TABLACITA (ID_CITA,FECHA_HORA,ID_PACIENTE,ID_DENTISTA,ID_TRATAMIENTO,ID_MOTIVO) values (108,to_date('27-DEC-24','DD-MON-RR'),108,90,2,11);
Insert into ESTUDIANTE.TABLACITA (ID_CITA,FECHA_HORA,ID_PACIENTE,ID_DENTISTA,ID_TRATAMIENTO,ID_MOTIVO) values (109,to_date('03-JUL-24','DD-MON-RR'),109,103,2,2);
Insert into ESTUDIANTE.TABLACITA (ID_CITA,FECHA_HORA,ID_PACIENTE,ID_DENTISTA,ID_TRATAMIENTO,ID_MOTIVO) values (110,to_date('26-JUL-24','DD-MON-RR'),110,87,1,8);
Insert into ESTUDIANTE.TABLACITA (ID_CITA,FECHA_HORA,ID_PACIENTE,ID_DENTISTA,ID_TRATAMIENTO,ID_MOTIVO) values (111,to_date('09-OCT-24','DD-MON-RR'),111,143,12,10);
Insert into ESTUDIANTE.TABLACITA (ID_CITA,FECHA_HORA,ID_PACIENTE,ID_DENTISTA,ID_TRATAMIENTO,ID_MOTIVO) values (112,to_date('25-JUL-24','DD-MON-RR'),112,47,18,4);
Insert into ESTUDIANTE.TABLACITA (ID_CITA,FECHA_HORA,ID_PACIENTE,ID_DENTISTA,ID_TRATAMIENTO,ID_MOTIVO) values (113,to_date('14-DEC-24','DD-MON-RR'),113,37,5,3);
Insert into ESTUDIANTE.TABLACITA (ID_CITA,FECHA_HORA,ID_PACIENTE,ID_DENTISTA,ID_TRATAMIENTO,ID_MOTIVO) values (114,to_date('27-NOV-24','DD-MON-RR'),114,143,8,12);
Insert into ESTUDIANTE.TABLACITA (ID_CITA,FECHA_HORA,ID_PACIENTE,ID_DENTISTA,ID_TRATAMIENTO,ID_MOTIVO) values (115,to_date('12-NOV-24','DD-MON-RR'),115,182,15,13);
Insert into ESTUDIANTE.TABLACITA (ID_CITA,FECHA_HORA,ID_PACIENTE,ID_DENTISTA,ID_TRATAMIENTO,ID_MOTIVO) values (116,to_date('20-AUG-24','DD-MON-RR'),116,52,3,12);
Insert into ESTUDIANTE.TABLACITA (ID_CITA,FECHA_HORA,ID_PACIENTE,ID_DENTISTA,ID_TRATAMIENTO,ID_MOTIVO) values (117,to_date('30-JUL-24','DD-MON-RR'),117,213,15,4);
Insert into ESTUDIANTE.TABLACITA (ID_CITA,FECHA_HORA,ID_PACIENTE,ID_DENTISTA,ID_TRATAMIENTO,ID_MOTIVO) values (118,to_date('02-AUG-24','DD-MON-RR'),118,150,18,2);
Insert into ESTUDIANTE.TABLACITA (ID_CITA,FECHA_HORA,ID_PACIENTE,ID_DENTISTA,ID_TRATAMIENTO,ID_MOTIVO) values (119,to_date('02-OCT-24','DD-MON-RR'),119,68,4,4);
Insert into ESTUDIANTE.TABLACITA (ID_CITA,FECHA_HORA,ID_PACIENTE,ID_DENTISTA,ID_TRATAMIENTO,ID_MOTIVO) values (120,to_date('09-OCT-24','DD-MON-RR'),120,81,20,10);
Insert into ESTUDIANTE.TABLACITA (ID_CITA,FECHA_HORA,ID_PACIENTE,ID_DENTISTA,ID_TRATAMIENTO,ID_MOTIVO) values (121,to_date('12-AUG-24','DD-MON-RR'),121,35,6,6);
Insert into ESTUDIANTE.TABLACITA (ID_CITA,FECHA_HORA,ID_PACIENTE,ID_DENTISTA,ID_TRATAMIENTO,ID_MOTIVO) values (122,to_date('01-NOV-24','DD-MON-RR'),122,17,12,13);
Insert into ESTUDIANTE.TABLACITA (ID_CITA,FECHA_HORA,ID_PACIENTE,ID_DENTISTA,ID_TRATAMIENTO,ID_MOTIVO) values (123,to_date('10-DEC-24','DD-MON-RR'),123,115,18,3);
Insert into ESTUDIANTE.TABLACITA (ID_CITA,FECHA_HORA,ID_PACIENTE,ID_DENTISTA,ID_TRATAMIENTO,ID_MOTIVO) values (124,to_date('29-OCT-24','DD-MON-RR'),124,138,12,2);
Insert into ESTUDIANTE.TABLACITA (ID_CITA,FECHA_HORA,ID_PACIENTE,ID_DENTISTA,ID_TRATAMIENTO,ID_MOTIVO) values (125,to_date('08-SEP-24','DD-MON-RR'),125,170,1,11);
Insert into ESTUDIANTE.TABLACITA (ID_CITA,FECHA_HORA,ID_PACIENTE,ID_DENTISTA,ID_TRATAMIENTO,ID_MOTIVO) values (126,to_date('16-AUG-24','DD-MON-RR'),126,66,3,6);
Insert into ESTUDIANTE.TABLACITA (ID_CITA,FECHA_HORA,ID_PACIENTE,ID_DENTISTA,ID_TRATAMIENTO,ID_MOTIVO) values (127,to_date('23-OCT-24','DD-MON-RR'),127,157,15,12);
Insert into ESTUDIANTE.TABLACITA (ID_CITA,FECHA_HORA,ID_PACIENTE,ID_DENTISTA,ID_TRATAMIENTO,ID_MOTIVO) values (128,to_date('25-AUG-24','DD-MON-RR'),128,183,13,13);
Insert into ESTUDIANTE.TABLACITA (ID_CITA,FECHA_HORA,ID_PACIENTE,ID_DENTISTA,ID_TRATAMIENTO,ID_MOTIVO) values (129,to_date('19-SEP-24','DD-MON-RR'),129,78,5,8);
Insert into ESTUDIANTE.TABLACITA (ID_CITA,FECHA_HORA,ID_PACIENTE,ID_DENTISTA,ID_TRATAMIENTO,ID_MOTIVO) values (130,to_date('31-OCT-24','DD-MON-RR'),130,92,9,9);
Insert into ESTUDIANTE.TABLACITA (ID_CITA,FECHA_HORA,ID_PACIENTE,ID_DENTISTA,ID_TRATAMIENTO,ID_MOTIVO) values (131,to_date('09-NOV-24','DD-MON-RR'),131,6,10,13);
Insert into ESTUDIANTE.TABLACITA (ID_CITA,FECHA_HORA,ID_PACIENTE,ID_DENTISTA,ID_TRATAMIENTO,ID_MOTIVO) values (132,to_date('24-SEP-24','DD-MON-RR'),132,83,17,15);
Insert into ESTUDIANTE.TABLACITA (ID_CITA,FECHA_HORA,ID_PACIENTE,ID_DENTISTA,ID_TRATAMIENTO,ID_MOTIVO) values (133,to_date('07-OCT-24','DD-MON-RR'),133,35,5,8);
Insert into ESTUDIANTE.TABLACITA (ID_CITA,FECHA_HORA,ID_PACIENTE,ID_DENTISTA,ID_TRATAMIENTO,ID_MOTIVO) values (134,to_date('28-SEP-24','DD-MON-RR'),134,117,6,9);
Insert into ESTUDIANTE.TABLACITA (ID_CITA,FECHA_HORA,ID_PACIENTE,ID_DENTISTA,ID_TRATAMIENTO,ID_MOTIVO) values (135,to_date('19-OCT-24','DD-MON-RR'),135,37,16,11);
Insert into ESTUDIANTE.TABLACITA (ID_CITA,FECHA_HORA,ID_PACIENTE,ID_DENTISTA,ID_TRATAMIENTO,ID_MOTIVO) values (136,to_date('19-DEC-24','DD-MON-RR'),136,188,14,10);
Insert into ESTUDIANTE.TABLACITA (ID_CITA,FECHA_HORA,ID_PACIENTE,ID_DENTISTA,ID_TRATAMIENTO,ID_MOTIVO) values (137,to_date('23-DEC-24','DD-MON-RR'),137,87,5,7);
Insert into ESTUDIANTE.TABLACITA (ID_CITA,FECHA_HORA,ID_PACIENTE,ID_DENTISTA,ID_TRATAMIENTO,ID_MOTIVO) values (138,to_date('06-DEC-24','DD-MON-RR'),138,83,6,12);
Insert into ESTUDIANTE.TABLACITA (ID_CITA,FECHA_HORA,ID_PACIENTE,ID_DENTISTA,ID_TRATAMIENTO,ID_MOTIVO) values (139,to_date('15-SEP-24','DD-MON-RR'),139,51,16,11);
Insert into ESTUDIANTE.TABLACITA (ID_CITA,FECHA_HORA,ID_PACIENTE,ID_DENTISTA,ID_TRATAMIENTO,ID_MOTIVO) values (140,to_date('18-JUL-24','DD-MON-RR'),140,101,18,2);
Insert into ESTUDIANTE.TABLACITA (ID_CITA,FECHA_HORA,ID_PACIENTE,ID_DENTISTA,ID_TRATAMIENTO,ID_MOTIVO) values (141,to_date('12-NOV-24','DD-MON-RR'),141,171,1,10);
Insert into ESTUDIANTE.TABLACITA (ID_CITA,FECHA_HORA,ID_PACIENTE,ID_DENTISTA,ID_TRATAMIENTO,ID_MOTIVO) values (142,to_date('03-NOV-24','DD-MON-RR'),142,109,8,3);
Insert into ESTUDIANTE.TABLACITA (ID_CITA,FECHA_HORA,ID_PACIENTE,ID_DENTISTA,ID_TRATAMIENTO,ID_MOTIVO) values (143,to_date('08-DEC-24','DD-MON-RR'),143,196,10,10);
Insert into ESTUDIANTE.TABLACITA (ID_CITA,FECHA_HORA,ID_PACIENTE,ID_DENTISTA,ID_TRATAMIENTO,ID_MOTIVO) values (144,to_date('15-AUG-24','DD-MON-RR'),144,124,7,11);
Insert into ESTUDIANTE.TABLACITA (ID_CITA,FECHA_HORA,ID_PACIENTE,ID_DENTISTA,ID_TRATAMIENTO,ID_MOTIVO) values (145,to_date('30-NOV-24','DD-MON-RR'),145,147,3,12);
Insert into ESTUDIANTE.TABLACITA (ID_CITA,FECHA_HORA,ID_PACIENTE,ID_DENTISTA,ID_TRATAMIENTO,ID_MOTIVO) values (146,to_date('01-AUG-24','DD-MON-RR'),146,81,16,5);
Insert into ESTUDIANTE.TABLACITA (ID_CITA,FECHA_HORA,ID_PACIENTE,ID_DENTISTA,ID_TRATAMIENTO,ID_MOTIVO) values (147,to_date('14-SEP-24','DD-MON-RR'),147,168,8,15);
Insert into ESTUDIANTE.TABLACITA (ID_CITA,FECHA_HORA,ID_PACIENTE,ID_DENTISTA,ID_TRATAMIENTO,ID_MOTIVO) values (148,to_date('28-OCT-24','DD-MON-RR'),148,143,18,15);
Insert into ESTUDIANTE.TABLACITA (ID_CITA,FECHA_HORA,ID_PACIENTE,ID_DENTISTA,ID_TRATAMIENTO,ID_MOTIVO) values (149,to_date('21-JUL-24','DD-MON-RR'),149,215,18,3);
Insert into ESTUDIANTE.TABLACITA (ID_CITA,FECHA_HORA,ID_PACIENTE,ID_DENTISTA,ID_TRATAMIENTO,ID_MOTIVO) values (150,to_date('29-OCT-24','DD-MON-RR'),150,38,5,12);
Insert into ESTUDIANTE.TABLACITA (ID_CITA,FECHA_HORA,ID_PACIENTE,ID_DENTISTA,ID_TRATAMIENTO,ID_MOTIVO) values (151,to_date('13-SEP-24','DD-MON-RR'),151,141,6,11);
Insert into ESTUDIANTE.TABLACITA (ID_CITA,FECHA_HORA,ID_PACIENTE,ID_DENTISTA,ID_TRATAMIENTO,ID_MOTIVO) values (152,to_date('10-JUL-24','DD-MON-RR'),152,116,6,12);
Insert into ESTUDIANTE.TABLACITA (ID_CITA,FECHA_HORA,ID_PACIENTE,ID_DENTISTA,ID_TRATAMIENTO,ID_MOTIVO) values (153,to_date('08-OCT-24','DD-MON-RR'),153,30,20,15);
Insert into ESTUDIANTE.TABLACITA (ID_CITA,FECHA_HORA,ID_PACIENTE,ID_DENTISTA,ID_TRATAMIENTO,ID_MOTIVO) values (154,to_date('26-SEP-24','DD-MON-RR'),154,67,19,3);
Insert into ESTUDIANTE.TABLACITA (ID_CITA,FECHA_HORA,ID_PACIENTE,ID_DENTISTA,ID_TRATAMIENTO,ID_MOTIVO) values (155,to_date('12-OCT-24','DD-MON-RR'),155,116,11,8);
Insert into ESTUDIANTE.TABLACITA (ID_CITA,FECHA_HORA,ID_PACIENTE,ID_DENTISTA,ID_TRATAMIENTO,ID_MOTIVO) values (156,to_date('11-JUL-24','DD-MON-RR'),156,127,19,14);
Insert into ESTUDIANTE.TABLACITA (ID_CITA,FECHA_HORA,ID_PACIENTE,ID_DENTISTA,ID_TRATAMIENTO,ID_MOTIVO) values (157,to_date('22-JUL-24','DD-MON-RR'),157,54,1,3);
Insert into ESTUDIANTE.TABLACITA (ID_CITA,FECHA_HORA,ID_PACIENTE,ID_DENTISTA,ID_TRATAMIENTO,ID_MOTIVO) values (158,to_date('05-OCT-24','DD-MON-RR'),158,65,3,6);
Insert into ESTUDIANTE.TABLACITA (ID_CITA,FECHA_HORA,ID_PACIENTE,ID_DENTISTA,ID_TRATAMIENTO,ID_MOTIVO) values (159,to_date('26-NOV-24','DD-MON-RR'),159,97,11,10);
Insert into ESTUDIANTE.TABLACITA (ID_CITA,FECHA_HORA,ID_PACIENTE,ID_DENTISTA,ID_TRATAMIENTO,ID_MOTIVO) values (160,to_date('02-NOV-24','DD-MON-RR'),160,134,8,5);
Insert into ESTUDIANTE.TABLACITA (ID_CITA,FECHA_HORA,ID_PACIENTE,ID_DENTISTA,ID_TRATAMIENTO,ID_MOTIVO) values (161,to_date('05-SEP-24','DD-MON-RR'),161,96,17,4);
Insert into ESTUDIANTE.TABLACITA (ID_CITA,FECHA_HORA,ID_PACIENTE,ID_DENTISTA,ID_TRATAMIENTO,ID_MOTIVO) values (162,to_date('31-OCT-24','DD-MON-RR'),162,18,11,14);
Insert into ESTUDIANTE.TABLACITA (ID_CITA,FECHA_HORA,ID_PACIENTE,ID_DENTISTA,ID_TRATAMIENTO,ID_MOTIVO) values (163,to_date('15-NOV-24','DD-MON-RR'),163,43,5,9);
Insert into ESTUDIANTE.TABLACITA (ID_CITA,FECHA_HORA,ID_PACIENTE,ID_DENTISTA,ID_TRATAMIENTO,ID_MOTIVO) values (164,to_date('10-AUG-24','DD-MON-RR'),164,165,20,12);
Insert into ESTUDIANTE.TABLACITA (ID_CITA,FECHA_HORA,ID_PACIENTE,ID_DENTISTA,ID_TRATAMIENTO,ID_MOTIVO) values (165,to_date('04-NOV-24','DD-MON-RR'),165,213,16,1);
Insert into ESTUDIANTE.TABLACITA (ID_CITA,FECHA_HORA,ID_PACIENTE,ID_DENTISTA,ID_TRATAMIENTO,ID_MOTIVO) values (166,to_date('22-DEC-24','DD-MON-RR'),166,140,8,14);
Insert into ESTUDIANTE.TABLACITA (ID_CITA,FECHA_HORA,ID_PACIENTE,ID_DENTISTA,ID_TRATAMIENTO,ID_MOTIVO) values (167,to_date('11-OCT-24','DD-MON-RR'),167,5,12,10);
Insert into ESTUDIANTE.TABLACITA (ID_CITA,FECHA_HORA,ID_PACIENTE,ID_DENTISTA,ID_TRATAMIENTO,ID_MOTIVO) values (168,to_date('21-DEC-24','DD-MON-RR'),168,86,10,11);
Insert into ESTUDIANTE.TABLACITA (ID_CITA,FECHA_HORA,ID_PACIENTE,ID_DENTISTA,ID_TRATAMIENTO,ID_MOTIVO) values (169,to_date('28-SEP-24','DD-MON-RR'),169,101,4,5);
Insert into ESTUDIANTE.TABLACITA (ID_CITA,FECHA_HORA,ID_PACIENTE,ID_DENTISTA,ID_TRATAMIENTO,ID_MOTIVO) values (170,to_date('08-DEC-24','DD-MON-RR'),170,203,16,10);
Insert into ESTUDIANTE.TABLACITA (ID_CITA,FECHA_HORA,ID_PACIENTE,ID_DENTISTA,ID_TRATAMIENTO,ID_MOTIVO) values (171,to_date('16-AUG-24','DD-MON-RR'),171,200,18,3);
Insert into ESTUDIANTE.TABLACITA (ID_CITA,FECHA_HORA,ID_PACIENTE,ID_DENTISTA,ID_TRATAMIENTO,ID_MOTIVO) values (172,to_date('19-DEC-24','DD-MON-RR'),172,167,2,1);
Insert into ESTUDIANTE.TABLACITA (ID_CITA,FECHA_HORA,ID_PACIENTE,ID_DENTISTA,ID_TRATAMIENTO,ID_MOTIVO) values (173,to_date('10-DEC-24','DD-MON-RR'),173,35,3,6);
Insert into ESTUDIANTE.TABLACITA (ID_CITA,FECHA_HORA,ID_PACIENTE,ID_DENTISTA,ID_TRATAMIENTO,ID_MOTIVO) values (174,to_date('07-SEP-24','DD-MON-RR'),174,198,12,5);
Insert into ESTUDIANTE.TABLACITA (ID_CITA,FECHA_HORA,ID_PACIENTE,ID_DENTISTA,ID_TRATAMIENTO,ID_MOTIVO) values (175,to_date('29-OCT-24','DD-MON-RR'),175,141,20,14);
Insert into ESTUDIANTE.TABLACITA (ID_CITA,FECHA_HORA,ID_PACIENTE,ID_DENTISTA,ID_TRATAMIENTO,ID_MOTIVO) values (176,to_date('30-AUG-24','DD-MON-RR'),176,182,1,14);
Insert into ESTUDIANTE.TABLACITA (ID_CITA,FECHA_HORA,ID_PACIENTE,ID_DENTISTA,ID_TRATAMIENTO,ID_MOTIVO) values (177,to_date('14-SEP-24','DD-MON-RR'),177,207,15,11);
Insert into ESTUDIANTE.TABLACITA (ID_CITA,FECHA_HORA,ID_PACIENTE,ID_DENTISTA,ID_TRATAMIENTO,ID_MOTIVO) values (178,to_date('26-SEP-24','DD-MON-RR'),178,179,18,2);
Insert into ESTUDIANTE.TABLACITA (ID_CITA,FECHA_HORA,ID_PACIENTE,ID_DENTISTA,ID_TRATAMIENTO,ID_MOTIVO) values (179,to_date('09-AUG-24','DD-MON-RR'),179,151,14,7);
Insert into ESTUDIANTE.TABLACITA (ID_CITA,FECHA_HORA,ID_PACIENTE,ID_DENTISTA,ID_TRATAMIENTO,ID_MOTIVO) values (180,to_date('27-NOV-24','DD-MON-RR'),180,163,9,9);
Insert into ESTUDIANTE.TABLACITA (ID_CITA,FECHA_HORA,ID_PACIENTE,ID_DENTISTA,ID_TRATAMIENTO,ID_MOTIVO) values (181,to_date('23-NOV-24','DD-MON-RR'),181,29,2,14);
Insert into ESTUDIANTE.TABLACITA (ID_CITA,FECHA_HORA,ID_PACIENTE,ID_DENTISTA,ID_TRATAMIENTO,ID_MOTIVO) values (182,to_date('22-JUL-24','DD-MON-RR'),182,197,5,15);
Insert into ESTUDIANTE.TABLACITA (ID_CITA,FECHA_HORA,ID_PACIENTE,ID_DENTISTA,ID_TRATAMIENTO,ID_MOTIVO) values (183,to_date('23-DEC-24','DD-MON-RR'),183,134,15,2);
Insert into ESTUDIANTE.TABLACITA (ID_CITA,FECHA_HORA,ID_PACIENTE,ID_DENTISTA,ID_TRATAMIENTO,ID_MOTIVO) values (184,to_date('11-AUG-24','DD-MON-RR'),184,54,12,6);
Insert into ESTUDIANTE.TABLACITA (ID_CITA,FECHA_HORA,ID_PACIENTE,ID_DENTISTA,ID_TRATAMIENTO,ID_MOTIVO) values (185,to_date('15-DEC-24','DD-MON-RR'),185,142,20,4);
Insert into ESTUDIANTE.TABLACITA (ID_CITA,FECHA_HORA,ID_PACIENTE,ID_DENTISTA,ID_TRATAMIENTO,ID_MOTIVO) values (186,to_date('25-OCT-24','DD-MON-RR'),186,115,7,2);
Insert into ESTUDIANTE.TABLACITA (ID_CITA,FECHA_HORA,ID_PACIENTE,ID_DENTISTA,ID_TRATAMIENTO,ID_MOTIVO) values (187,to_date('24-JUL-24','DD-MON-RR'),187,93,7,1);
Insert into ESTUDIANTE.TABLACITA (ID_CITA,FECHA_HORA,ID_PACIENTE,ID_DENTISTA,ID_TRATAMIENTO,ID_MOTIVO) values (188,to_date('02-NOV-24','DD-MON-RR'),188,146,9,1);
Insert into ESTUDIANTE.TABLACITA (ID_CITA,FECHA_HORA,ID_PACIENTE,ID_DENTISTA,ID_TRATAMIENTO,ID_MOTIVO) values (189,to_date('01-DEC-24','DD-MON-RR'),189,165,3,9);
Insert into ESTUDIANTE.TABLACITA (ID_CITA,FECHA_HORA,ID_PACIENTE,ID_DENTISTA,ID_TRATAMIENTO,ID_MOTIVO) values (190,to_date('06-DEC-24','DD-MON-RR'),190,8,11,8);
Insert into ESTUDIANTE.TABLACITA (ID_CITA,FECHA_HORA,ID_PACIENTE,ID_DENTISTA,ID_TRATAMIENTO,ID_MOTIVO) values (191,to_date('18-DEC-24','DD-MON-RR'),191,105,5,10);
Insert into ESTUDIANTE.TABLACITA (ID_CITA,FECHA_HORA,ID_PACIENTE,ID_DENTISTA,ID_TRATAMIENTO,ID_MOTIVO) values (192,to_date('11-NOV-24','DD-MON-RR'),192,96,5,5);
Insert into ESTUDIANTE.TABLACITA (ID_CITA,FECHA_HORA,ID_PACIENTE,ID_DENTISTA,ID_TRATAMIENTO,ID_MOTIVO) values (193,to_date('10-AUG-24','DD-MON-RR'),193,188,4,15);
Insert into ESTUDIANTE.TABLACITA (ID_CITA,FECHA_HORA,ID_PACIENTE,ID_DENTISTA,ID_TRATAMIENTO,ID_MOTIVO) values (194,to_date('04-AUG-24','DD-MON-RR'),194,129,19,3);
Insert into ESTUDIANTE.TABLACITA (ID_CITA,FECHA_HORA,ID_PACIENTE,ID_DENTISTA,ID_TRATAMIENTO,ID_MOTIVO) values (195,to_date('12-AUG-24','DD-MON-RR'),195,87,1,9);
Insert into ESTUDIANTE.TABLACITA (ID_CITA,FECHA_HORA,ID_PACIENTE,ID_DENTISTA,ID_TRATAMIENTO,ID_MOTIVO) values (196,to_date('21-OCT-24','DD-MON-RR'),196,189,6,6);
Insert into ESTUDIANTE.TABLACITA (ID_CITA,FECHA_HORA,ID_PACIENTE,ID_DENTISTA,ID_TRATAMIENTO,ID_MOTIVO) values (197,to_date('04-AUG-24','DD-MON-RR'),197,20,17,13);
Insert into ESTUDIANTE.TABLACITA (ID_CITA,FECHA_HORA,ID_PACIENTE,ID_DENTISTA,ID_TRATAMIENTO,ID_MOTIVO) values (198,to_date('13-AUG-24','DD-MON-RR'),198,113,7,6);
Insert into ESTUDIANTE.TABLACITA (ID_CITA,FECHA_HORA,ID_PACIENTE,ID_DENTISTA,ID_TRATAMIENTO,ID_MOTIVO) values (199,to_date('11-AUG-24','DD-MON-RR'),199,187,13,9);
Insert into ESTUDIANTE.TABLACITA (ID_CITA,FECHA_HORA,ID_PACIENTE,ID_DENTISTA,ID_TRATAMIENTO,ID_MOTIVO) values (200,to_date('03-JUL-24','DD-MON-RR'),200,175,13,8);
Insert into ESTUDIANTE.TABLACITA (ID_CITA,FECHA_HORA,ID_PACIENTE,ID_DENTISTA,ID_TRATAMIENTO,ID_MOTIVO) values (201,to_date('10-DEC-24','DD-MON-RR'),201,131,9,1);
Insert into ESTUDIANTE.TABLACITA (ID_CITA,FECHA_HORA,ID_PACIENTE,ID_DENTISTA,ID_TRATAMIENTO,ID_MOTIVO) values (202,to_date('06-NOV-24','DD-MON-RR'),202,132,12,8);
Insert into ESTUDIANTE.TABLACITA (ID_CITA,FECHA_HORA,ID_PACIENTE,ID_DENTISTA,ID_TRATAMIENTO,ID_MOTIVO) values (203,to_date('24-JUL-24','DD-MON-RR'),203,29,17,10);
Insert into ESTUDIANTE.TABLACITA (ID_CITA,FECHA_HORA,ID_PACIENTE,ID_DENTISTA,ID_TRATAMIENTO,ID_MOTIVO) values (204,to_date('18-DEC-24','DD-MON-RR'),204,42,9,2);
Insert into ESTUDIANTE.TABLACITA (ID_CITA,FECHA_HORA,ID_PACIENTE,ID_DENTISTA,ID_TRATAMIENTO,ID_MOTIVO) values (205,to_date('06-AUG-24','DD-MON-RR'),205,39,2,11);
Insert into ESTUDIANTE.TABLACITA (ID_CITA,FECHA_HORA,ID_PACIENTE,ID_DENTISTA,ID_TRATAMIENTO,ID_MOTIVO) values (206,to_date('17-OCT-24','DD-MON-RR'),206,156,6,1);
Insert into ESTUDIANTE.TABLACITA (ID_CITA,FECHA_HORA,ID_PACIENTE,ID_DENTISTA,ID_TRATAMIENTO,ID_MOTIVO) values (207,to_date('31-AUG-24','DD-MON-RR'),207,120,2,6);
Insert into ESTUDIANTE.TABLACITA (ID_CITA,FECHA_HORA,ID_PACIENTE,ID_DENTISTA,ID_TRATAMIENTO,ID_MOTIVO) values (208,to_date('13-JUL-24','DD-MON-RR'),208,32,19,3);
Insert into ESTUDIANTE.TABLACITA (ID_CITA,FECHA_HORA,ID_PACIENTE,ID_DENTISTA,ID_TRATAMIENTO,ID_MOTIVO) values (209,to_date('11-SEP-24','DD-MON-RR'),209,161,6,12);
Insert into ESTUDIANTE.TABLACITA (ID_CITA,FECHA_HORA,ID_PACIENTE,ID_DENTISTA,ID_TRATAMIENTO,ID_MOTIVO) values (210,to_date('01-AUG-24','DD-MON-RR'),210,151,16,5);
Insert into ESTUDIANTE.TABLACITA (ID_CITA,FECHA_HORA,ID_PACIENTE,ID_DENTISTA,ID_TRATAMIENTO,ID_MOTIVO) values (211,to_date('09-JUL-24','DD-MON-RR'),211,142,11,6);
Insert into ESTUDIANTE.TABLACITA (ID_CITA,FECHA_HORA,ID_PACIENTE,ID_DENTISTA,ID_TRATAMIENTO,ID_MOTIVO) values (212,to_date('03-AUG-24','DD-MON-RR'),212,46,5,6);
Insert into ESTUDIANTE.TABLACITA (ID_CITA,FECHA_HORA,ID_PACIENTE,ID_DENTISTA,ID_TRATAMIENTO,ID_MOTIVO) values (213,to_date('02-JUL-24','DD-MON-RR'),213,33,15,13);
Insert into ESTUDIANTE.TABLACITA (ID_CITA,FECHA_HORA,ID_PACIENTE,ID_DENTISTA,ID_TRATAMIENTO,ID_MOTIVO) values (214,to_date('23-JUL-24','DD-MON-RR'),214,138,13,7);
Insert into ESTUDIANTE.TABLACITA (ID_CITA,FECHA_HORA,ID_PACIENTE,ID_DENTISTA,ID_TRATAMIENTO,ID_MOTIVO) values (215,to_date('07-NOV-24','DD-MON-RR'),215,203,1,12);
REM INSERTING into ESTUDIANTE.TABLADENTISTA
SET DEFINE OFF;
Insert into ESTUDIANTE.TABLADENTISTA (ID_DENTISTA,NOMBRE_DENTISTA,TELEFONO_DENTISTA,EMAIL_DENTISTA,ID_ESPECIALIDAD,ID_ESTADO) values (16,'Briney Naor',92907024,'Briney.Naor@yopmail.com',2,1);
Insert into ESTUDIANTE.TABLADENTISTA (ID_DENTISTA,NOMBRE_DENTISTA,TELEFONO_DENTISTA,EMAIL_DENTISTA,ID_ESPECIALIDAD,ID_ESTADO) values (17,'Robbi Donell',71250841,'Robbi.Donell@yopmail.com',6,2);
Insert into ESTUDIANTE.TABLADENTISTA (ID_DENTISTA,NOMBRE_DENTISTA,TELEFONO_DENTISTA,EMAIL_DENTISTA,ID_ESPECIALIDAD,ID_ESTADO) values (18,'Mireielle Shaver',53450449,'Mireielle.Shaver@yopmail.com',11,2);
Insert into ESTUDIANTE.TABLADENTISTA (ID_DENTISTA,NOMBRE_DENTISTA,TELEFONO_DENTISTA,EMAIL_DENTISTA,ID_ESPECIALIDAD,ID_ESTADO) values (19,'Di Yuille',80435199,'Di.Yuille@yopmail.com',10,2);
Insert into ESTUDIANTE.TABLADENTISTA (ID_DENTISTA,NOMBRE_DENTISTA,TELEFONO_DENTISTA,EMAIL_DENTISTA,ID_ESPECIALIDAD,ID_ESTADO) values (20,'Bernie Bandeen',92408187,'Bernie.Bandeen@yopmail.com',11,2);
Insert into ESTUDIANTE.TABLADENTISTA (ID_DENTISTA,NOMBRE_DENTISTA,TELEFONO_DENTISTA,EMAIL_DENTISTA,ID_ESPECIALIDAD,ID_ESTADO) values (21,'Lyssa Vorster',79567067,'Lyssa.Vorster@yopmail.com',7,1);
Insert into ESTUDIANTE.TABLADENTISTA (ID_DENTISTA,NOMBRE_DENTISTA,TELEFONO_DENTISTA,EMAIL_DENTISTA,ID_ESPECIALIDAD,ID_ESTADO) values (22,'Sabina Justinn',26952191,'Sabina.Justinn@yopmail.com',12,2);
Insert into ESTUDIANTE.TABLADENTISTA (ID_DENTISTA,NOMBRE_DENTISTA,TELEFONO_DENTISTA,EMAIL_DENTISTA,ID_ESPECIALIDAD,ID_ESTADO) values (23,'Ofilia Karl',22482117,'Ofilia.Karl@yopmail.com',8,1);
Insert into ESTUDIANTE.TABLADENTISTA (ID_DENTISTA,NOMBRE_DENTISTA,TELEFONO_DENTISTA,EMAIL_DENTISTA,ID_ESPECIALIDAD,ID_ESTADO) values (24,'Kirbee Elephus',39043779,'Kirbee.Elephus@yopmail.com',7,2);
Insert into ESTUDIANTE.TABLADENTISTA (ID_DENTISTA,NOMBRE_DENTISTA,TELEFONO_DENTISTA,EMAIL_DENTISTA,ID_ESPECIALIDAD,ID_ESTADO) values (25,'Cathie Arne',31816150,'Cathie.Arne@yopmail.com',5,1);
Insert into ESTUDIANTE.TABLADENTISTA (ID_DENTISTA,NOMBRE_DENTISTA,TELEFONO_DENTISTA,EMAIL_DENTISTA,ID_ESPECIALIDAD,ID_ESTADO) values (26,'Cecile Cordi',53576142,'Cecile.Cordi@yopmail.com',4,2);
Insert into ESTUDIANTE.TABLADENTISTA (ID_DENTISTA,NOMBRE_DENTISTA,TELEFONO_DENTISTA,EMAIL_DENTISTA,ID_ESPECIALIDAD,ID_ESTADO) values (27,'Alie O''Rourke',80292978,'Alie.O''Rourke@yopmail.com',9,1);
Insert into ESTUDIANTE.TABLADENTISTA (ID_DENTISTA,NOMBRE_DENTISTA,TELEFONO_DENTISTA,EMAIL_DENTISTA,ID_ESPECIALIDAD,ID_ESTADO) values (28,'Allyce Amand',50775761,'Allyce.Amand@yopmail.com',14,1);
Insert into ESTUDIANTE.TABLADENTISTA (ID_DENTISTA,NOMBRE_DENTISTA,TELEFONO_DENTISTA,EMAIL_DENTISTA,ID_ESPECIALIDAD,ID_ESTADO) values (29,'Odessa Azeria',15785884,'Odessa.Azeria@yopmail.com',9,2);
Insert into ESTUDIANTE.TABLADENTISTA (ID_DENTISTA,NOMBRE_DENTISTA,TELEFONO_DENTISTA,EMAIL_DENTISTA,ID_ESPECIALIDAD,ID_ESTADO) values (30,'Inga Nadia',21360273,'Inga.Nadia@yopmail.com',14,1);
Insert into ESTUDIANTE.TABLADENTISTA (ID_DENTISTA,NOMBRE_DENTISTA,TELEFONO_DENTISTA,EMAIL_DENTISTA,ID_ESPECIALIDAD,ID_ESTADO) values (31,'Amalie Brenn',33712790,'Amalie.Brenn@yopmail.com',4,2);
Insert into ESTUDIANTE.TABLADENTISTA (ID_DENTISTA,NOMBRE_DENTISTA,TELEFONO_DENTISTA,EMAIL_DENTISTA,ID_ESPECIALIDAD,ID_ESTADO) values (32,'Doralynne Cordi',77945391,'Doralynne.Cordi@yopmail.com',14,1);
Insert into ESTUDIANTE.TABLADENTISTA (ID_DENTISTA,NOMBRE_DENTISTA,TELEFONO_DENTISTA,EMAIL_DENTISTA,ID_ESPECIALIDAD,ID_ESTADO) values (33,'Margalo Helve',90222972,'Margalo.Helve@yopmail.com',10,2);
Insert into ESTUDIANTE.TABLADENTISTA (ID_DENTISTA,NOMBRE_DENTISTA,TELEFONO_DENTISTA,EMAIL_DENTISTA,ID_ESPECIALIDAD,ID_ESTADO) values (34,'Mignon Verger',31489205,'Mignon.Verger@yopmail.com',6,2);
Insert into ESTUDIANTE.TABLADENTISTA (ID_DENTISTA,NOMBRE_DENTISTA,TELEFONO_DENTISTA,EMAIL_DENTISTA,ID_ESPECIALIDAD,ID_ESTADO) values (35,'Christian Ader',70001169,'Christian.Ader@yopmail.com',15,2);
Insert into ESTUDIANTE.TABLADENTISTA (ID_DENTISTA,NOMBRE_DENTISTA,TELEFONO_DENTISTA,EMAIL_DENTISTA,ID_ESPECIALIDAD,ID_ESTADO) values (36,'Vivia Payson',78516133,'Vivia.Payson@yopmail.com',11,1);
Insert into ESTUDIANTE.TABLADENTISTA (ID_DENTISTA,NOMBRE_DENTISTA,TELEFONO_DENTISTA,EMAIL_DENTISTA,ID_ESPECIALIDAD,ID_ESTADO) values (37,'Albertina Martguerita',91728311,'Albertina.Martguerita@yopmail.com',15,2);
Insert into ESTUDIANTE.TABLADENTISTA (ID_DENTISTA,NOMBRE_DENTISTA,TELEFONO_DENTISTA,EMAIL_DENTISTA,ID_ESPECIALIDAD,ID_ESTADO) values (38,'Cristine My',48917455,'Cristine.My@yopmail.com',3,1);
Insert into ESTUDIANTE.TABLADENTISTA (ID_DENTISTA,NOMBRE_DENTISTA,TELEFONO_DENTISTA,EMAIL_DENTISTA,ID_ESPECIALIDAD,ID_ESTADO) values (39,'Vanessa Duwalt',53237412,'Vanessa.Duwalt@yopmail.com',6,1);
Insert into ESTUDIANTE.TABLADENTISTA (ID_DENTISTA,NOMBRE_DENTISTA,TELEFONO_DENTISTA,EMAIL_DENTISTA,ID_ESPECIALIDAD,ID_ESTADO) values (40,'Libbie Read',23654000,'Libbie.Read@yopmail.com',2,2);
Insert into ESTUDIANTE.TABLADENTISTA (ID_DENTISTA,NOMBRE_DENTISTA,TELEFONO_DENTISTA,EMAIL_DENTISTA,ID_ESPECIALIDAD,ID_ESTADO) values (41,'Marita O''Rourke',86517474,'Marita.O''Rourke@yopmail.com',14,2);
Insert into ESTUDIANTE.TABLADENTISTA (ID_DENTISTA,NOMBRE_DENTISTA,TELEFONO_DENTISTA,EMAIL_DENTISTA,ID_ESPECIALIDAD,ID_ESTADO) values (42,'Sue Stelle',84576741,'Sue.Stelle@yopmail.com',11,1);
Insert into ESTUDIANTE.TABLADENTISTA (ID_DENTISTA,NOMBRE_DENTISTA,TELEFONO_DENTISTA,EMAIL_DENTISTA,ID_ESPECIALIDAD,ID_ESTADO) values (43,'Livvyy McAdams',82178234,'Livvyy.McAdams@yopmail.com',9,1);
Insert into ESTUDIANTE.TABLADENTISTA (ID_DENTISTA,NOMBRE_DENTISTA,TELEFONO_DENTISTA,EMAIL_DENTISTA,ID_ESPECIALIDAD,ID_ESTADO) values (44,'Meriel Brenn',94020717,'Meriel.Brenn@yopmail.com',6,2);
Insert into ESTUDIANTE.TABLADENTISTA (ID_DENTISTA,NOMBRE_DENTISTA,TELEFONO_DENTISTA,EMAIL_DENTISTA,ID_ESPECIALIDAD,ID_ESTADO) values (45,'Janeczka Cottle',76869511,'Janeczka.Cottle@yopmail.com',4,2);
Insert into ESTUDIANTE.TABLADENTISTA (ID_DENTISTA,NOMBRE_DENTISTA,TELEFONO_DENTISTA,EMAIL_DENTISTA,ID_ESPECIALIDAD,ID_ESTADO) values (46,'Hayley Joseph',8029547,'Hayley.Joseph@yopmail.com',13,1);
Insert into ESTUDIANTE.TABLADENTISTA (ID_DENTISTA,NOMBRE_DENTISTA,TELEFONO_DENTISTA,EMAIL_DENTISTA,ID_ESPECIALIDAD,ID_ESTADO) values (47,'Robbi Ader',39958055,'Robbi.Ader@yopmail.com',15,2);
Insert into ESTUDIANTE.TABLADENTISTA (ID_DENTISTA,NOMBRE_DENTISTA,TELEFONO_DENTISTA,EMAIL_DENTISTA,ID_ESPECIALIDAD,ID_ESTADO) values (48,'Robbi Cecile',27236489,'Robbi.Cecile@yopmail.com',12,2);
Insert into ESTUDIANTE.TABLADENTISTA (ID_DENTISTA,NOMBRE_DENTISTA,TELEFONO_DENTISTA,EMAIL_DENTISTA,ID_ESPECIALIDAD,ID_ESTADO) values (49,'Doro Wenda',71694432,'Doro.Wenda@yopmail.com',6,2);
Insert into ESTUDIANTE.TABLADENTISTA (ID_DENTISTA,NOMBRE_DENTISTA,TELEFONO_DENTISTA,EMAIL_DENTISTA,ID_ESPECIALIDAD,ID_ESTADO) values (50,'Judy Fitzsimmons',34302057,'Judy.Fitzsimmons@yopmail.com',10,1);
Insert into ESTUDIANTE.TABLADENTISTA (ID_DENTISTA,NOMBRE_DENTISTA,TELEFONO_DENTISTA,EMAIL_DENTISTA,ID_ESPECIALIDAD,ID_ESTADO) values (51,'Oralee Vary',35387354,'Oralee.Vary@yopmail.com',2,1);
Insert into ESTUDIANTE.TABLADENTISTA (ID_DENTISTA,NOMBRE_DENTISTA,TELEFONO_DENTISTA,EMAIL_DENTISTA,ID_ESPECIALIDAD,ID_ESTADO) values (52,'Cherilyn Atonsah',3848280,'Cherilyn.Atonsah@yopmail.com',13,1);
Insert into ESTUDIANTE.TABLADENTISTA (ID_DENTISTA,NOMBRE_DENTISTA,TELEFONO_DENTISTA,EMAIL_DENTISTA,ID_ESPECIALIDAD,ID_ESTADO) values (53,'Alisha Hurley',19704572,'Alisha.Hurley@yopmail.com',2,2);
Insert into ESTUDIANTE.TABLADENTISTA (ID_DENTISTA,NOMBRE_DENTISTA,TELEFONO_DENTISTA,EMAIL_DENTISTA,ID_ESPECIALIDAD,ID_ESTADO) values (54,'Orsola Dalli',16095393,'Orsola.Dalli@yopmail.com',1,2);
Insert into ESTUDIANTE.TABLADENTISTA (ID_DENTISTA,NOMBRE_DENTISTA,TELEFONO_DENTISTA,EMAIL_DENTISTA,ID_ESPECIALIDAD,ID_ESTADO) values (55,'Jemie Marcellus',88326274,'Jemie.Marcellus@yopmail.com',3,1);
Insert into ESTUDIANTE.TABLADENTISTA (ID_DENTISTA,NOMBRE_DENTISTA,TELEFONO_DENTISTA,EMAIL_DENTISTA,ID_ESPECIALIDAD,ID_ESTADO) values (56,'Sybille Ulphia',9320073,'Sybille.Ulphia@yopmail.com',1,1);
Insert into ESTUDIANTE.TABLADENTISTA (ID_DENTISTA,NOMBRE_DENTISTA,TELEFONO_DENTISTA,EMAIL_DENTISTA,ID_ESPECIALIDAD,ID_ESTADO) values (57,'Ulrike Oriana',72618703,'Ulrike.Oriana@yopmail.com',15,2);
Insert into ESTUDIANTE.TABLADENTISTA (ID_DENTISTA,NOMBRE_DENTISTA,TELEFONO_DENTISTA,EMAIL_DENTISTA,ID_ESPECIALIDAD,ID_ESTADO) values (58,'Rori Sothena',40071988,'Rori.Sothena@yopmail.com',10,2);
Insert into ESTUDIANTE.TABLADENTISTA (ID_DENTISTA,NOMBRE_DENTISTA,TELEFONO_DENTISTA,EMAIL_DENTISTA,ID_ESPECIALIDAD,ID_ESTADO) values (59,'Blondelle Cleavland',30479007,'Blondelle.Cleavland@yopmail.com',4,1);
Insert into ESTUDIANTE.TABLADENTISTA (ID_DENTISTA,NOMBRE_DENTISTA,TELEFONO_DENTISTA,EMAIL_DENTISTA,ID_ESPECIALIDAD,ID_ESTADO) values (60,'Beatriz Gombach',16161407,'Beatriz.Gombach@yopmail.com',3,1);
Insert into ESTUDIANTE.TABLADENTISTA (ID_DENTISTA,NOMBRE_DENTISTA,TELEFONO_DENTISTA,EMAIL_DENTISTA,ID_ESPECIALIDAD,ID_ESTADO) values (61,'Sherrie O''Neill',85575457,'Sherrie.O''Neill@yopmail.com',14,1);
Insert into ESTUDIANTE.TABLADENTISTA (ID_DENTISTA,NOMBRE_DENTISTA,TELEFONO_DENTISTA,EMAIL_DENTISTA,ID_ESPECIALIDAD,ID_ESTADO) values (62,'Queenie Ummersen',90237043,'Queenie.Ummersen@yopmail.com',8,2);
Insert into ESTUDIANTE.TABLADENTISTA (ID_DENTISTA,NOMBRE_DENTISTA,TELEFONO_DENTISTA,EMAIL_DENTISTA,ID_ESPECIALIDAD,ID_ESTADO) values (63,'Daune Ellerey',50362176,'Daune.Ellerey@yopmail.com',15,2);
Insert into ESTUDIANTE.TABLADENTISTA (ID_DENTISTA,NOMBRE_DENTISTA,TELEFONO_DENTISTA,EMAIL_DENTISTA,ID_ESPECIALIDAD,ID_ESTADO) values (64,'Tierney Wu',85353515,'Tierney.Wu@yopmail.com',13,2);
Insert into ESTUDIANTE.TABLADENTISTA (ID_DENTISTA,NOMBRE_DENTISTA,TELEFONO_DENTISTA,EMAIL_DENTISTA,ID_ESPECIALIDAD,ID_ESTADO) values (65,'Jeanna Wittie',98966510,'Jeanna.Wittie@yopmail.com',9,1);
Insert into ESTUDIANTE.TABLADENTISTA (ID_DENTISTA,NOMBRE_DENTISTA,TELEFONO_DENTISTA,EMAIL_DENTISTA,ID_ESPECIALIDAD,ID_ESTADO) values (66,'Yolane Cynar',18271324,'Yolane.Cynar@yopmail.com',8,1);
Insert into ESTUDIANTE.TABLADENTISTA (ID_DENTISTA,NOMBRE_DENTISTA,TELEFONO_DENTISTA,EMAIL_DENTISTA,ID_ESPECIALIDAD,ID_ESTADO) values (67,'Amalie Ariella',8615547,'Amalie.Ariella@yopmail.com',5,1);
Insert into ESTUDIANTE.TABLADENTISTA (ID_DENTISTA,NOMBRE_DENTISTA,TELEFONO_DENTISTA,EMAIL_DENTISTA,ID_ESPECIALIDAD,ID_ESTADO) values (68,'Karlee Kirbee',20619010,'Karlee.Kirbee@yopmail.com',2,2);
Insert into ESTUDIANTE.TABLADENTISTA (ID_DENTISTA,NOMBRE_DENTISTA,TELEFONO_DENTISTA,EMAIL_DENTISTA,ID_ESPECIALIDAD,ID_ESTADO) values (69,'Jany Pettiford',45346716,'Jany.Pettiford@yopmail.com',3,2);
Insert into ESTUDIANTE.TABLADENTISTA (ID_DENTISTA,NOMBRE_DENTISTA,TELEFONO_DENTISTA,EMAIL_DENTISTA,ID_ESPECIALIDAD,ID_ESTADO) values (70,'Millie Erlandson',83056183,'Millie.Erlandson@yopmail.com',4,2);
Insert into ESTUDIANTE.TABLADENTISTA (ID_DENTISTA,NOMBRE_DENTISTA,TELEFONO_DENTISTA,EMAIL_DENTISTA,ID_ESPECIALIDAD,ID_ESTADO) values (71,'Aimil Kolnick',15902348,'Aimil.Kolnick@yopmail.com',5,1);
Insert into ESTUDIANTE.TABLADENTISTA (ID_DENTISTA,NOMBRE_DENTISTA,TELEFONO_DENTISTA,EMAIL_DENTISTA,ID_ESPECIALIDAD,ID_ESTADO) values (72,'Ofilia Hewitt',78064754,'Ofilia.Hewitt@yopmail.com',9,1);
Insert into ESTUDIANTE.TABLADENTISTA (ID_DENTISTA,NOMBRE_DENTISTA,TELEFONO_DENTISTA,EMAIL_DENTISTA,ID_ESPECIALIDAD,ID_ESTADO) values (73,'Goldie Buckler',54599843,'Goldie.Buckler@yopmail.com',15,1);
Insert into ESTUDIANTE.TABLADENTISTA (ID_DENTISTA,NOMBRE_DENTISTA,TELEFONO_DENTISTA,EMAIL_DENTISTA,ID_ESPECIALIDAD,ID_ESTADO) values (74,'Maryellen Fennessy',30441196,'Maryellen.Fennessy@yopmail.com',2,1);
Insert into ESTUDIANTE.TABLADENTISTA (ID_DENTISTA,NOMBRE_DENTISTA,TELEFONO_DENTISTA,EMAIL_DENTISTA,ID_ESPECIALIDAD,ID_ESTADO) values (75,'Genevra Daveta',77464656,'Genevra.Daveta@yopmail.com',5,2);
Insert into ESTUDIANTE.TABLADENTISTA (ID_DENTISTA,NOMBRE_DENTISTA,TELEFONO_DENTISTA,EMAIL_DENTISTA,ID_ESPECIALIDAD,ID_ESTADO) values (76,'Melanie Brodench',91259265,'Melanie.Brodench@yopmail.com',5,2);
Insert into ESTUDIANTE.TABLADENTISTA (ID_DENTISTA,NOMBRE_DENTISTA,TELEFONO_DENTISTA,EMAIL_DENTISTA,ID_ESPECIALIDAD,ID_ESTADO) values (77,'Bobbi Boycey',30008773,'Bobbi.Boycey@yopmail.com',9,2);
Insert into ESTUDIANTE.TABLADENTISTA (ID_DENTISTA,NOMBRE_DENTISTA,TELEFONO_DENTISTA,EMAIL_DENTISTA,ID_ESPECIALIDAD,ID_ESTADO) values (78,'Meghann Sandye',81479306,'Meghann.Sandye@yopmail.com',15,1);
Insert into ESTUDIANTE.TABLADENTISTA (ID_DENTISTA,NOMBRE_DENTISTA,TELEFONO_DENTISTA,EMAIL_DENTISTA,ID_ESPECIALIDAD,ID_ESTADO) values (79,'Jessamyn Ulphia',44775915,'Jessamyn.Ulphia@yopmail.com',15,1);
Insert into ESTUDIANTE.TABLADENTISTA (ID_DENTISTA,NOMBRE_DENTISTA,TELEFONO_DENTISTA,EMAIL_DENTISTA,ID_ESPECIALIDAD,ID_ESTADO) values (80,'Harmonia Radu',93512910,'Harmonia.Radu@yopmail.com',15,2);
Insert into ESTUDIANTE.TABLADENTISTA (ID_DENTISTA,NOMBRE_DENTISTA,TELEFONO_DENTISTA,EMAIL_DENTISTA,ID_ESPECIALIDAD,ID_ESTADO) values (81,'Hermione Sawtelle',48366143,'Hermione.Sawtelle@yopmail.com',2,2);
Insert into ESTUDIANTE.TABLADENTISTA (ID_DENTISTA,NOMBRE_DENTISTA,TELEFONO_DENTISTA,EMAIL_DENTISTA,ID_ESPECIALIDAD,ID_ESTADO) values (82,'Kylynn Phyllis',48965597,'Kylynn.Phyllis@yopmail.com',7,1);
Insert into ESTUDIANTE.TABLADENTISTA (ID_DENTISTA,NOMBRE_DENTISTA,TELEFONO_DENTISTA,EMAIL_DENTISTA,ID_ESPECIALIDAD,ID_ESTADO) values (83,'Clarice Florina',92058215,'Clarice.Florina@yopmail.com',10,2);
Insert into ESTUDIANTE.TABLADENTISTA (ID_DENTISTA,NOMBRE_DENTISTA,TELEFONO_DENTISTA,EMAIL_DENTISTA,ID_ESPECIALIDAD,ID_ESTADO) values (84,'Leanna Harday',49854251,'Leanna.Harday@yopmail.com',5,2);
Insert into ESTUDIANTE.TABLADENTISTA (ID_DENTISTA,NOMBRE_DENTISTA,TELEFONO_DENTISTA,EMAIL_DENTISTA,ID_ESPECIALIDAD,ID_ESTADO) values (85,'Ilse Ardeha',79553244,'Ilse.Ardeha@yopmail.com',3,1);
Insert into ESTUDIANTE.TABLADENTISTA (ID_DENTISTA,NOMBRE_DENTISTA,TELEFONO_DENTISTA,EMAIL_DENTISTA,ID_ESPECIALIDAD,ID_ESTADO) values (86,'Trudie Clywd',81832726,'Trudie.Clywd@yopmail.com',9,1);
Insert into ESTUDIANTE.TABLADENTISTA (ID_DENTISTA,NOMBRE_DENTISTA,TELEFONO_DENTISTA,EMAIL_DENTISTA,ID_ESPECIALIDAD,ID_ESTADO) values (87,'Oralee Evvie',86986865,'Oralee.Evvie@yopmail.com',15,1);
Insert into ESTUDIANTE.TABLADENTISTA (ID_DENTISTA,NOMBRE_DENTISTA,TELEFONO_DENTISTA,EMAIL_DENTISTA,ID_ESPECIALIDAD,ID_ESTADO) values (88,'Tera Imelida',32067759,'Tera.Imelida@yopmail.com',11,1);
Insert into ESTUDIANTE.TABLADENTISTA (ID_DENTISTA,NOMBRE_DENTISTA,TELEFONO_DENTISTA,EMAIL_DENTISTA,ID_ESPECIALIDAD,ID_ESTADO) values (89,'Candy Alice',95789785,'Candy.Alice@yopmail.com',4,1);
Insert into ESTUDIANTE.TABLADENTISTA (ID_DENTISTA,NOMBRE_DENTISTA,TELEFONO_DENTISTA,EMAIL_DENTISTA,ID_ESPECIALIDAD,ID_ESTADO) values (90,'Benita Ellord',82503135,'Benita.Ellord@yopmail.com',14,1);
Insert into ESTUDIANTE.TABLADENTISTA (ID_DENTISTA,NOMBRE_DENTISTA,TELEFONO_DENTISTA,EMAIL_DENTISTA,ID_ESPECIALIDAD,ID_ESTADO) values (91,'Bee Dannye',99447947,'Bee.Dannye@yopmail.com',2,2);
Insert into ESTUDIANTE.TABLADENTISTA (ID_DENTISTA,NOMBRE_DENTISTA,TELEFONO_DENTISTA,EMAIL_DENTISTA,ID_ESPECIALIDAD,ID_ESTADO) values (92,'Juliane Libna',84821458,'Juliane.Libna@yopmail.com',2,1);
Insert into ESTUDIANTE.TABLADENTISTA (ID_DENTISTA,NOMBRE_DENTISTA,TELEFONO_DENTISTA,EMAIL_DENTISTA,ID_ESPECIALIDAD,ID_ESTADO) values (93,'Marti Elbertina',2310482,'Marti.Elbertina@yopmail.com',11,2);
Insert into ESTUDIANTE.TABLADENTISTA (ID_DENTISTA,NOMBRE_DENTISTA,TELEFONO_DENTISTA,EMAIL_DENTISTA,ID_ESPECIALIDAD,ID_ESTADO) values (94,'Elka Freddi',45774478,'Elka.Freddi@yopmail.com',12,2);
Insert into ESTUDIANTE.TABLADENTISTA (ID_DENTISTA,NOMBRE_DENTISTA,TELEFONO_DENTISTA,EMAIL_DENTISTA,ID_ESPECIALIDAD,ID_ESTADO) values (95,'Ayn Harned',1787845,'Ayn.Harned@yopmail.com',1,2);
Insert into ESTUDIANTE.TABLADENTISTA (ID_DENTISTA,NOMBRE_DENTISTA,TELEFONO_DENTISTA,EMAIL_DENTISTA,ID_ESPECIALIDAD,ID_ESTADO) values (96,'Beverley Garbe',11192436,'Beverley.Garbe@yopmail.com',7,1);
Insert into ESTUDIANTE.TABLADENTISTA (ID_DENTISTA,NOMBRE_DENTISTA,TELEFONO_DENTISTA,EMAIL_DENTISTA,ID_ESPECIALIDAD,ID_ESTADO) values (97,'Elora Audly',30464596,'Elora.Audly@yopmail.com',11,2);
Insert into ESTUDIANTE.TABLADENTISTA (ID_DENTISTA,NOMBRE_DENTISTA,TELEFONO_DENTISTA,EMAIL_DENTISTA,ID_ESPECIALIDAD,ID_ESTADO) values (98,'Linet Toor',83372378,'Linet.Toor@yopmail.com',8,2);
Insert into ESTUDIANTE.TABLADENTISTA (ID_DENTISTA,NOMBRE_DENTISTA,TELEFONO_DENTISTA,EMAIL_DENTISTA,ID_ESPECIALIDAD,ID_ESTADO) values (99,'Addia Narton',10663410,'Addia.Narton@yopmail.com',4,1);
Insert into ESTUDIANTE.TABLADENTISTA (ID_DENTISTA,NOMBRE_DENTISTA,TELEFONO_DENTISTA,EMAIL_DENTISTA,ID_ESPECIALIDAD,ID_ESTADO) values (100,'Dorothy Pearse',59905414,'Dorothy.Pearse@yopmail.com',11,2);
Insert into ESTUDIANTE.TABLADENTISTA (ID_DENTISTA,NOMBRE_DENTISTA,TELEFONO_DENTISTA,EMAIL_DENTISTA,ID_ESPECIALIDAD,ID_ESTADO) values (101,'Justinn Ahab',92965145,'Justinn.Ahab@yopmail.com',5,1);
Insert into ESTUDIANTE.TABLADENTISTA (ID_DENTISTA,NOMBRE_DENTISTA,TELEFONO_DENTISTA,EMAIL_DENTISTA,ID_ESPECIALIDAD,ID_ESTADO) values (102,'Moyna Knowling',35646244,'Moyna.Knowling@yopmail.com',5,2);
Insert into ESTUDIANTE.TABLADENTISTA (ID_DENTISTA,NOMBRE_DENTISTA,TELEFONO_DENTISTA,EMAIL_DENTISTA,ID_ESPECIALIDAD,ID_ESTADO) values (103,'Gratia Hillel',13093499,'Gratia.Hillel@yopmail.com',2,2);
Insert into ESTUDIANTE.TABLADENTISTA (ID_DENTISTA,NOMBRE_DENTISTA,TELEFONO_DENTISTA,EMAIL_DENTISTA,ID_ESPECIALIDAD,ID_ESTADO) values (104,'Bettine Pattin',79039215,'Bettine.Pattin@yopmail.com',11,1);
Insert into ESTUDIANTE.TABLADENTISTA (ID_DENTISTA,NOMBRE_DENTISTA,TELEFONO_DENTISTA,EMAIL_DENTISTA,ID_ESPECIALIDAD,ID_ESTADO) values (105,'Leia Means',67026948,'Leia.Means@yopmail.com',5,1);
Insert into ESTUDIANTE.TABLADENTISTA (ID_DENTISTA,NOMBRE_DENTISTA,TELEFONO_DENTISTA,EMAIL_DENTISTA,ID_ESPECIALIDAD,ID_ESTADO) values (106,'Ericka Iiette',24991143,'Ericka.Iiette@yopmail.com',4,1);
Insert into ESTUDIANTE.TABLADENTISTA (ID_DENTISTA,NOMBRE_DENTISTA,TELEFONO_DENTISTA,EMAIL_DENTISTA,ID_ESPECIALIDAD,ID_ESTADO) values (107,'Dianemarie Hull',7304511,'Dianemarie.Hull@yopmail.com',13,1);
Insert into ESTUDIANTE.TABLADENTISTA (ID_DENTISTA,NOMBRE_DENTISTA,TELEFONO_DENTISTA,EMAIL_DENTISTA,ID_ESPECIALIDAD,ID_ESTADO) values (108,'Stevana Zitvaa',93711815,'Stevana.Zitvaa@yopmail.com',4,1);
Insert into ESTUDIANTE.TABLADENTISTA (ID_DENTISTA,NOMBRE_DENTISTA,TELEFONO_DENTISTA,EMAIL_DENTISTA,ID_ESPECIALIDAD,ID_ESTADO) values (109,'Hettie Carri',63295434,'Hettie.Carri@yopmail.com',11,1);
Insert into ESTUDIANTE.TABLADENTISTA (ID_DENTISTA,NOMBRE_DENTISTA,TELEFONO_DENTISTA,EMAIL_DENTISTA,ID_ESPECIALIDAD,ID_ESTADO) values (110,'Jemie Atcliffe',21774928,'Jemie.Atcliffe@yopmail.com',14,1);
Insert into ESTUDIANTE.TABLADENTISTA (ID_DENTISTA,NOMBRE_DENTISTA,TELEFONO_DENTISTA,EMAIL_DENTISTA,ID_ESPECIALIDAD,ID_ESTADO) values (111,'Talya Liebermann',12275399,'Talya.Liebermann@yopmail.com',15,2);
Insert into ESTUDIANTE.TABLADENTISTA (ID_DENTISTA,NOMBRE_DENTISTA,TELEFONO_DENTISTA,EMAIL_DENTISTA,ID_ESPECIALIDAD,ID_ESTADO) values (112,'Codie Talia',3988484,'Codie.Talia@yopmail.com',13,2);
Insert into ESTUDIANTE.TABLADENTISTA (ID_DENTISTA,NOMBRE_DENTISTA,TELEFONO_DENTISTA,EMAIL_DENTISTA,ID_ESPECIALIDAD,ID_ESTADO) values (113,'Pamella Adore',33098769,'Pamella.Adore@yopmail.com',1,2);
Insert into ESTUDIANTE.TABLADENTISTA (ID_DENTISTA,NOMBRE_DENTISTA,TELEFONO_DENTISTA,EMAIL_DENTISTA,ID_ESPECIALIDAD,ID_ESTADO) values (114,'Bill Lunsford',11291589,'Bill.Lunsford@yopmail.com',6,1);
Insert into ESTUDIANTE.TABLADENTISTA (ID_DENTISTA,NOMBRE_DENTISTA,TELEFONO_DENTISTA,EMAIL_DENTISTA,ID_ESPECIALIDAD,ID_ESTADO) values (115,'Julieta Delacourt',33188072,'Julieta.Delacourt@yopmail.com',11,2);
Insert into ESTUDIANTE.TABLADENTISTA (ID_DENTISTA,NOMBRE_DENTISTA,TELEFONO_DENTISTA,EMAIL_DENTISTA,ID_ESPECIALIDAD,ID_ESTADO) values (116,'Gusella Cadmar',4792927,'Gusella.Cadmar@yopmail.com',13,1);
Insert into ESTUDIANTE.TABLADENTISTA (ID_DENTISTA,NOMBRE_DENTISTA,TELEFONO_DENTISTA,EMAIL_DENTISTA,ID_ESPECIALIDAD,ID_ESTADO) values (117,'Morganica Norvol',1125559,'Morganica.Norvol@yopmail.com',10,1);
Insert into ESTUDIANTE.TABLADENTISTA (ID_DENTISTA,NOMBRE_DENTISTA,TELEFONO_DENTISTA,EMAIL_DENTISTA,ID_ESPECIALIDAD,ID_ESTADO) values (118,'Janis Markman',24951768,'Janis.Markman@yopmail.com',2,2);
Insert into ESTUDIANTE.TABLADENTISTA (ID_DENTISTA,NOMBRE_DENTISTA,TELEFONO_DENTISTA,EMAIL_DENTISTA,ID_ESPECIALIDAD,ID_ESTADO) values (119,'Dennie Vacuva',40931403,'Dennie.Vacuva@yopmail.com',13,2);
Insert into ESTUDIANTE.TABLADENTISTA (ID_DENTISTA,NOMBRE_DENTISTA,TELEFONO_DENTISTA,EMAIL_DENTISTA,ID_ESPECIALIDAD,ID_ESTADO) values (120,'Talya Tryck',44679994,'Talya.Tryck@yopmail.com',10,1);
Insert into ESTUDIANTE.TABLADENTISTA (ID_DENTISTA,NOMBRE_DENTISTA,TELEFONO_DENTISTA,EMAIL_DENTISTA,ID_ESPECIALIDAD,ID_ESTADO) values (121,'Inga Uund',73934956,'Inga.Uund@yopmail.com',1,2);
Insert into ESTUDIANTE.TABLADENTISTA (ID_DENTISTA,NOMBRE_DENTISTA,TELEFONO_DENTISTA,EMAIL_DENTISTA,ID_ESPECIALIDAD,ID_ESTADO) values (122,'Priscilla Vilma',17631106,'Priscilla.Vilma@yopmail.com',6,2);
Insert into ESTUDIANTE.TABLADENTISTA (ID_DENTISTA,NOMBRE_DENTISTA,TELEFONO_DENTISTA,EMAIL_DENTISTA,ID_ESPECIALIDAD,ID_ESTADO) values (123,'Kellen Laverne',93107840,'Kellen.Laverne@yopmail.com',10,2);
Insert into ESTUDIANTE.TABLADENTISTA (ID_DENTISTA,NOMBRE_DENTISTA,TELEFONO_DENTISTA,EMAIL_DENTISTA,ID_ESPECIALIDAD,ID_ESTADO) values (124,'Bobbi Mintz',29601959,'Bobbi.Mintz@yopmail.com',11,2);
Insert into ESTUDIANTE.TABLADENTISTA (ID_DENTISTA,NOMBRE_DENTISTA,TELEFONO_DENTISTA,EMAIL_DENTISTA,ID_ESPECIALIDAD,ID_ESTADO) values (125,'Consuela Delila',31872215,'Consuela.Delila@yopmail.com',11,2);
Insert into ESTUDIANTE.TABLADENTISTA (ID_DENTISTA,NOMBRE_DENTISTA,TELEFONO_DENTISTA,EMAIL_DENTISTA,ID_ESPECIALIDAD,ID_ESTADO) values (126,'Tami Creamer',90439310,'Tami.Creamer@yopmail.com',10,1);
Insert into ESTUDIANTE.TABLADENTISTA (ID_DENTISTA,NOMBRE_DENTISTA,TELEFONO_DENTISTA,EMAIL_DENTISTA,ID_ESPECIALIDAD,ID_ESTADO) values (127,'Rivalee Gusella',1399903,'Rivalee.Gusella@yopmail.com',10,2);
Insert into ESTUDIANTE.TABLADENTISTA (ID_DENTISTA,NOMBRE_DENTISTA,TELEFONO_DENTISTA,EMAIL_DENTISTA,ID_ESPECIALIDAD,ID_ESTADO) values (128,'Antonietta Aurelio',41806283,'Antonietta.Aurelio@yopmail.com',1,1);
Insert into ESTUDIANTE.TABLADENTISTA (ID_DENTISTA,NOMBRE_DENTISTA,TELEFONO_DENTISTA,EMAIL_DENTISTA,ID_ESPECIALIDAD,ID_ESTADO) values (129,'Ileana Candy',73609769,'Ileana.Candy@yopmail.com',15,1);
Insert into ESTUDIANTE.TABLADENTISTA (ID_DENTISTA,NOMBRE_DENTISTA,TELEFONO_DENTISTA,EMAIL_DENTISTA,ID_ESPECIALIDAD,ID_ESTADO) values (130,'Meghann Ackerley',53597005,'Meghann.Ackerley@yopmail.com',6,2);
Insert into ESTUDIANTE.TABLADENTISTA (ID_DENTISTA,NOMBRE_DENTISTA,TELEFONO_DENTISTA,EMAIL_DENTISTA,ID_ESPECIALIDAD,ID_ESTADO) values (131,'Consuela Ethban',30185848,'Consuela.Ethban@yopmail.com',2,2);
Insert into ESTUDIANTE.TABLADENTISTA (ID_DENTISTA,NOMBRE_DENTISTA,TELEFONO_DENTISTA,EMAIL_DENTISTA,ID_ESPECIALIDAD,ID_ESTADO) values (132,'Renie Amadas',34575709,'Renie.Amadas@yopmail.com',2,1);
Insert into ESTUDIANTE.TABLADENTISTA (ID_DENTISTA,NOMBRE_DENTISTA,TELEFONO_DENTISTA,EMAIL_DENTISTA,ID_ESPECIALIDAD,ID_ESTADO) values (133,'Marcy Fontana',26438027,'Marcy.Fontana@yopmail.com',11,2);
Insert into ESTUDIANTE.TABLADENTISTA (ID_DENTISTA,NOMBRE_DENTISTA,TELEFONO_DENTISTA,EMAIL_DENTISTA,ID_ESPECIALIDAD,ID_ESTADO) values (134,'Liana Wooster',40040762,'Liana.Wooster@yopmail.com',8,1);
Insert into ESTUDIANTE.TABLADENTISTA (ID_DENTISTA,NOMBRE_DENTISTA,TELEFONO_DENTISTA,EMAIL_DENTISTA,ID_ESPECIALIDAD,ID_ESTADO) values (135,'Orsola Kiyoshi',93797464,'Orsola.Kiyoshi@yopmail.com',8,1);
Insert into ESTUDIANTE.TABLADENTISTA (ID_DENTISTA,NOMBRE_DENTISTA,TELEFONO_DENTISTA,EMAIL_DENTISTA,ID_ESPECIALIDAD,ID_ESTADO) values (136,'Tera Justinn',15552352,'Tera.Justinn@yopmail.com',13,1);
Insert into ESTUDIANTE.TABLADENTISTA (ID_DENTISTA,NOMBRE_DENTISTA,TELEFONO_DENTISTA,EMAIL_DENTISTA,ID_ESPECIALIDAD,ID_ESTADO) values (137,'Shandie Johnsson',90442847,'Shandie.Johnsson@yopmail.com',3,1);
Insert into ESTUDIANTE.TABLADENTISTA (ID_DENTISTA,NOMBRE_DENTISTA,TELEFONO_DENTISTA,EMAIL_DENTISTA,ID_ESPECIALIDAD,ID_ESTADO) values (138,'Morganica Ax',43287891,'Morganica.Ax@yopmail.com',1,1);
Insert into ESTUDIANTE.TABLADENTISTA (ID_DENTISTA,NOMBRE_DENTISTA,TELEFONO_DENTISTA,EMAIL_DENTISTA,ID_ESPECIALIDAD,ID_ESTADO) values (139,'Rebeca Goddard',91823682,'Rebeca.Goddard@yopmail.com',7,1);
Insert into ESTUDIANTE.TABLADENTISTA (ID_DENTISTA,NOMBRE_DENTISTA,TELEFONO_DENTISTA,EMAIL_DENTISTA,ID_ESPECIALIDAD,ID_ESTADO) values (140,'Edee Egbert',69366127,'Edee.Egbert@yopmail.com',7,2);
Insert into ESTUDIANTE.TABLADENTISTA (ID_DENTISTA,NOMBRE_DENTISTA,TELEFONO_DENTISTA,EMAIL_DENTISTA,ID_ESPECIALIDAD,ID_ESTADO) values (141,'Lorne Alfons',84439634,'Lorne.Alfons@yopmail.com',4,1);
Insert into ESTUDIANTE.TABLADENTISTA (ID_DENTISTA,NOMBRE_DENTISTA,TELEFONO_DENTISTA,EMAIL_DENTISTA,ID_ESPECIALIDAD,ID_ESTADO) values (142,'Nerta Ajay',89518972,'Nerta.Ajay@yopmail.com',8,2);
Insert into ESTUDIANTE.TABLADENTISTA (ID_DENTISTA,NOMBRE_DENTISTA,TELEFONO_DENTISTA,EMAIL_DENTISTA,ID_ESPECIALIDAD,ID_ESTADO) values (143,'Lenna Sandye',60080760,'Lenna.Sandye@yopmail.com',5,2);
Insert into ESTUDIANTE.TABLADENTISTA (ID_DENTISTA,NOMBRE_DENTISTA,TELEFONO_DENTISTA,EMAIL_DENTISTA,ID_ESPECIALIDAD,ID_ESTADO) values (144,'Tera Lea',8799498,'Tera.Lea@yopmail.com',4,1);
Insert into ESTUDIANTE.TABLADENTISTA (ID_DENTISTA,NOMBRE_DENTISTA,TELEFONO_DENTISTA,EMAIL_DENTISTA,ID_ESPECIALIDAD,ID_ESTADO) values (145,'Carmela Stevy',71241792,'Carmela.Stevy@yopmail.com',6,1);
Insert into ESTUDIANTE.TABLADENTISTA (ID_DENTISTA,NOMBRE_DENTISTA,TELEFONO_DENTISTA,EMAIL_DENTISTA,ID_ESPECIALIDAD,ID_ESTADO) values (146,'Nadine Angelis',1450956,'Nadine.Angelis@yopmail.com',11,1);
Insert into ESTUDIANTE.TABLADENTISTA (ID_DENTISTA,NOMBRE_DENTISTA,TELEFONO_DENTISTA,EMAIL_DENTISTA,ID_ESPECIALIDAD,ID_ESTADO) values (147,'Edee Irmine',54288960,'Edee.Irmine@yopmail.com',13,2);
Insert into ESTUDIANTE.TABLADENTISTA (ID_DENTISTA,NOMBRE_DENTISTA,TELEFONO_DENTISTA,EMAIL_DENTISTA,ID_ESPECIALIDAD,ID_ESTADO) values (148,'Melodie Kiersten',80004727,'Melodie.Kiersten@yopmail.com',9,2);
Insert into ESTUDIANTE.TABLADENTISTA (ID_DENTISTA,NOMBRE_DENTISTA,TELEFONO_DENTISTA,EMAIL_DENTISTA,ID_ESPECIALIDAD,ID_ESTADO) values (149,'Ida Kiyoshi',55344497,'Ida.Kiyoshi@yopmail.com',2,2);
Insert into ESTUDIANTE.TABLADENTISTA (ID_DENTISTA,NOMBRE_DENTISTA,TELEFONO_DENTISTA,EMAIL_DENTISTA,ID_ESPECIALIDAD,ID_ESTADO) values (150,'Magdalena Eldrid',20781260,'Magdalena.Eldrid@yopmail.com',2,1);
Insert into ESTUDIANTE.TABLADENTISTA (ID_DENTISTA,NOMBRE_DENTISTA,TELEFONO_DENTISTA,EMAIL_DENTISTA,ID_ESPECIALIDAD,ID_ESTADO) values (151,'Philis Virgin',89368274,'Philis.Virgin@yopmail.com',1,2);
Insert into ESTUDIANTE.TABLADENTISTA (ID_DENTISTA,NOMBRE_DENTISTA,TELEFONO_DENTISTA,EMAIL_DENTISTA,ID_ESPECIALIDAD,ID_ESTADO) values (152,'Carmela Mata',60894735,'Carmela.Mata@yopmail.com',3,2);
Insert into ESTUDIANTE.TABLADENTISTA (ID_DENTISTA,NOMBRE_DENTISTA,TELEFONO_DENTISTA,EMAIL_DENTISTA,ID_ESPECIALIDAD,ID_ESTADO) values (153,'Elmira Leopold',76760021,'Elmira.Leopold@yopmail.com',2,1);
Insert into ESTUDIANTE.TABLADENTISTA (ID_DENTISTA,NOMBRE_DENTISTA,TELEFONO_DENTISTA,EMAIL_DENTISTA,ID_ESPECIALIDAD,ID_ESTADO) values (154,'Belva Daniele',32561491,'Belva.Daniele@yopmail.com',4,2);
Insert into ESTUDIANTE.TABLADENTISTA (ID_DENTISTA,NOMBRE_DENTISTA,TELEFONO_DENTISTA,EMAIL_DENTISTA,ID_ESPECIALIDAD,ID_ESTADO) values (155,'Rori Clara',91061849,'Rori.Clara@yopmail.com',15,1);
Insert into ESTUDIANTE.TABLADENTISTA (ID_DENTISTA,NOMBRE_DENTISTA,TELEFONO_DENTISTA,EMAIL_DENTISTA,ID_ESPECIALIDAD,ID_ESTADO) values (156,'Grier Haldas',13638450,'Grier.Haldas@yopmail.com',3,1);
Insert into ESTUDIANTE.TABLADENTISTA (ID_DENTISTA,NOMBRE_DENTISTA,TELEFONO_DENTISTA,EMAIL_DENTISTA,ID_ESPECIALIDAD,ID_ESTADO) values (157,'Bibby Thunell',92973534,'Bibby.Thunell@yopmail.com',13,1);
Insert into ESTUDIANTE.TABLADENTISTA (ID_DENTISTA,NOMBRE_DENTISTA,TELEFONO_DENTISTA,EMAIL_DENTISTA,ID_ESPECIALIDAD,ID_ESTADO) values (158,'Ira Pitt',32333746,'Ira.Pitt@yopmail.com',6,2);
Insert into ESTUDIANTE.TABLADENTISTA (ID_DENTISTA,NOMBRE_DENTISTA,TELEFONO_DENTISTA,EMAIL_DENTISTA,ID_ESPECIALIDAD,ID_ESTADO) values (159,'Emilia Cornelia',78564133,'Emilia.Cornelia@yopmail.com',2,1);
Insert into ESTUDIANTE.TABLADENTISTA (ID_DENTISTA,NOMBRE_DENTISTA,TELEFONO_DENTISTA,EMAIL_DENTISTA,ID_ESPECIALIDAD,ID_ESTADO) values (160,'Glynnis Niles',36751029,'Glynnis.Niles@yopmail.com',4,2);
Insert into ESTUDIANTE.TABLADENTISTA (ID_DENTISTA,NOMBRE_DENTISTA,TELEFONO_DENTISTA,EMAIL_DENTISTA,ID_ESPECIALIDAD,ID_ESTADO) values (161,'Jan Shaddock',75667740,'Jan.Shaddock@yopmail.com',14,1);
Insert into ESTUDIANTE.TABLADENTISTA (ID_DENTISTA,NOMBRE_DENTISTA,TELEFONO_DENTISTA,EMAIL_DENTISTA,ID_ESPECIALIDAD,ID_ESTADO) values (162,'Mady Carolin',27015447,'Mady.Carolin@yopmail.com',2,2);
Insert into ESTUDIANTE.TABLADENTISTA (ID_DENTISTA,NOMBRE_DENTISTA,TELEFONO_DENTISTA,EMAIL_DENTISTA,ID_ESPECIALIDAD,ID_ESTADO) values (163,'Cyb Earlie',58233817,'Cyb.Earlie@yopmail.com',4,1);
Insert into ESTUDIANTE.TABLADENTISTA (ID_DENTISTA,NOMBRE_DENTISTA,TELEFONO_DENTISTA,EMAIL_DENTISTA,ID_ESPECIALIDAD,ID_ESTADO) values (164,'Sharlene Hanshaw',3307068,'Sharlene.Hanshaw@yopmail.com',4,1);
Insert into ESTUDIANTE.TABLADENTISTA (ID_DENTISTA,NOMBRE_DENTISTA,TELEFONO_DENTISTA,EMAIL_DENTISTA,ID_ESPECIALIDAD,ID_ESTADO) values (165,'Celisse Tannie',94820014,'Celisse.Tannie@yopmail.com',5,1);
Insert into ESTUDIANTE.TABLADENTISTA (ID_DENTISTA,NOMBRE_DENTISTA,TELEFONO_DENTISTA,EMAIL_DENTISTA,ID_ESPECIALIDAD,ID_ESTADO) values (166,'Nessie Ardra',71445767,'Nessie.Ardra@yopmail.com',4,2);
Insert into ESTUDIANTE.TABLADENTISTA (ID_DENTISTA,NOMBRE_DENTISTA,TELEFONO_DENTISTA,EMAIL_DENTISTA,ID_ESPECIALIDAD,ID_ESTADO) values (167,'Misha Koziara',49340612,'Misha.Koziara@yopmail.com',2,2);
Insert into ESTUDIANTE.TABLADENTISTA (ID_DENTISTA,NOMBRE_DENTISTA,TELEFONO_DENTISTA,EMAIL_DENTISTA,ID_ESPECIALIDAD,ID_ESTADO) values (168,'Chickie Colleen',33574883,'Chickie.Colleen@yopmail.com',3,2);
Insert into ESTUDIANTE.TABLADENTISTA (ID_DENTISTA,NOMBRE_DENTISTA,TELEFONO_DENTISTA,EMAIL_DENTISTA,ID_ESPECIALIDAD,ID_ESTADO) values (169,'Elora Dalli',11866223,'Elora.Dalli@yopmail.com',13,2);
Insert into ESTUDIANTE.TABLADENTISTA (ID_DENTISTA,NOMBRE_DENTISTA,TELEFONO_DENTISTA,EMAIL_DENTISTA,ID_ESPECIALIDAD,ID_ESTADO) values (170,'Cissiee Graig',29420715,'Cissiee.Graig@yopmail.com',2,2);
Insert into ESTUDIANTE.TABLADENTISTA (ID_DENTISTA,NOMBRE_DENTISTA,TELEFONO_DENTISTA,EMAIL_DENTISTA,ID_ESPECIALIDAD,ID_ESTADO) values (171,'Emmey Sherrie',82235064,'Emmey.Sherrie@yopmail.com',2,1);
Insert into ESTUDIANTE.TABLADENTISTA (ID_DENTISTA,NOMBRE_DENTISTA,TELEFONO_DENTISTA,EMAIL_DENTISTA,ID_ESPECIALIDAD,ID_ESTADO) values (172,'Deirdre Munn',72262421,'Deirdre.Munn@yopmail.com',12,1);
Insert into ESTUDIANTE.TABLADENTISTA (ID_DENTISTA,NOMBRE_DENTISTA,TELEFONO_DENTISTA,EMAIL_DENTISTA,ID_ESPECIALIDAD,ID_ESTADO) values (173,'Gisela Bahr',76335540,'Gisela.Bahr@yopmail.com',11,1);
Insert into ESTUDIANTE.TABLADENTISTA (ID_DENTISTA,NOMBRE_DENTISTA,TELEFONO_DENTISTA,EMAIL_DENTISTA,ID_ESPECIALIDAD,ID_ESTADO) values (174,'Caritta Iphlgenia',81469173,'Caritta.Iphlgenia@yopmail.com',10,1);
Insert into ESTUDIANTE.TABLADENTISTA (ID_DENTISTA,NOMBRE_DENTISTA,TELEFONO_DENTISTA,EMAIL_DENTISTA,ID_ESPECIALIDAD,ID_ESTADO) values (175,'Marnia Behre',4845571,'Marnia.Behre@yopmail.com',9,2);
Insert into ESTUDIANTE.TABLADENTISTA (ID_DENTISTA,NOMBRE_DENTISTA,TELEFONO_DENTISTA,EMAIL_DENTISTA,ID_ESPECIALIDAD,ID_ESTADO) values (176,'Doralynne Randene',21385231,'Doralynne.Randene@yopmail.com',13,1);
Insert into ESTUDIANTE.TABLADENTISTA (ID_DENTISTA,NOMBRE_DENTISTA,TELEFONO_DENTISTA,EMAIL_DENTISTA,ID_ESPECIALIDAD,ID_ESTADO) values (177,'Jemie Jaylene',32005466,'Jemie.Jaylene@yopmail.com',5,1);
Insert into ESTUDIANTE.TABLADENTISTA (ID_DENTISTA,NOMBRE_DENTISTA,TELEFONO_DENTISTA,EMAIL_DENTISTA,ID_ESPECIALIDAD,ID_ESTADO) values (178,'Carlie Wadell',62391561,'Carlie.Wadell@yopmail.com',12,1);
Insert into ESTUDIANTE.TABLADENTISTA (ID_DENTISTA,NOMBRE_DENTISTA,TELEFONO_DENTISTA,EMAIL_DENTISTA,ID_ESPECIALIDAD,ID_ESTADO) values (179,'Dennie Bollay',60337064,'Dennie.Bollay@yopmail.com',8,1);
Insert into ESTUDIANTE.TABLADENTISTA (ID_DENTISTA,NOMBRE_DENTISTA,TELEFONO_DENTISTA,EMAIL_DENTISTA,ID_ESPECIALIDAD,ID_ESTADO) values (180,'Madelle Revkah',34032085,'Madelle.Revkah@yopmail.com',4,2);
Insert into ESTUDIANTE.TABLADENTISTA (ID_DENTISTA,NOMBRE_DENTISTA,TELEFONO_DENTISTA,EMAIL_DENTISTA,ID_ESPECIALIDAD,ID_ESTADO) values (181,'Giustina Norvol',40281579,'Giustina.Norvol@yopmail.com',7,1);
Insert into ESTUDIANTE.TABLADENTISTA (ID_DENTISTA,NOMBRE_DENTISTA,TELEFONO_DENTISTA,EMAIL_DENTISTA,ID_ESPECIALIDAD,ID_ESTADO) values (182,'Kara-Lynn Desai',99522288,'Kara-Lynn.Desai@yopmail.com',2,1);
Insert into ESTUDIANTE.TABLADENTISTA (ID_DENTISTA,NOMBRE_DENTISTA,TELEFONO_DENTISTA,EMAIL_DENTISTA,ID_ESPECIALIDAD,ID_ESTADO) values (183,'Kaja Burkle',3180911,'Kaja.Burkle@yopmail.com',6,2);
Insert into ESTUDIANTE.TABLADENTISTA (ID_DENTISTA,NOMBRE_DENTISTA,TELEFONO_DENTISTA,EMAIL_DENTISTA,ID_ESPECIALIDAD,ID_ESTADO) values (184,'Jsandye Caitlin',88523291,'Jsandye.Caitlin@yopmail.com',11,1);
Insert into ESTUDIANTE.TABLADENTISTA (ID_DENTISTA,NOMBRE_DENTISTA,TELEFONO_DENTISTA,EMAIL_DENTISTA,ID_ESPECIALIDAD,ID_ESTADO) values (185,'Claresta Madox',74071373,'Claresta.Madox@yopmail.com',6,2);
Insert into ESTUDIANTE.TABLADENTISTA (ID_DENTISTA,NOMBRE_DENTISTA,TELEFONO_DENTISTA,EMAIL_DENTISTA,ID_ESPECIALIDAD,ID_ESTADO) values (186,'Minne Wesle',83801592,'Minne.Wesle@yopmail.com',15,2);
Insert into ESTUDIANTE.TABLADENTISTA (ID_DENTISTA,NOMBRE_DENTISTA,TELEFONO_DENTISTA,EMAIL_DENTISTA,ID_ESPECIALIDAD,ID_ESTADO) values (187,'Joane Suzetta',98677569,'Joane.Suzetta@yopmail.com',7,2);
Insert into ESTUDIANTE.TABLADENTISTA (ID_DENTISTA,NOMBRE_DENTISTA,TELEFONO_DENTISTA,EMAIL_DENTISTA,ID_ESPECIALIDAD,ID_ESTADO) values (188,'Phedra Quinn',44767957,'Phedra.Quinn@yopmail.com',3,2);
Insert into ESTUDIANTE.TABLADENTISTA (ID_DENTISTA,NOMBRE_DENTISTA,TELEFONO_DENTISTA,EMAIL_DENTISTA,ID_ESPECIALIDAD,ID_ESTADO) values (189,'Misha Seumas',83539430,'Misha.Seumas@yopmail.com',13,2);
Insert into ESTUDIANTE.TABLADENTISTA (ID_DENTISTA,NOMBRE_DENTISTA,TELEFONO_DENTISTA,EMAIL_DENTISTA,ID_ESPECIALIDAD,ID_ESTADO) values (190,'Rosaline Bollay',31845084,'Rosaline.Bollay@yopmail.com',13,2);
Insert into ESTUDIANTE.TABLADENTISTA (ID_DENTISTA,NOMBRE_DENTISTA,TELEFONO_DENTISTA,EMAIL_DENTISTA,ID_ESPECIALIDAD,ID_ESTADO) values (191,'Gertrud Frodi',19385057,'Gertrud.Frodi@yopmail.com',8,2);
Insert into ESTUDIANTE.TABLADENTISTA (ID_DENTISTA,NOMBRE_DENTISTA,TELEFONO_DENTISTA,EMAIL_DENTISTA,ID_ESPECIALIDAD,ID_ESTADO) values (192,'Tamqrah Gusella',36210424,'Tamqrah.Gusella@yopmail.com',4,2);
Insert into ESTUDIANTE.TABLADENTISTA (ID_DENTISTA,NOMBRE_DENTISTA,TELEFONO_DENTISTA,EMAIL_DENTISTA,ID_ESPECIALIDAD,ID_ESTADO) values (193,'Tera Cottle',6284016,'Tera.Cottle@yopmail.com',7,1);
Insert into ESTUDIANTE.TABLADENTISTA (ID_DENTISTA,NOMBRE_DENTISTA,TELEFONO_DENTISTA,EMAIL_DENTISTA,ID_ESPECIALIDAD,ID_ESTADO) values (194,'Di Kalinda',16747240,'Di.Kalinda@yopmail.com',7,2);
Insert into ESTUDIANTE.TABLADENTISTA (ID_DENTISTA,NOMBRE_DENTISTA,TELEFONO_DENTISTA,EMAIL_DENTISTA,ID_ESPECIALIDAD,ID_ESTADO) values (195,'Judy Honoria',36558533,'Judy.Honoria@yopmail.com',12,2);
Insert into ESTUDIANTE.TABLADENTISTA (ID_DENTISTA,NOMBRE_DENTISTA,TELEFONO_DENTISTA,EMAIL_DENTISTA,ID_ESPECIALIDAD,ID_ESTADO) values (196,'Orsola Lattie',21923012,'Orsola.Lattie@yopmail.com',7,1);
Insert into ESTUDIANTE.TABLADENTISTA (ID_DENTISTA,NOMBRE_DENTISTA,TELEFONO_DENTISTA,EMAIL_DENTISTA,ID_ESPECIALIDAD,ID_ESTADO) values (197,'Bee Gaal',3414579,'Bee.Gaal@yopmail.com',4,2);
Insert into ESTUDIANTE.TABLADENTISTA (ID_DENTISTA,NOMBRE_DENTISTA,TELEFONO_DENTISTA,EMAIL_DENTISTA,ID_ESPECIALIDAD,ID_ESTADO) values (198,'Rhea Holbrook',75245162,'Rhea.Holbrook@yopmail.com',15,2);
Insert into ESTUDIANTE.TABLADENTISTA (ID_DENTISTA,NOMBRE_DENTISTA,TELEFONO_DENTISTA,EMAIL_DENTISTA,ID_ESPECIALIDAD,ID_ESTADO) values (199,'Mariann Lubin',85083553,'Mariann.Lubin@yopmail.com',14,2);
Insert into ESTUDIANTE.TABLADENTISTA (ID_DENTISTA,NOMBRE_DENTISTA,TELEFONO_DENTISTA,EMAIL_DENTISTA,ID_ESPECIALIDAD,ID_ESTADO) values (200,'Randa Chrystel',87684938,'Randa.Chrystel@yopmail.com',2,1);
Insert into ESTUDIANTE.TABLADENTISTA (ID_DENTISTA,NOMBRE_DENTISTA,TELEFONO_DENTISTA,EMAIL_DENTISTA,ID_ESPECIALIDAD,ID_ESTADO) values (201,'Cecile Pandolfi',12793723,'Cecile.Pandolfi@yopmail.com',13,2);
Insert into ESTUDIANTE.TABLADENTISTA (ID_DENTISTA,NOMBRE_DENTISTA,TELEFONO_DENTISTA,EMAIL_DENTISTA,ID_ESPECIALIDAD,ID_ESTADO) values (202,'Merrie Pelagias',56043306,'Merrie.Pelagias@yopmail.com',4,2);
Insert into ESTUDIANTE.TABLADENTISTA (ID_DENTISTA,NOMBRE_DENTISTA,TELEFONO_DENTISTA,EMAIL_DENTISTA,ID_ESPECIALIDAD,ID_ESTADO) values (203,'Joleen Ummersen',10421662,'Joleen.Ummersen@yopmail.com',9,2);
Insert into ESTUDIANTE.TABLADENTISTA (ID_DENTISTA,NOMBRE_DENTISTA,TELEFONO_DENTISTA,EMAIL_DENTISTA,ID_ESPECIALIDAD,ID_ESTADO) values (204,'Justinn Teddman',9953721,'Justinn.Teddman@yopmail.com',4,1);
Insert into ESTUDIANTE.TABLADENTISTA (ID_DENTISTA,NOMBRE_DENTISTA,TELEFONO_DENTISTA,EMAIL_DENTISTA,ID_ESPECIALIDAD,ID_ESTADO) values (205,'Carolina Winthorpe',50566013,'Carolina.Winthorpe@yopmail.com',12,2);
Insert into ESTUDIANTE.TABLADENTISTA (ID_DENTISTA,NOMBRE_DENTISTA,TELEFONO_DENTISTA,EMAIL_DENTISTA,ID_ESPECIALIDAD,ID_ESTADO) values (206,'Chandra Philoo',77579192,'Chandra.Philoo@yopmail.com',13,1);
Insert into ESTUDIANTE.TABLADENTISTA (ID_DENTISTA,NOMBRE_DENTISTA,TELEFONO_DENTISTA,EMAIL_DENTISTA,ID_ESPECIALIDAD,ID_ESTADO) values (207,'Consuela Phi',71883972,'Consuela.Phi@yopmail.com',13,2);
Insert into ESTUDIANTE.TABLADENTISTA (ID_DENTISTA,NOMBRE_DENTISTA,TELEFONO_DENTISTA,EMAIL_DENTISTA,ID_ESPECIALIDAD,ID_ESTADO) values (208,'Silvana Mich',9084630,'Silvana.Mich@yopmail.com',13,2);
Insert into ESTUDIANTE.TABLADENTISTA (ID_DENTISTA,NOMBRE_DENTISTA,TELEFONO_DENTISTA,EMAIL_DENTISTA,ID_ESPECIALIDAD,ID_ESTADO) values (209,'Roxane Yerkovich',6535351,'Roxane.Yerkovich@yopmail.com',2,2);
Insert into ESTUDIANTE.TABLADENTISTA (ID_DENTISTA,NOMBRE_DENTISTA,TELEFONO_DENTISTA,EMAIL_DENTISTA,ID_ESPECIALIDAD,ID_ESTADO) values (210,'Amelia Ader',68778991,'Amelia.Ader@yopmail.com',11,2);
Insert into ESTUDIANTE.TABLADENTISTA (ID_DENTISTA,NOMBRE_DENTISTA,TELEFONO_DENTISTA,EMAIL_DENTISTA,ID_ESPECIALIDAD,ID_ESTADO) values (211,'Pamella Flita',47481048,'Pamella.Flita@yopmail.com',7,2);
Insert into ESTUDIANTE.TABLADENTISTA (ID_DENTISTA,NOMBRE_DENTISTA,TELEFONO_DENTISTA,EMAIL_DENTISTA,ID_ESPECIALIDAD,ID_ESTADO) values (212,'Ebonee Brodench',72639005,'Ebonee.Brodench@yopmail.com',3,1);
Insert into ESTUDIANTE.TABLADENTISTA (ID_DENTISTA,NOMBRE_DENTISTA,TELEFONO_DENTISTA,EMAIL_DENTISTA,ID_ESPECIALIDAD,ID_ESTADO) values (213,'Tabbatha Dahlia',53444524,'Tabbatha.Dahlia@yopmail.com',10,2);
Insert into ESTUDIANTE.TABLADENTISTA (ID_DENTISTA,NOMBRE_DENTISTA,TELEFONO_DENTISTA,EMAIL_DENTISTA,ID_ESPECIALIDAD,ID_ESTADO) values (214,'Ayn Millda',47847655,'Ayn.Millda@yopmail.com',1,1);
Insert into ESTUDIANTE.TABLADENTISTA (ID_DENTISTA,NOMBRE_DENTISTA,TELEFONO_DENTISTA,EMAIL_DENTISTA,ID_ESPECIALIDAD,ID_ESTADO) values (215,'Lucy Ries',51858377,'Lucy.Ries@yopmail.com',1,2);
REM INSERTING into ESTUDIANTE.TABLAHISTORIAL
SET DEFINE OFF;
Insert into ESTUDIANTE.TABLAHISTORIAL (ID_HISTORIAL,ID_PACIENTE,ID_DENTISTA,FECHA,OBSERVACIONES,ID_TRAT,ID_DIAGNOSTICO) values (16,16,2,to_date('08-JUL-24','DD-MON-RR'),'Sensibilidad en los molares.',16,8);
Insert into ESTUDIANTE.TABLAHISTORIAL (ID_HISTORIAL,ID_PACIENTE,ID_DENTISTA,FECHA,OBSERVACIONES,ID_TRAT,ID_DIAGNOSTICO) values (17,17,24,to_date('12-DEC-24','DD-MON-RR'),'Observar desarrollo de caries.',17,10);
Insert into ESTUDIANTE.TABLAHISTORIAL (ID_HISTORIAL,ID_PACIENTE,ID_DENTISTA,FECHA,OBSERVACIONES,ID_TRAT,ID_DIAGNOSTICO) values (18,18,112,to_date('30-OCT-24','DD-MON-RR'),'Observar desarrollo de caries.',18,7);
Insert into ESTUDIANTE.TABLAHISTORIAL (ID_HISTORIAL,ID_PACIENTE,ID_DENTISTA,FECHA,OBSERVACIONES,ID_TRAT,ID_DIAGNOSTICO) values (19,19,167,to_date('06-SEP-24','DD-MON-RR'),'Observacin clnica',19,7);
Insert into ESTUDIANTE.TABLAHISTORIAL (ID_HISTORIAL,ID_PACIENTE,ID_DENTISTA,FECHA,OBSERVACIONES,ID_TRAT,ID_DIAGNOSTICO) values (20,20,42,to_date('29-AUG-24','DD-MON-RR'),'Observar desarrollo de caries.',20,14);
Insert into ESTUDIANTE.TABLAHISTORIAL (ID_HISTORIAL,ID_PACIENTE,ID_DENTISTA,FECHA,OBSERVACIONES,ID_TRAT,ID_DIAGNOSTICO) values (21,21,157,to_date('13-AUG-24','DD-MON-RR'),'Seguimiento de tratamiento.',21,9);
Insert into ESTUDIANTE.TABLAHISTORIAL (ID_HISTORIAL,ID_PACIENTE,ID_DENTISTA,FECHA,OBSERVACIONES,ID_TRAT,ID_DIAGNOSTICO) values (22,22,84,to_date('04-JUL-24','DD-MON-RR'),'Requiere ajuste en la ortodoncia.',22,17);
Insert into ESTUDIANTE.TABLAHISTORIAL (ID_HISTORIAL,ID_PACIENTE,ID_DENTISTA,FECHA,OBSERVACIONES,ID_TRAT,ID_DIAGNOSTICO) values (23,23,100,to_date('19-SEP-24','DD-MON-RR'),'Observacin clnica',23,13);
Insert into ESTUDIANTE.TABLAHISTORIAL (ID_HISTORIAL,ID_PACIENTE,ID_DENTISTA,FECHA,OBSERVACIONES,ID_TRAT,ID_DIAGNOSTICO) values (24,24,33,to_date('14-AUG-24','DD-MON-RR'),'Sin observaciones anormales.',24,10);
Insert into ESTUDIANTE.TABLAHISTORIAL (ID_HISTORIAL,ID_PACIENTE,ID_DENTISTA,FECHA,OBSERVACIONES,ID_TRAT,ID_DIAGNOSTICO) values (25,25,182,to_date('19-SEP-24','DD-MON-RR'),'Buen progreso con el tratamiento.',25,1);
Insert into ESTUDIANTE.TABLAHISTORIAL (ID_HISTORIAL,ID_PACIENTE,ID_DENTISTA,FECHA,OBSERVACIONES,ID_TRAT,ID_DIAGNOSTICO) values (26,26,183,to_date('19-OCT-24','DD-MON-RR'),'Sin observaciones anormales.',26,16);
Insert into ESTUDIANTE.TABLAHISTORIAL (ID_HISTORIAL,ID_PACIENTE,ID_DENTISTA,FECHA,OBSERVACIONES,ID_TRAT,ID_DIAGNOSTICO) values (27,27,209,to_date('19-SEP-24','DD-MON-RR'),'Seguimiento de tratamiento.',27,4);
Insert into ESTUDIANTE.TABLAHISTORIAL (ID_HISTORIAL,ID_PACIENTE,ID_DENTISTA,FECHA,OBSERVACIONES,ID_TRAT,ID_DIAGNOSTICO) values (28,28,207,to_date('26-NOV-24','DD-MON-RR'),'Observacin normal.',28,17);
Insert into ESTUDIANTE.TABLAHISTORIAL (ID_HISTORIAL,ID_PACIENTE,ID_DENTISTA,FECHA,OBSERVACIONES,ID_TRAT,ID_DIAGNOSTICO) values (29,29,76,to_date('15-OCT-24','DD-MON-RR'),'Observacin normal.',29,13);
Insert into ESTUDIANTE.TABLAHISTORIAL (ID_HISTORIAL,ID_PACIENTE,ID_DENTISTA,FECHA,OBSERVACIONES,ID_TRAT,ID_DIAGNOSTICO) values (30,30,198,to_date('16-AUG-24','DD-MON-RR'),'Observacin clnica',30,18);
Insert into ESTUDIANTE.TABLAHISTORIAL (ID_HISTORIAL,ID_PACIENTE,ID_DENTISTA,FECHA,OBSERVACIONES,ID_TRAT,ID_DIAGNOSTICO) values (31,31,150,to_date('02-OCT-24','DD-MON-RR'),'Recomendar uso de hilo dental.',31,12);
Insert into ESTUDIANTE.TABLAHISTORIAL (ID_HISTORIAL,ID_PACIENTE,ID_DENTISTA,FECHA,OBSERVACIONES,ID_TRAT,ID_DIAGNOSTICO) values (32,32,160,to_date('11-OCT-24','DD-MON-RR'),'Observar desarrollo de caries.',32,8);
Insert into ESTUDIANTE.TABLAHISTORIAL (ID_HISTORIAL,ID_PACIENTE,ID_DENTISTA,FECHA,OBSERVACIONES,ID_TRAT,ID_DIAGNOSTICO) values (33,33,2,to_date('13-AUG-24','DD-MON-RR'),'Recomendar uso de hilo dental.',33,14);
Insert into ESTUDIANTE.TABLAHISTORIAL (ID_HISTORIAL,ID_PACIENTE,ID_DENTISTA,FECHA,OBSERVACIONES,ID_TRAT,ID_DIAGNOSTICO) values (34,34,214,to_date('10-JUL-24','DD-MON-RR'),'Observacin clnica',34,14);
Insert into ESTUDIANTE.TABLAHISTORIAL (ID_HISTORIAL,ID_PACIENTE,ID_DENTISTA,FECHA,OBSERVACIONES,ID_TRAT,ID_DIAGNOSTICO) values (35,35,190,to_date('14-OCT-24','DD-MON-RR'),'Inflamacin en las encas.',35,13);
Insert into ESTUDIANTE.TABLAHISTORIAL (ID_HISTORIAL,ID_PACIENTE,ID_DENTISTA,FECHA,OBSERVACIONES,ID_TRAT,ID_DIAGNOSTICO) values (36,36,48,to_date('01-DEC-24','DD-MON-RR'),'Sensibilidad en los molares.',36,4);
Insert into ESTUDIANTE.TABLAHISTORIAL (ID_HISTORIAL,ID_PACIENTE,ID_DENTISTA,FECHA,OBSERVACIONES,ID_TRAT,ID_DIAGNOSTICO) values (37,37,98,to_date('27-JUL-24','DD-MON-RR'),'Buen progreso con el tratamiento.',37,9);
Insert into ESTUDIANTE.TABLAHISTORIAL (ID_HISTORIAL,ID_PACIENTE,ID_DENTISTA,FECHA,OBSERVACIONES,ID_TRAT,ID_DIAGNOSTICO) values (38,38,82,to_date('05-DEC-24','DD-MON-RR'),'Buen progreso con el tratamiento.',38,18);
Insert into ESTUDIANTE.TABLAHISTORIAL (ID_HISTORIAL,ID_PACIENTE,ID_DENTISTA,FECHA,OBSERVACIONES,ID_TRAT,ID_DIAGNOSTICO) values (39,39,139,to_date('12-SEP-24','DD-MON-RR'),'Observar desarrollo de caries.',39,9);
Insert into ESTUDIANTE.TABLAHISTORIAL (ID_HISTORIAL,ID_PACIENTE,ID_DENTISTA,FECHA,OBSERVACIONES,ID_TRAT,ID_DIAGNOSTICO) values (40,40,215,to_date('31-AUG-24','DD-MON-RR'),'Observacin normal.',40,7);
Insert into ESTUDIANTE.TABLAHISTORIAL (ID_HISTORIAL,ID_PACIENTE,ID_DENTISTA,FECHA,OBSERVACIONES,ID_TRAT,ID_DIAGNOSTICO) values (41,41,210,to_date('17-OCT-24','DD-MON-RR'),'Sensibilidad en los molares.',41,20);
Insert into ESTUDIANTE.TABLAHISTORIAL (ID_HISTORIAL,ID_PACIENTE,ID_DENTISTA,FECHA,OBSERVACIONES,ID_TRAT,ID_DIAGNOSTICO) values (42,42,71,to_date('27-SEP-24','DD-MON-RR'),'Observacin normal.',42,3);
Insert into ESTUDIANTE.TABLAHISTORIAL (ID_HISTORIAL,ID_PACIENTE,ID_DENTISTA,FECHA,OBSERVACIONES,ID_TRAT,ID_DIAGNOSTICO) values (43,43,158,to_date('12-AUG-24','DD-MON-RR'),'Observacin clnica',43,17);
Insert into ESTUDIANTE.TABLAHISTORIAL (ID_HISTORIAL,ID_PACIENTE,ID_DENTISTA,FECHA,OBSERVACIONES,ID_TRAT,ID_DIAGNOSTICO) values (44,44,127,to_date('21-OCT-24','DD-MON-RR'),'Observacin normal.',44,11);
Insert into ESTUDIANTE.TABLAHISTORIAL (ID_HISTORIAL,ID_PACIENTE,ID_DENTISTA,FECHA,OBSERVACIONES,ID_TRAT,ID_DIAGNOSTICO) values (45,45,144,to_date('23-JUL-24','DD-MON-RR'),'Sin observaciones anormales.',45,3);
Insert into ESTUDIANTE.TABLAHISTORIAL (ID_HISTORIAL,ID_PACIENTE,ID_DENTISTA,FECHA,OBSERVACIONES,ID_TRAT,ID_DIAGNOSTICO) values (46,46,163,to_date('25-OCT-24','DD-MON-RR'),'Buen progreso con el tratamiento.',46,12);
Insert into ESTUDIANTE.TABLAHISTORIAL (ID_HISTORIAL,ID_PACIENTE,ID_DENTISTA,FECHA,OBSERVACIONES,ID_TRAT,ID_DIAGNOSTICO) values (47,47,110,to_date('23-NOV-24','DD-MON-RR'),'Sangrado leve en encas.',47,20);
Insert into ESTUDIANTE.TABLAHISTORIAL (ID_HISTORIAL,ID_PACIENTE,ID_DENTISTA,FECHA,OBSERVACIONES,ID_TRAT,ID_DIAGNOSTICO) values (48,48,109,to_date('15-OCT-24','DD-MON-RR'),'Buen progreso con el tratamiento.',48,2);
Insert into ESTUDIANTE.TABLAHISTORIAL (ID_HISTORIAL,ID_PACIENTE,ID_DENTISTA,FECHA,OBSERVACIONES,ID_TRAT,ID_DIAGNOSTICO) values (49,49,46,to_date('03-NOV-24','DD-MON-RR'),'Observacin normal.',49,2);
Insert into ESTUDIANTE.TABLAHISTORIAL (ID_HISTORIAL,ID_PACIENTE,ID_DENTISTA,FECHA,OBSERVACIONES,ID_TRAT,ID_DIAGNOSTICO) values (50,50,183,to_date('26-SEP-24','DD-MON-RR'),'Seguimiento de tratamiento.',50,20);
Insert into ESTUDIANTE.TABLAHISTORIAL (ID_HISTORIAL,ID_PACIENTE,ID_DENTISTA,FECHA,OBSERVACIONES,ID_TRAT,ID_DIAGNOSTICO) values (51,51,67,to_date('17-SEP-24','DD-MON-RR'),'Sin observaciones anormales.',51,7);
Insert into ESTUDIANTE.TABLAHISTORIAL (ID_HISTORIAL,ID_PACIENTE,ID_DENTISTA,FECHA,OBSERVACIONES,ID_TRAT,ID_DIAGNOSTICO) values (52,52,210,to_date('07-SEP-24','DD-MON-RR'),'Sin observaciones anormales.',52,1);
Insert into ESTUDIANTE.TABLAHISTORIAL (ID_HISTORIAL,ID_PACIENTE,ID_DENTISTA,FECHA,OBSERVACIONES,ID_TRAT,ID_DIAGNOSTICO) values (53,53,12,to_date('01-AUG-24','DD-MON-RR'),'Inflamacin en las encas.',53,12);
Insert into ESTUDIANTE.TABLAHISTORIAL (ID_HISTORIAL,ID_PACIENTE,ID_DENTISTA,FECHA,OBSERVACIONES,ID_TRAT,ID_DIAGNOSTICO) values (54,54,144,to_date('21-NOV-24','DD-MON-RR'),'Sensibilidad en los molares.',54,13);
Insert into ESTUDIANTE.TABLAHISTORIAL (ID_HISTORIAL,ID_PACIENTE,ID_DENTISTA,FECHA,OBSERVACIONES,ID_TRAT,ID_DIAGNOSTICO) values (55,55,17,to_date('15-DEC-24','DD-MON-RR'),'Observacin normal.',55,2);
Insert into ESTUDIANTE.TABLAHISTORIAL (ID_HISTORIAL,ID_PACIENTE,ID_DENTISTA,FECHA,OBSERVACIONES,ID_TRAT,ID_DIAGNOSTICO) values (56,56,170,to_date('03-DEC-24','DD-MON-RR'),'Buen progreso con el tratamiento.',56,3);
Insert into ESTUDIANTE.TABLAHISTORIAL (ID_HISTORIAL,ID_PACIENTE,ID_DENTISTA,FECHA,OBSERVACIONES,ID_TRAT,ID_DIAGNOSTICO) values (57,57,64,to_date('19-AUG-24','DD-MON-RR'),'Requiere seguimiento por caries.',57,11);
Insert into ESTUDIANTE.TABLAHISTORIAL (ID_HISTORIAL,ID_PACIENTE,ID_DENTISTA,FECHA,OBSERVACIONES,ID_TRAT,ID_DIAGNOSTICO) values (58,58,59,to_date('17-AUG-24','DD-MON-RR'),'Requiere ajuste en la ortodoncia.',58,20);
Insert into ESTUDIANTE.TABLAHISTORIAL (ID_HISTORIAL,ID_PACIENTE,ID_DENTISTA,FECHA,OBSERVACIONES,ID_TRAT,ID_DIAGNOSTICO) values (59,59,74,to_date('31-OCT-24','DD-MON-RR'),'Observacin normal.',59,10);
Insert into ESTUDIANTE.TABLAHISTORIAL (ID_HISTORIAL,ID_PACIENTE,ID_DENTISTA,FECHA,OBSERVACIONES,ID_TRAT,ID_DIAGNOSTICO) values (60,60,215,to_date('29-DEC-24','DD-MON-RR'),'Sangrado leve en encas.',60,18);
Insert into ESTUDIANTE.TABLAHISTORIAL (ID_HISTORIAL,ID_PACIENTE,ID_DENTISTA,FECHA,OBSERVACIONES,ID_TRAT,ID_DIAGNOSTICO) values (61,61,14,to_date('14-DEC-24','DD-MON-RR'),'Observar desarrollo de caries.',61,18);
Insert into ESTUDIANTE.TABLAHISTORIAL (ID_HISTORIAL,ID_PACIENTE,ID_DENTISTA,FECHA,OBSERVACIONES,ID_TRAT,ID_DIAGNOSTICO) values (62,62,51,to_date('08-OCT-24','DD-MON-RR'),'Observacin clnica',62,19);
Insert into ESTUDIANTE.TABLAHISTORIAL (ID_HISTORIAL,ID_PACIENTE,ID_DENTISTA,FECHA,OBSERVACIONES,ID_TRAT,ID_DIAGNOSTICO) values (63,63,114,to_date('28-OCT-24','DD-MON-RR'),'Inflamacin en las encas.',63,7);
Insert into ESTUDIANTE.TABLAHISTORIAL (ID_HISTORIAL,ID_PACIENTE,ID_DENTISTA,FECHA,OBSERVACIONES,ID_TRAT,ID_DIAGNOSTICO) values (64,64,47,to_date('17-DEC-24','DD-MON-RR'),'Inflamacin en las encas.',64,5);
Insert into ESTUDIANTE.TABLAHISTORIAL (ID_HISTORIAL,ID_PACIENTE,ID_DENTISTA,FECHA,OBSERVACIONES,ID_TRAT,ID_DIAGNOSTICO) values (65,65,119,to_date('22-JUL-24','DD-MON-RR'),'Requiere seguimiento por caries.',65,13);
Insert into ESTUDIANTE.TABLAHISTORIAL (ID_HISTORIAL,ID_PACIENTE,ID_DENTISTA,FECHA,OBSERVACIONES,ID_TRAT,ID_DIAGNOSTICO) values (66,66,31,to_date('16-OCT-24','DD-MON-RR'),'Observacin normal.',66,7);
Insert into ESTUDIANTE.TABLAHISTORIAL (ID_HISTORIAL,ID_PACIENTE,ID_DENTISTA,FECHA,OBSERVACIONES,ID_TRAT,ID_DIAGNOSTICO) values (67,67,204,to_date('29-OCT-24','DD-MON-RR'),'Recomendar uso de hilo dental.',67,18);
Insert into ESTUDIANTE.TABLAHISTORIAL (ID_HISTORIAL,ID_PACIENTE,ID_DENTISTA,FECHA,OBSERVACIONES,ID_TRAT,ID_DIAGNOSTICO) values (68,68,193,to_date('21-AUG-24','DD-MON-RR'),'Observar desarrollo de caries.',68,20);
Insert into ESTUDIANTE.TABLAHISTORIAL (ID_HISTORIAL,ID_PACIENTE,ID_DENTISTA,FECHA,OBSERVACIONES,ID_TRAT,ID_DIAGNOSTICO) values (69,69,78,to_date('22-AUG-24','DD-MON-RR'),'Sin observaciones anormales.',69,15);
Insert into ESTUDIANTE.TABLAHISTORIAL (ID_HISTORIAL,ID_PACIENTE,ID_DENTISTA,FECHA,OBSERVACIONES,ID_TRAT,ID_DIAGNOSTICO) values (70,70,59,to_date('05-DEC-24','DD-MON-RR'),'Requiere seguimiento por caries.',70,18);
Insert into ESTUDIANTE.TABLAHISTORIAL (ID_HISTORIAL,ID_PACIENTE,ID_DENTISTA,FECHA,OBSERVACIONES,ID_TRAT,ID_DIAGNOSTICO) values (71,71,80,to_date('07-NOV-24','DD-MON-RR'),'Observacin clnica',71,13);
Insert into ESTUDIANTE.TABLAHISTORIAL (ID_HISTORIAL,ID_PACIENTE,ID_DENTISTA,FECHA,OBSERVACIONES,ID_TRAT,ID_DIAGNOSTICO) values (72,72,136,to_date('29-JUL-24','DD-MON-RR'),'Recomendar uso de hilo dental.',72,19);
Insert into ESTUDIANTE.TABLAHISTORIAL (ID_HISTORIAL,ID_PACIENTE,ID_DENTISTA,FECHA,OBSERVACIONES,ID_TRAT,ID_DIAGNOSTICO) values (73,73,145,to_date('30-AUG-24','DD-MON-RR'),'Sin observaciones anormales.',73,19);
Insert into ESTUDIANTE.TABLAHISTORIAL (ID_HISTORIAL,ID_PACIENTE,ID_DENTISTA,FECHA,OBSERVACIONES,ID_TRAT,ID_DIAGNOSTICO) values (74,74,79,to_date('02-AUG-24','DD-MON-RR'),'Seguimiento de tratamiento.',74,10);
Insert into ESTUDIANTE.TABLAHISTORIAL (ID_HISTORIAL,ID_PACIENTE,ID_DENTISTA,FECHA,OBSERVACIONES,ID_TRAT,ID_DIAGNOSTICO) values (75,75,35,to_date('05-NOV-24','DD-MON-RR'),'Sin observaciones anormales.',75,17);
Insert into ESTUDIANTE.TABLAHISTORIAL (ID_HISTORIAL,ID_PACIENTE,ID_DENTISTA,FECHA,OBSERVACIONES,ID_TRAT,ID_DIAGNOSTICO) values (76,76,150,to_date('19-DEC-24','DD-MON-RR'),'Seguimiento de tratamiento.',76,14);
Insert into ESTUDIANTE.TABLAHISTORIAL (ID_HISTORIAL,ID_PACIENTE,ID_DENTISTA,FECHA,OBSERVACIONES,ID_TRAT,ID_DIAGNOSTICO) values (77,77,79,to_date('10-AUG-24','DD-MON-RR'),'Seguimiento de tratamiento.',77,6);
Insert into ESTUDIANTE.TABLAHISTORIAL (ID_HISTORIAL,ID_PACIENTE,ID_DENTISTA,FECHA,OBSERVACIONES,ID_TRAT,ID_DIAGNOSTICO) values (78,78,76,to_date('11-NOV-24','DD-MON-RR'),'Sin observaciones anormales.',78,20);
Insert into ESTUDIANTE.TABLAHISTORIAL (ID_HISTORIAL,ID_PACIENTE,ID_DENTISTA,FECHA,OBSERVACIONES,ID_TRAT,ID_DIAGNOSTICO) values (79,79,63,to_date('25-JUL-24','DD-MON-RR'),'Sangrado leve en encas.',79,4);
Insert into ESTUDIANTE.TABLAHISTORIAL (ID_HISTORIAL,ID_PACIENTE,ID_DENTISTA,FECHA,OBSERVACIONES,ID_TRAT,ID_DIAGNOSTICO) values (80,80,212,to_date('29-DEC-24','DD-MON-RR'),'Requiere ajuste en la ortodoncia.',80,17);
Insert into ESTUDIANTE.TABLAHISTORIAL (ID_HISTORIAL,ID_PACIENTE,ID_DENTISTA,FECHA,OBSERVACIONES,ID_TRAT,ID_DIAGNOSTICO) values (81,81,185,to_date('18-JUL-24','DD-MON-RR'),'Observar desarrollo de caries.',81,13);
Insert into ESTUDIANTE.TABLAHISTORIAL (ID_HISTORIAL,ID_PACIENTE,ID_DENTISTA,FECHA,OBSERVACIONES,ID_TRAT,ID_DIAGNOSTICO) values (82,82,148,to_date('09-JUL-24','DD-MON-RR'),'Observacin clnica',82,18);
Insert into ESTUDIANTE.TABLAHISTORIAL (ID_HISTORIAL,ID_PACIENTE,ID_DENTISTA,FECHA,OBSERVACIONES,ID_TRAT,ID_DIAGNOSTICO) values (83,83,34,to_date('11-NOV-24','DD-MON-RR'),'Sin observaciones anormales.',83,1);
Insert into ESTUDIANTE.TABLAHISTORIAL (ID_HISTORIAL,ID_PACIENTE,ID_DENTISTA,FECHA,OBSERVACIONES,ID_TRAT,ID_DIAGNOSTICO) values (84,84,84,to_date('24-SEP-24','DD-MON-RR'),'Requiere ajuste en la ortodoncia.',84,2);
Insert into ESTUDIANTE.TABLAHISTORIAL (ID_HISTORIAL,ID_PACIENTE,ID_DENTISTA,FECHA,OBSERVACIONES,ID_TRAT,ID_DIAGNOSTICO) values (85,85,156,to_date('23-NOV-24','DD-MON-RR'),'Sensibilidad en los molares.',85,4);
Insert into ESTUDIANTE.TABLAHISTORIAL (ID_HISTORIAL,ID_PACIENTE,ID_DENTISTA,FECHA,OBSERVACIONES,ID_TRAT,ID_DIAGNOSTICO) values (86,86,14,to_date('14-SEP-24','DD-MON-RR'),'Seguimiento de tratamiento.',86,16);
Insert into ESTUDIANTE.TABLAHISTORIAL (ID_HISTORIAL,ID_PACIENTE,ID_DENTISTA,FECHA,OBSERVACIONES,ID_TRAT,ID_DIAGNOSTICO) values (87,87,214,to_date('14-JUL-24','DD-MON-RR'),'Requiere ajuste en la ortodoncia.',87,9);
Insert into ESTUDIANTE.TABLAHISTORIAL (ID_HISTORIAL,ID_PACIENTE,ID_DENTISTA,FECHA,OBSERVACIONES,ID_TRAT,ID_DIAGNOSTICO) values (88,88,205,to_date('27-SEP-24','DD-MON-RR'),'Recomendar uso de hilo dental.',88,1);
Insert into ESTUDIANTE.TABLAHISTORIAL (ID_HISTORIAL,ID_PACIENTE,ID_DENTISTA,FECHA,OBSERVACIONES,ID_TRAT,ID_DIAGNOSTICO) values (89,89,83,to_date('18-SEP-24','DD-MON-RR'),'Recomendar uso de hilo dental.',89,15);
Insert into ESTUDIANTE.TABLAHISTORIAL (ID_HISTORIAL,ID_PACIENTE,ID_DENTISTA,FECHA,OBSERVACIONES,ID_TRAT,ID_DIAGNOSTICO) values (90,90,178,to_date('06-JUL-24','DD-MON-RR'),'Observacin clnica',90,15);
Insert into ESTUDIANTE.TABLAHISTORIAL (ID_HISTORIAL,ID_PACIENTE,ID_DENTISTA,FECHA,OBSERVACIONES,ID_TRAT,ID_DIAGNOSTICO) values (91,91,178,to_date('23-OCT-24','DD-MON-RR'),'Requiere seguimiento por caries.',91,3);
Insert into ESTUDIANTE.TABLAHISTORIAL (ID_HISTORIAL,ID_PACIENTE,ID_DENTISTA,FECHA,OBSERVACIONES,ID_TRAT,ID_DIAGNOSTICO) values (92,92,96,to_date('14-DEC-24','DD-MON-RR'),'Requiere seguimiento por caries.',92,9);
Insert into ESTUDIANTE.TABLAHISTORIAL (ID_HISTORIAL,ID_PACIENTE,ID_DENTISTA,FECHA,OBSERVACIONES,ID_TRAT,ID_DIAGNOSTICO) values (93,93,188,to_date('09-JUL-24','DD-MON-RR'),'Recomendar uso de hilo dental.',93,15);
Insert into ESTUDIANTE.TABLAHISTORIAL (ID_HISTORIAL,ID_PACIENTE,ID_DENTISTA,FECHA,OBSERVACIONES,ID_TRAT,ID_DIAGNOSTICO) values (94,94,208,to_date('03-NOV-24','DD-MON-RR'),'Sin observaciones anormales.',94,5);
Insert into ESTUDIANTE.TABLAHISTORIAL (ID_HISTORIAL,ID_PACIENTE,ID_DENTISTA,FECHA,OBSERVACIONES,ID_TRAT,ID_DIAGNOSTICO) values (95,95,99,to_date('30-JUN-24','DD-MON-RR'),'Buen progreso con el tratamiento.',95,3);
Insert into ESTUDIANTE.TABLAHISTORIAL (ID_HISTORIAL,ID_PACIENTE,ID_DENTISTA,FECHA,OBSERVACIONES,ID_TRAT,ID_DIAGNOSTICO) values (96,96,146,to_date('20-DEC-24','DD-MON-RR'),'Requiere ajuste en la ortodoncia.',96,13);
Insert into ESTUDIANTE.TABLAHISTORIAL (ID_HISTORIAL,ID_PACIENTE,ID_DENTISTA,FECHA,OBSERVACIONES,ID_TRAT,ID_DIAGNOSTICO) values (97,97,10,to_date('18-AUG-24','DD-MON-RR'),'Observacin clnica',97,12);
Insert into ESTUDIANTE.TABLAHISTORIAL (ID_HISTORIAL,ID_PACIENTE,ID_DENTISTA,FECHA,OBSERVACIONES,ID_TRAT,ID_DIAGNOSTICO) values (98,98,17,to_date('18-DEC-24','DD-MON-RR'),'Buen progreso con el tratamiento.',98,12);
Insert into ESTUDIANTE.TABLAHISTORIAL (ID_HISTORIAL,ID_PACIENTE,ID_DENTISTA,FECHA,OBSERVACIONES,ID_TRAT,ID_DIAGNOSTICO) values (99,99,15,to_date('10-OCT-24','DD-MON-RR'),'Sin observaciones anormales.',99,5);
Insert into ESTUDIANTE.TABLAHISTORIAL (ID_HISTORIAL,ID_PACIENTE,ID_DENTISTA,FECHA,OBSERVACIONES,ID_TRAT,ID_DIAGNOSTICO) values (100,100,113,to_date('11-NOV-24','DD-MON-RR'),'Observacin normal.',100,6);
Insert into ESTUDIANTE.TABLAHISTORIAL (ID_HISTORIAL,ID_PACIENTE,ID_DENTISTA,FECHA,OBSERVACIONES,ID_TRAT,ID_DIAGNOSTICO) values (101,101,149,to_date('03-DEC-24','DD-MON-RR'),'Observar desarrollo de caries.',101,12);
Insert into ESTUDIANTE.TABLAHISTORIAL (ID_HISTORIAL,ID_PACIENTE,ID_DENTISTA,FECHA,OBSERVACIONES,ID_TRAT,ID_DIAGNOSTICO) values (102,102,6,to_date('05-DEC-24','DD-MON-RR'),'Inflamacin en las encas.',102,13);
Insert into ESTUDIANTE.TABLAHISTORIAL (ID_HISTORIAL,ID_PACIENTE,ID_DENTISTA,FECHA,OBSERVACIONES,ID_TRAT,ID_DIAGNOSTICO) values (103,103,33,to_date('09-AUG-24','DD-MON-RR'),'Requiere ajuste en la ortodoncia.',103,4);
Insert into ESTUDIANTE.TABLAHISTORIAL (ID_HISTORIAL,ID_PACIENTE,ID_DENTISTA,FECHA,OBSERVACIONES,ID_TRAT,ID_DIAGNOSTICO) values (104,104,165,to_date('20-NOV-24','DD-MON-RR'),'Sin observaciones anormales.',104,9);
Insert into ESTUDIANTE.TABLAHISTORIAL (ID_HISTORIAL,ID_PACIENTE,ID_DENTISTA,FECHA,OBSERVACIONES,ID_TRAT,ID_DIAGNOSTICO) values (105,105,61,to_date('03-AUG-24','DD-MON-RR'),'Inflamacin en las encas.',105,12);
Insert into ESTUDIANTE.TABLAHISTORIAL (ID_HISTORIAL,ID_PACIENTE,ID_DENTISTA,FECHA,OBSERVACIONES,ID_TRAT,ID_DIAGNOSTICO) values (106,106,151,to_date('21-NOV-24','DD-MON-RR'),'Observar desarrollo de caries.',106,10);
Insert into ESTUDIANTE.TABLAHISTORIAL (ID_HISTORIAL,ID_PACIENTE,ID_DENTISTA,FECHA,OBSERVACIONES,ID_TRAT,ID_DIAGNOSTICO) values (107,107,34,to_date('28-OCT-24','DD-MON-RR'),'Seguimiento de tratamiento.',107,13);
Insert into ESTUDIANTE.TABLAHISTORIAL (ID_HISTORIAL,ID_PACIENTE,ID_DENTISTA,FECHA,OBSERVACIONES,ID_TRAT,ID_DIAGNOSTICO) values (108,108,156,to_date('27-DEC-24','DD-MON-RR'),'Sin observaciones anormales.',108,5);
Insert into ESTUDIANTE.TABLAHISTORIAL (ID_HISTORIAL,ID_PACIENTE,ID_DENTISTA,FECHA,OBSERVACIONES,ID_TRAT,ID_DIAGNOSTICO) values (109,109,132,to_date('03-JUL-24','DD-MON-RR'),'Observacin clnica',109,9);
Insert into ESTUDIANTE.TABLAHISTORIAL (ID_HISTORIAL,ID_PACIENTE,ID_DENTISTA,FECHA,OBSERVACIONES,ID_TRAT,ID_DIAGNOSTICO) values (110,110,110,to_date('26-JUL-24','DD-MON-RR'),'Seguimiento de tratamiento.',110,10);
Insert into ESTUDIANTE.TABLAHISTORIAL (ID_HISTORIAL,ID_PACIENTE,ID_DENTISTA,FECHA,OBSERVACIONES,ID_TRAT,ID_DIAGNOSTICO) values (111,111,86,to_date('09-OCT-24','DD-MON-RR'),'Requiere seguimiento por caries.',111,5);
Insert into ESTUDIANTE.TABLAHISTORIAL (ID_HISTORIAL,ID_PACIENTE,ID_DENTISTA,FECHA,OBSERVACIONES,ID_TRAT,ID_DIAGNOSTICO) values (112,112,154,to_date('25-JUL-24','DD-MON-RR'),'Recomendar uso de hilo dental.',112,11);
Insert into ESTUDIANTE.TABLAHISTORIAL (ID_HISTORIAL,ID_PACIENTE,ID_DENTISTA,FECHA,OBSERVACIONES,ID_TRAT,ID_DIAGNOSTICO) values (113,113,10,to_date('14-DEC-24','DD-MON-RR'),'Observacin clnica',113,11);
Insert into ESTUDIANTE.TABLAHISTORIAL (ID_HISTORIAL,ID_PACIENTE,ID_DENTISTA,FECHA,OBSERVACIONES,ID_TRAT,ID_DIAGNOSTICO) values (114,114,149,to_date('27-NOV-24','DD-MON-RR'),'Sin observaciones anormales.',114,12);
Insert into ESTUDIANTE.TABLAHISTORIAL (ID_HISTORIAL,ID_PACIENTE,ID_DENTISTA,FECHA,OBSERVACIONES,ID_TRAT,ID_DIAGNOSTICO) values (115,115,1,to_date('12-NOV-24','DD-MON-RR'),'Observar desarrollo de caries.',115,16);
Insert into ESTUDIANTE.TABLAHISTORIAL (ID_HISTORIAL,ID_PACIENTE,ID_DENTISTA,FECHA,OBSERVACIONES,ID_TRAT,ID_DIAGNOSTICO) values (116,116,94,to_date('20-AUG-24','DD-MON-RR'),'Observar desarrollo de caries.',116,4);
Insert into ESTUDIANTE.TABLAHISTORIAL (ID_HISTORIAL,ID_PACIENTE,ID_DENTISTA,FECHA,OBSERVACIONES,ID_TRAT,ID_DIAGNOSTICO) values (117,117,205,to_date('30-JUL-24','DD-MON-RR'),'Requiere seguimiento por caries.',117,8);
Insert into ESTUDIANTE.TABLAHISTORIAL (ID_HISTORIAL,ID_PACIENTE,ID_DENTISTA,FECHA,OBSERVACIONES,ID_TRAT,ID_DIAGNOSTICO) values (118,118,137,to_date('02-AUG-24','DD-MON-RR'),'Observacin clnica',118,7);
Insert into ESTUDIANTE.TABLAHISTORIAL (ID_HISTORIAL,ID_PACIENTE,ID_DENTISTA,FECHA,OBSERVACIONES,ID_TRAT,ID_DIAGNOSTICO) values (119,119,18,to_date('02-OCT-24','DD-MON-RR'),'Observar desarrollo de caries.',119,5);
Insert into ESTUDIANTE.TABLAHISTORIAL (ID_HISTORIAL,ID_PACIENTE,ID_DENTISTA,FECHA,OBSERVACIONES,ID_TRAT,ID_DIAGNOSTICO) values (120,120,180,to_date('09-OCT-24','DD-MON-RR'),'Inflamacin en las encas.',120,1);
Insert into ESTUDIANTE.TABLAHISTORIAL (ID_HISTORIAL,ID_PACIENTE,ID_DENTISTA,FECHA,OBSERVACIONES,ID_TRAT,ID_DIAGNOSTICO) values (121,121,86,to_date('12-AUG-24','DD-MON-RR'),'Sensibilidad en los molares.',121,9);
Insert into ESTUDIANTE.TABLAHISTORIAL (ID_HISTORIAL,ID_PACIENTE,ID_DENTISTA,FECHA,OBSERVACIONES,ID_TRAT,ID_DIAGNOSTICO) values (122,122,116,to_date('01-NOV-24','DD-MON-RR'),'Recomendar uso de hilo dental.',122,15);
Insert into ESTUDIANTE.TABLAHISTORIAL (ID_HISTORIAL,ID_PACIENTE,ID_DENTISTA,FECHA,OBSERVACIONES,ID_TRAT,ID_DIAGNOSTICO) values (123,123,202,to_date('10-DEC-24','DD-MON-RR'),'Inflamacin en las encas.',123,5);
Insert into ESTUDIANTE.TABLAHISTORIAL (ID_HISTORIAL,ID_PACIENTE,ID_DENTISTA,FECHA,OBSERVACIONES,ID_TRAT,ID_DIAGNOSTICO) values (124,124,30,to_date('29-OCT-24','DD-MON-RR'),'Sangrado leve en encas.',124,18);
Insert into ESTUDIANTE.TABLAHISTORIAL (ID_HISTORIAL,ID_PACIENTE,ID_DENTISTA,FECHA,OBSERVACIONES,ID_TRAT,ID_DIAGNOSTICO) values (125,125,132,to_date('08-SEP-24','DD-MON-RR'),'Observacin normal.',125,20);
Insert into ESTUDIANTE.TABLAHISTORIAL (ID_HISTORIAL,ID_PACIENTE,ID_DENTISTA,FECHA,OBSERVACIONES,ID_TRAT,ID_DIAGNOSTICO) values (126,126,155,to_date('16-AUG-24','DD-MON-RR'),'Requiere ajuste en la ortodoncia.',126,18);
Insert into ESTUDIANTE.TABLAHISTORIAL (ID_HISTORIAL,ID_PACIENTE,ID_DENTISTA,FECHA,OBSERVACIONES,ID_TRAT,ID_DIAGNOSTICO) values (127,127,147,to_date('23-OCT-24','DD-MON-RR'),'Observacin normal.',127,18);
Insert into ESTUDIANTE.TABLAHISTORIAL (ID_HISTORIAL,ID_PACIENTE,ID_DENTISTA,FECHA,OBSERVACIONES,ID_TRAT,ID_DIAGNOSTICO) values (128,128,193,to_date('25-AUG-24','DD-MON-RR'),'Sangrado leve en encas.',128,8);
Insert into ESTUDIANTE.TABLAHISTORIAL (ID_HISTORIAL,ID_PACIENTE,ID_DENTISTA,FECHA,OBSERVACIONES,ID_TRAT,ID_DIAGNOSTICO) values (129,129,151,to_date('19-SEP-24','DD-MON-RR'),'Observacin normal.',129,15);
Insert into ESTUDIANTE.TABLAHISTORIAL (ID_HISTORIAL,ID_PACIENTE,ID_DENTISTA,FECHA,OBSERVACIONES,ID_TRAT,ID_DIAGNOSTICO) values (130,130,178,to_date('31-OCT-24','DD-MON-RR'),'Requiere seguimiento por caries.',130,3);
Insert into ESTUDIANTE.TABLAHISTORIAL (ID_HISTORIAL,ID_PACIENTE,ID_DENTISTA,FECHA,OBSERVACIONES,ID_TRAT,ID_DIAGNOSTICO) values (131,131,197,to_date('09-NOV-24','DD-MON-RR'),'Recomendar uso de hilo dental.',131,5);
Insert into ESTUDIANTE.TABLAHISTORIAL (ID_HISTORIAL,ID_PACIENTE,ID_DENTISTA,FECHA,OBSERVACIONES,ID_TRAT,ID_DIAGNOSTICO) values (132,132,195,to_date('24-SEP-24','DD-MON-RR'),'Requiere ajuste en la ortodoncia.',132,16);
Insert into ESTUDIANTE.TABLAHISTORIAL (ID_HISTORIAL,ID_PACIENTE,ID_DENTISTA,FECHA,OBSERVACIONES,ID_TRAT,ID_DIAGNOSTICO) values (133,133,12,to_date('07-OCT-24','DD-MON-RR'),'Recomendar uso de hilo dental.',133,19);
Insert into ESTUDIANTE.TABLAHISTORIAL (ID_HISTORIAL,ID_PACIENTE,ID_DENTISTA,FECHA,OBSERVACIONES,ID_TRAT,ID_DIAGNOSTICO) values (134,134,77,to_date('28-SEP-24','DD-MON-RR'),'Observacin normal.',134,11);
Insert into ESTUDIANTE.TABLAHISTORIAL (ID_HISTORIAL,ID_PACIENTE,ID_DENTISTA,FECHA,OBSERVACIONES,ID_TRAT,ID_DIAGNOSTICO) values (135,135,143,to_date('19-OCT-24','DD-MON-RR'),'Requiere ajuste en la ortodoncia.',135,20);
Insert into ESTUDIANTE.TABLAHISTORIAL (ID_HISTORIAL,ID_PACIENTE,ID_DENTISTA,FECHA,OBSERVACIONES,ID_TRAT,ID_DIAGNOSTICO) values (136,136,111,to_date('19-DEC-24','DD-MON-RR'),'Sin observaciones anormales.',136,20);
Insert into ESTUDIANTE.TABLAHISTORIAL (ID_HISTORIAL,ID_PACIENTE,ID_DENTISTA,FECHA,OBSERVACIONES,ID_TRAT,ID_DIAGNOSTICO) values (137,137,182,to_date('23-DEC-24','DD-MON-RR'),'Observacin clnica',137,17);
Insert into ESTUDIANTE.TABLAHISTORIAL (ID_HISTORIAL,ID_PACIENTE,ID_DENTISTA,FECHA,OBSERVACIONES,ID_TRAT,ID_DIAGNOSTICO) values (138,138,117,to_date('06-DEC-24','DD-MON-RR'),'Observar desarrollo de caries.',138,8);
Insert into ESTUDIANTE.TABLAHISTORIAL (ID_HISTORIAL,ID_PACIENTE,ID_DENTISTA,FECHA,OBSERVACIONES,ID_TRAT,ID_DIAGNOSTICO) values (139,139,167,to_date('15-SEP-24','DD-MON-RR'),'Recomendar uso de hilo dental.',139,19);
Insert into ESTUDIANTE.TABLAHISTORIAL (ID_HISTORIAL,ID_PACIENTE,ID_DENTISTA,FECHA,OBSERVACIONES,ID_TRAT,ID_DIAGNOSTICO) values (140,140,178,to_date('18-JUL-24','DD-MON-RR'),'Recomendar uso de hilo dental.',140,12);
Insert into ESTUDIANTE.TABLAHISTORIAL (ID_HISTORIAL,ID_PACIENTE,ID_DENTISTA,FECHA,OBSERVACIONES,ID_TRAT,ID_DIAGNOSTICO) values (141,141,60,to_date('12-NOV-24','DD-MON-RR'),'Recomendar uso de hilo dental.',141,13);
Insert into ESTUDIANTE.TABLAHISTORIAL (ID_HISTORIAL,ID_PACIENTE,ID_DENTISTA,FECHA,OBSERVACIONES,ID_TRAT,ID_DIAGNOSTICO) values (142,142,113,to_date('03-NOV-24','DD-MON-RR'),'Seguimiento de tratamiento.',142,7);
Insert into ESTUDIANTE.TABLAHISTORIAL (ID_HISTORIAL,ID_PACIENTE,ID_DENTISTA,FECHA,OBSERVACIONES,ID_TRAT,ID_DIAGNOSTICO) values (143,143,73,to_date('08-DEC-24','DD-MON-RR'),'Observacin clnica',143,19);
Insert into ESTUDIANTE.TABLAHISTORIAL (ID_HISTORIAL,ID_PACIENTE,ID_DENTISTA,FECHA,OBSERVACIONES,ID_TRAT,ID_DIAGNOSTICO) values (144,144,118,to_date('15-AUG-24','DD-MON-RR'),'Observacin clnica',144,5);
Insert into ESTUDIANTE.TABLAHISTORIAL (ID_HISTORIAL,ID_PACIENTE,ID_DENTISTA,FECHA,OBSERVACIONES,ID_TRAT,ID_DIAGNOSTICO) values (145,145,153,to_date('30-NOV-24','DD-MON-RR'),'Seguimiento de tratamiento.',145,20);
Insert into ESTUDIANTE.TABLAHISTORIAL (ID_HISTORIAL,ID_PACIENTE,ID_DENTISTA,FECHA,OBSERVACIONES,ID_TRAT,ID_DIAGNOSTICO) values (146,146,72,to_date('01-AUG-24','DD-MON-RR'),'Inflamacin en las encas.',146,9);
Insert into ESTUDIANTE.TABLAHISTORIAL (ID_HISTORIAL,ID_PACIENTE,ID_DENTISTA,FECHA,OBSERVACIONES,ID_TRAT,ID_DIAGNOSTICO) values (147,147,22,to_date('14-SEP-24','DD-MON-RR'),'Sin observaciones anormales.',147,3);
Insert into ESTUDIANTE.TABLAHISTORIAL (ID_HISTORIAL,ID_PACIENTE,ID_DENTISTA,FECHA,OBSERVACIONES,ID_TRAT,ID_DIAGNOSTICO) values (148,148,120,to_date('28-OCT-24','DD-MON-RR'),'Sangrado leve en encas.',148,7);
Insert into ESTUDIANTE.TABLAHISTORIAL (ID_HISTORIAL,ID_PACIENTE,ID_DENTISTA,FECHA,OBSERVACIONES,ID_TRAT,ID_DIAGNOSTICO) values (149,149,133,to_date('21-JUL-24','DD-MON-RR'),'Sangrado leve en encas.',149,15);
Insert into ESTUDIANTE.TABLAHISTORIAL (ID_HISTORIAL,ID_PACIENTE,ID_DENTISTA,FECHA,OBSERVACIONES,ID_TRAT,ID_DIAGNOSTICO) values (150,150,12,to_date('29-OCT-24','DD-MON-RR'),'Recomendar uso de hilo dental.',150,7);
Insert into ESTUDIANTE.TABLAHISTORIAL (ID_HISTORIAL,ID_PACIENTE,ID_DENTISTA,FECHA,OBSERVACIONES,ID_TRAT,ID_DIAGNOSTICO) values (151,151,52,to_date('13-SEP-24','DD-MON-RR'),'Sin observaciones anormales.',151,2);
Insert into ESTUDIANTE.TABLAHISTORIAL (ID_HISTORIAL,ID_PACIENTE,ID_DENTISTA,FECHA,OBSERVACIONES,ID_TRAT,ID_DIAGNOSTICO) values (152,152,183,to_date('10-JUL-24','DD-MON-RR'),'Requiere seguimiento por caries.',152,12);
Insert into ESTUDIANTE.TABLAHISTORIAL (ID_HISTORIAL,ID_PACIENTE,ID_DENTISTA,FECHA,OBSERVACIONES,ID_TRAT,ID_DIAGNOSTICO) values (153,153,55,to_date('08-OCT-24','DD-MON-RR'),'Requiere ajuste en la ortodoncia.',153,12);
Insert into ESTUDIANTE.TABLAHISTORIAL (ID_HISTORIAL,ID_PACIENTE,ID_DENTISTA,FECHA,OBSERVACIONES,ID_TRAT,ID_DIAGNOSTICO) values (154,154,11,to_date('26-SEP-24','DD-MON-RR'),'Sangrado leve en encas.',154,3);
Insert into ESTUDIANTE.TABLAHISTORIAL (ID_HISTORIAL,ID_PACIENTE,ID_DENTISTA,FECHA,OBSERVACIONES,ID_TRAT,ID_DIAGNOSTICO) values (155,155,141,to_date('12-OCT-24','DD-MON-RR'),'Requiere seguimiento por caries.',155,14);
Insert into ESTUDIANTE.TABLAHISTORIAL (ID_HISTORIAL,ID_PACIENTE,ID_DENTISTA,FECHA,OBSERVACIONES,ID_TRAT,ID_DIAGNOSTICO) values (156,156,45,to_date('11-JUL-24','DD-MON-RR'),'Buen progreso con el tratamiento.',156,7);
Insert into ESTUDIANTE.TABLAHISTORIAL (ID_HISTORIAL,ID_PACIENTE,ID_DENTISTA,FECHA,OBSERVACIONES,ID_TRAT,ID_DIAGNOSTICO) values (157,157,137,to_date('22-JUL-24','DD-MON-RR'),'Sangrado leve en encas.',157,9);
Insert into ESTUDIANTE.TABLAHISTORIAL (ID_HISTORIAL,ID_PACIENTE,ID_DENTISTA,FECHA,OBSERVACIONES,ID_TRAT,ID_DIAGNOSTICO) values (158,158,31,to_date('05-OCT-24','DD-MON-RR'),'Observar desarrollo de caries.',158,7);
Insert into ESTUDIANTE.TABLAHISTORIAL (ID_HISTORIAL,ID_PACIENTE,ID_DENTISTA,FECHA,OBSERVACIONES,ID_TRAT,ID_DIAGNOSTICO) values (159,159,29,to_date('26-NOV-24','DD-MON-RR'),'Recomendar uso de hilo dental.',159,3);
Insert into ESTUDIANTE.TABLAHISTORIAL (ID_HISTORIAL,ID_PACIENTE,ID_DENTISTA,FECHA,OBSERVACIONES,ID_TRAT,ID_DIAGNOSTICO) values (160,160,78,to_date('02-NOV-24','DD-MON-RR'),'Seguimiento de tratamiento.',160,13);
Insert into ESTUDIANTE.TABLAHISTORIAL (ID_HISTORIAL,ID_PACIENTE,ID_DENTISTA,FECHA,OBSERVACIONES,ID_TRAT,ID_DIAGNOSTICO) values (161,161,107,to_date('05-SEP-24','DD-MON-RR'),'Seguimiento de tratamiento.',161,13);
Insert into ESTUDIANTE.TABLAHISTORIAL (ID_HISTORIAL,ID_PACIENTE,ID_DENTISTA,FECHA,OBSERVACIONES,ID_TRAT,ID_DIAGNOSTICO) values (162,162,209,to_date('31-OCT-24','DD-MON-RR'),'Recomendar uso de hilo dental.',162,2);
Insert into ESTUDIANTE.TABLAHISTORIAL (ID_HISTORIAL,ID_PACIENTE,ID_DENTISTA,FECHA,OBSERVACIONES,ID_TRAT,ID_DIAGNOSTICO) values (163,163,118,to_date('15-NOV-24','DD-MON-RR'),'Seguimiento de tratamiento.',163,9);
Insert into ESTUDIANTE.TABLAHISTORIAL (ID_HISTORIAL,ID_PACIENTE,ID_DENTISTA,FECHA,OBSERVACIONES,ID_TRAT,ID_DIAGNOSTICO) values (164,164,85,to_date('10-AUG-24','DD-MON-RR'),'Sin observaciones anormales.',164,19);
Insert into ESTUDIANTE.TABLAHISTORIAL (ID_HISTORIAL,ID_PACIENTE,ID_DENTISTA,FECHA,OBSERVACIONES,ID_TRAT,ID_DIAGNOSTICO) values (165,165,51,to_date('04-NOV-24','DD-MON-RR'),'Sensibilidad en los molares.',165,18);
Insert into ESTUDIANTE.TABLAHISTORIAL (ID_HISTORIAL,ID_PACIENTE,ID_DENTISTA,FECHA,OBSERVACIONES,ID_TRAT,ID_DIAGNOSTICO) values (166,166,192,to_date('22-DEC-24','DD-MON-RR'),'Sin observaciones anormales.',166,11);
Insert into ESTUDIANTE.TABLAHISTORIAL (ID_HISTORIAL,ID_PACIENTE,ID_DENTISTA,FECHA,OBSERVACIONES,ID_TRAT,ID_DIAGNOSTICO) values (167,167,72,to_date('11-OCT-24','DD-MON-RR'),'Observacin clnica',167,6);
Insert into ESTUDIANTE.TABLAHISTORIAL (ID_HISTORIAL,ID_PACIENTE,ID_DENTISTA,FECHA,OBSERVACIONES,ID_TRAT,ID_DIAGNOSTICO) values (168,168,186,to_date('21-DEC-24','DD-MON-RR'),'Seguimiento de tratamiento.',168,10);
Insert into ESTUDIANTE.TABLAHISTORIAL (ID_HISTORIAL,ID_PACIENTE,ID_DENTISTA,FECHA,OBSERVACIONES,ID_TRAT,ID_DIAGNOSTICO) values (169,169,136,to_date('28-SEP-24','DD-MON-RR'),'Observacin clnica',169,13);
Insert into ESTUDIANTE.TABLAHISTORIAL (ID_HISTORIAL,ID_PACIENTE,ID_DENTISTA,FECHA,OBSERVACIONES,ID_TRAT,ID_DIAGNOSTICO) values (170,170,184,to_date('08-DEC-24','DD-MON-RR'),'Inflamacin en las encas.',170,8);
Insert into ESTUDIANTE.TABLAHISTORIAL (ID_HISTORIAL,ID_PACIENTE,ID_DENTISTA,FECHA,OBSERVACIONES,ID_TRAT,ID_DIAGNOSTICO) values (171,171,103,to_date('16-AUG-24','DD-MON-RR'),'Sangrado leve en encas.',171,18);
Insert into ESTUDIANTE.TABLAHISTORIAL (ID_HISTORIAL,ID_PACIENTE,ID_DENTISTA,FECHA,OBSERVACIONES,ID_TRAT,ID_DIAGNOSTICO) values (172,172,119,to_date('19-DEC-24','DD-MON-RR'),'Seguimiento de tratamiento.',172,10);
Insert into ESTUDIANTE.TABLAHISTORIAL (ID_HISTORIAL,ID_PACIENTE,ID_DENTISTA,FECHA,OBSERVACIONES,ID_TRAT,ID_DIAGNOSTICO) values (173,173,21,to_date('10-DEC-24','DD-MON-RR'),'Observar desarrollo de caries.',173,17);
Insert into ESTUDIANTE.TABLAHISTORIAL (ID_HISTORIAL,ID_PACIENTE,ID_DENTISTA,FECHA,OBSERVACIONES,ID_TRAT,ID_DIAGNOSTICO) values (174,174,67,to_date('07-SEP-24','DD-MON-RR'),'Buen progreso con el tratamiento.',174,1);
Insert into ESTUDIANTE.TABLAHISTORIAL (ID_HISTORIAL,ID_PACIENTE,ID_DENTISTA,FECHA,OBSERVACIONES,ID_TRAT,ID_DIAGNOSTICO) values (175,175,161,to_date('29-OCT-24','DD-MON-RR'),'Observar desarrollo de caries.',175,1);
Insert into ESTUDIANTE.TABLAHISTORIAL (ID_HISTORIAL,ID_PACIENTE,ID_DENTISTA,FECHA,OBSERVACIONES,ID_TRAT,ID_DIAGNOSTICO) values (176,176,35,to_date('30-AUG-24','DD-MON-RR'),'Observacin clnica',176,3);
Insert into ESTUDIANTE.TABLAHISTORIAL (ID_HISTORIAL,ID_PACIENTE,ID_DENTISTA,FECHA,OBSERVACIONES,ID_TRAT,ID_DIAGNOSTICO) values (177,177,203,to_date('14-SEP-24','DD-MON-RR'),'Sensibilidad en los molares.',177,1);
Insert into ESTUDIANTE.TABLAHISTORIAL (ID_HISTORIAL,ID_PACIENTE,ID_DENTISTA,FECHA,OBSERVACIONES,ID_TRAT,ID_DIAGNOSTICO) values (178,178,56,to_date('26-SEP-24','DD-MON-RR'),'Buen progreso con el tratamiento.',178,9);
Insert into ESTUDIANTE.TABLAHISTORIAL (ID_HISTORIAL,ID_PACIENTE,ID_DENTISTA,FECHA,OBSERVACIONES,ID_TRAT,ID_DIAGNOSTICO) values (179,179,53,to_date('09-AUG-24','DD-MON-RR'),'Recomendar uso de hilo dental.',179,14);
Insert into ESTUDIANTE.TABLAHISTORIAL (ID_HISTORIAL,ID_PACIENTE,ID_DENTISTA,FECHA,OBSERVACIONES,ID_TRAT,ID_DIAGNOSTICO) values (180,180,208,to_date('27-NOV-24','DD-MON-RR'),'Sensibilidad en los molares.',180,12);
Insert into ESTUDIANTE.TABLAHISTORIAL (ID_HISTORIAL,ID_PACIENTE,ID_DENTISTA,FECHA,OBSERVACIONES,ID_TRAT,ID_DIAGNOSTICO) values (181,181,166,to_date('23-NOV-24','DD-MON-RR'),'Inflamacin en las encas.',181,17);
Insert into ESTUDIANTE.TABLAHISTORIAL (ID_HISTORIAL,ID_PACIENTE,ID_DENTISTA,FECHA,OBSERVACIONES,ID_TRAT,ID_DIAGNOSTICO) values (182,182,74,to_date('22-JUL-24','DD-MON-RR'),'Buen progreso con el tratamiento.',182,5);
Insert into ESTUDIANTE.TABLAHISTORIAL (ID_HISTORIAL,ID_PACIENTE,ID_DENTISTA,FECHA,OBSERVACIONES,ID_TRAT,ID_DIAGNOSTICO) values (183,183,149,to_date('23-DEC-24','DD-MON-RR'),'Recomendar uso de hilo dental.',183,4);
Insert into ESTUDIANTE.TABLAHISTORIAL (ID_HISTORIAL,ID_PACIENTE,ID_DENTISTA,FECHA,OBSERVACIONES,ID_TRAT,ID_DIAGNOSTICO) values (184,184,51,to_date('11-AUG-24','DD-MON-RR'),'Observar desarrollo de caries.',184,15);
Insert into ESTUDIANTE.TABLAHISTORIAL (ID_HISTORIAL,ID_PACIENTE,ID_DENTISTA,FECHA,OBSERVACIONES,ID_TRAT,ID_DIAGNOSTICO) values (185,185,186,to_date('15-DEC-24','DD-MON-RR'),'Observacin clnica',185,20);
Insert into ESTUDIANTE.TABLAHISTORIAL (ID_HISTORIAL,ID_PACIENTE,ID_DENTISTA,FECHA,OBSERVACIONES,ID_TRAT,ID_DIAGNOSTICO) values (186,186,82,to_date('25-OCT-24','DD-MON-RR'),'Recomendar uso de hilo dental.',186,2);
Insert into ESTUDIANTE.TABLAHISTORIAL (ID_HISTORIAL,ID_PACIENTE,ID_DENTISTA,FECHA,OBSERVACIONES,ID_TRAT,ID_DIAGNOSTICO) values (187,187,31,to_date('24-JUL-24','DD-MON-RR'),'Sin observaciones anormales.',187,19);
Insert into ESTUDIANTE.TABLAHISTORIAL (ID_HISTORIAL,ID_PACIENTE,ID_DENTISTA,FECHA,OBSERVACIONES,ID_TRAT,ID_DIAGNOSTICO) values (188,188,140,to_date('02-NOV-24','DD-MON-RR'),'Sangrado leve en encas.',188,7);
Insert into ESTUDIANTE.TABLAHISTORIAL (ID_HISTORIAL,ID_PACIENTE,ID_DENTISTA,FECHA,OBSERVACIONES,ID_TRAT,ID_DIAGNOSTICO) values (189,189,53,to_date('01-DEC-24','DD-MON-RR'),'Sin observaciones anormales.',189,18);
Insert into ESTUDIANTE.TABLAHISTORIAL (ID_HISTORIAL,ID_PACIENTE,ID_DENTISTA,FECHA,OBSERVACIONES,ID_TRAT,ID_DIAGNOSTICO) values (190,190,82,to_date('06-DEC-24','DD-MON-RR'),'Observacin clnica',190,16);
Insert into ESTUDIANTE.TABLAHISTORIAL (ID_HISTORIAL,ID_PACIENTE,ID_DENTISTA,FECHA,OBSERVACIONES,ID_TRAT,ID_DIAGNOSTICO) values (191,191,28,to_date('18-DEC-24','DD-MON-RR'),'Recomendar uso de hilo dental.',191,7);
Insert into ESTUDIANTE.TABLAHISTORIAL (ID_HISTORIAL,ID_PACIENTE,ID_DENTISTA,FECHA,OBSERVACIONES,ID_TRAT,ID_DIAGNOSTICO) values (192,192,169,to_date('11-NOV-24','DD-MON-RR'),'Recomendar uso de hilo dental.',192,1);
Insert into ESTUDIANTE.TABLAHISTORIAL (ID_HISTORIAL,ID_PACIENTE,ID_DENTISTA,FECHA,OBSERVACIONES,ID_TRAT,ID_DIAGNOSTICO) values (193,193,12,to_date('10-AUG-24','DD-MON-RR'),'Inflamacin en las encas.',193,9);
Insert into ESTUDIANTE.TABLAHISTORIAL (ID_HISTORIAL,ID_PACIENTE,ID_DENTISTA,FECHA,OBSERVACIONES,ID_TRAT,ID_DIAGNOSTICO) values (194,194,82,to_date('04-AUG-24','DD-MON-RR'),'Observar desarrollo de caries.',194,1);
Insert into ESTUDIANTE.TABLAHISTORIAL (ID_HISTORIAL,ID_PACIENTE,ID_DENTISTA,FECHA,OBSERVACIONES,ID_TRAT,ID_DIAGNOSTICO) values (195,195,11,to_date('12-AUG-24','DD-MON-RR'),'Sensibilidad en los molares.',195,18);
Insert into ESTUDIANTE.TABLAHISTORIAL (ID_HISTORIAL,ID_PACIENTE,ID_DENTISTA,FECHA,OBSERVACIONES,ID_TRAT,ID_DIAGNOSTICO) values (196,196,202,to_date('21-OCT-24','DD-MON-RR'),'Recomendar uso de hilo dental.',196,14);
Insert into ESTUDIANTE.TABLAHISTORIAL (ID_HISTORIAL,ID_PACIENTE,ID_DENTISTA,FECHA,OBSERVACIONES,ID_TRAT,ID_DIAGNOSTICO) values (197,197,197,to_date('04-AUG-24','DD-MON-RR'),'Sin observaciones anormales.',197,15);
Insert into ESTUDIANTE.TABLAHISTORIAL (ID_HISTORIAL,ID_PACIENTE,ID_DENTISTA,FECHA,OBSERVACIONES,ID_TRAT,ID_DIAGNOSTICO) values (198,198,39,to_date('13-AUG-24','DD-MON-RR'),'Seguimiento de tratamiento.',198,6);
Insert into ESTUDIANTE.TABLAHISTORIAL (ID_HISTORIAL,ID_PACIENTE,ID_DENTISTA,FECHA,OBSERVACIONES,ID_TRAT,ID_DIAGNOSTICO) values (199,199,114,to_date('11-AUG-24','DD-MON-RR'),'Inflamacin en las encas.',199,16);
Insert into ESTUDIANTE.TABLAHISTORIAL (ID_HISTORIAL,ID_PACIENTE,ID_DENTISTA,FECHA,OBSERVACIONES,ID_TRAT,ID_DIAGNOSTICO) values (200,200,215,to_date('03-JUL-24','DD-MON-RR'),'Buen progreso con el tratamiento.',200,10);
Insert into ESTUDIANTE.TABLAHISTORIAL (ID_HISTORIAL,ID_PACIENTE,ID_DENTISTA,FECHA,OBSERVACIONES,ID_TRAT,ID_DIAGNOSTICO) values (201,201,95,to_date('10-DEC-24','DD-MON-RR'),'Recomendar uso de hilo dental.',201,17);
Insert into ESTUDIANTE.TABLAHISTORIAL (ID_HISTORIAL,ID_PACIENTE,ID_DENTISTA,FECHA,OBSERVACIONES,ID_TRAT,ID_DIAGNOSTICO) values (202,202,215,to_date('06-NOV-24','DD-MON-RR'),'Inflamacin en las encas.',202,18);
Insert into ESTUDIANTE.TABLAHISTORIAL (ID_HISTORIAL,ID_PACIENTE,ID_DENTISTA,FECHA,OBSERVACIONES,ID_TRAT,ID_DIAGNOSTICO) values (203,203,177,to_date('24-JUL-24','DD-MON-RR'),'Recomendar uso de hilo dental.',203,5);
Insert into ESTUDIANTE.TABLAHISTORIAL (ID_HISTORIAL,ID_PACIENTE,ID_DENTISTA,FECHA,OBSERVACIONES,ID_TRAT,ID_DIAGNOSTICO) values (204,204,191,to_date('18-DEC-24','DD-MON-RR'),'Sin observaciones anormales.',204,16);
Insert into ESTUDIANTE.TABLAHISTORIAL (ID_HISTORIAL,ID_PACIENTE,ID_DENTISTA,FECHA,OBSERVACIONES,ID_TRAT,ID_DIAGNOSTICO) values (205,205,178,to_date('06-AUG-24','DD-MON-RR'),'Buen progreso con el tratamiento.',205,19);
Insert into ESTUDIANTE.TABLAHISTORIAL (ID_HISTORIAL,ID_PACIENTE,ID_DENTISTA,FECHA,OBSERVACIONES,ID_TRAT,ID_DIAGNOSTICO) values (206,206,156,to_date('17-OCT-24','DD-MON-RR'),'Recomendar uso de hilo dental.',206,14);
Insert into ESTUDIANTE.TABLAHISTORIAL (ID_HISTORIAL,ID_PACIENTE,ID_DENTISTA,FECHA,OBSERVACIONES,ID_TRAT,ID_DIAGNOSTICO) values (207,207,128,to_date('31-AUG-24','DD-MON-RR'),'Sin observaciones anormales.',207,20);
Insert into ESTUDIANTE.TABLAHISTORIAL (ID_HISTORIAL,ID_PACIENTE,ID_DENTISTA,FECHA,OBSERVACIONES,ID_TRAT,ID_DIAGNOSTICO) values (208,208,105,to_date('13-JUL-24','DD-MON-RR'),'Observacin clnica',208,4);
Insert into ESTUDIANTE.TABLAHISTORIAL (ID_HISTORIAL,ID_PACIENTE,ID_DENTISTA,FECHA,OBSERVACIONES,ID_TRAT,ID_DIAGNOSTICO) values (209,209,113,to_date('11-SEP-24','DD-MON-RR'),'Observacin normal.',209,9);
Insert into ESTUDIANTE.TABLAHISTORIAL (ID_HISTORIAL,ID_PACIENTE,ID_DENTISTA,FECHA,OBSERVACIONES,ID_TRAT,ID_DIAGNOSTICO) values (210,210,103,to_date('01-AUG-24','DD-MON-RR'),'Sin observaciones anormales.',210,4);
Insert into ESTUDIANTE.TABLAHISTORIAL (ID_HISTORIAL,ID_PACIENTE,ID_DENTISTA,FECHA,OBSERVACIONES,ID_TRAT,ID_DIAGNOSTICO) values (211,211,159,to_date('09-JUL-24','DD-MON-RR'),'Observacin normal.',211,11);
Insert into ESTUDIANTE.TABLAHISTORIAL (ID_HISTORIAL,ID_PACIENTE,ID_DENTISTA,FECHA,OBSERVACIONES,ID_TRAT,ID_DIAGNOSTICO) values (212,212,49,to_date('03-AUG-24','DD-MON-RR'),'Seguimiento de tratamiento.',212,12);
Insert into ESTUDIANTE.TABLAHISTORIAL (ID_HISTORIAL,ID_PACIENTE,ID_DENTISTA,FECHA,OBSERVACIONES,ID_TRAT,ID_DIAGNOSTICO) values (213,213,95,to_date('02-JUL-24','DD-MON-RR'),'Observacin clnica',213,1);
Insert into ESTUDIANTE.TABLAHISTORIAL (ID_HISTORIAL,ID_PACIENTE,ID_DENTISTA,FECHA,OBSERVACIONES,ID_TRAT,ID_DIAGNOSTICO) values (214,214,6,to_date('23-JUL-24','DD-MON-RR'),'Inflamacin en las encas.',214,4);
Insert into ESTUDIANTE.TABLAHISTORIAL (ID_HISTORIAL,ID_PACIENTE,ID_DENTISTA,FECHA,OBSERVACIONES,ID_TRAT,ID_DIAGNOSTICO) values (215,215,7,to_date('07-NOV-24','DD-MON-RR'),'Recomendar uso de hilo dental.',215,11);
REM INSERTING into ESTUDIANTE.TABLAPACIENTES
SET DEFINE OFF;
Insert into ESTUDIANTE.TABLAPACIENTES (ID_PACIENTE,NOMBRE_PACIENTE,FECHA_NACIMIENTO,EDAD,TELEFONO_PTE,EMAIL_PTE,FECHA_REGISTRO,ID_ESTADO) values (16,'Maridel Viddah',to_date('27-FEB-99','DD-MON-RR'),25,11613686,'Maridel.Viddah@gmail.com',to_date('01-JAN-24','DD-MON-RR'),2);
Insert into ESTUDIANTE.TABLAPACIENTES (ID_PACIENTE,NOMBRE_PACIENTE,FECHA_NACIMIENTO,EDAD,TELEFONO_PTE,EMAIL_PTE,FECHA_REGISTRO,ID_ESTADO) values (17,'Christal Florina',to_date('27-MAY-91','DD-MON-RR'),33,13198271,'Christal.Florina@gmail.com',to_date('02-JAN-24','DD-MON-RR'),2);
Insert into ESTUDIANTE.TABLAPACIENTES (ID_PACIENTE,NOMBRE_PACIENTE,FECHA_NACIMIENTO,EDAD,TELEFONO_PTE,EMAIL_PTE,FECHA_REGISTRO,ID_ESTADO) values (18,'Alie Orpah',to_date('21-AUG-86','DD-MON-RR'),38,40492220,'Alie.Orpah@gmail.com',to_date('03-JAN-24','DD-MON-RR'),2);
Insert into ESTUDIANTE.TABLAPACIENTES (ID_PACIENTE,NOMBRE_PACIENTE,FECHA_NACIMIENTO,EDAD,TELEFONO_PTE,EMAIL_PTE,FECHA_REGISTRO,ID_ESTADO) values (19,'Kristan Philoo',to_date('11-JAN-92','DD-MON-RR'),32,60186015,'Kristan.Philoo@gmail.com',to_date('04-JAN-24','DD-MON-RR'),2);
Insert into ESTUDIANTE.TABLAPACIENTES (ID_PACIENTE,NOMBRE_PACIENTE,FECHA_NACIMIENTO,EDAD,TELEFONO_PTE,EMAIL_PTE,FECHA_REGISTRO,ID_ESTADO) values (20,'Emmey Kelula',to_date('01-JUL-79','DD-MON-RR'),45,56206480,'Emmey.Kelula@gmail.com',to_date('05-JAN-24','DD-MON-RR'),1);
Insert into ESTUDIANTE.TABLAPACIENTES (ID_PACIENTE,NOMBRE_PACIENTE,FECHA_NACIMIENTO,EDAD,TELEFONO_PTE,EMAIL_PTE,FECHA_REGISTRO,ID_ESTADO) values (21,'Sashenka Kimmie',to_date('28-OCT-91','DD-MON-RR'),33,19281208,'Sashenka.Kimmie@gmail.com',to_date('06-JAN-24','DD-MON-RR'),1);
Insert into ESTUDIANTE.TABLAPACIENTES (ID_PACIENTE,NOMBRE_PACIENTE,FECHA_NACIMIENTO,EDAD,TELEFONO_PTE,EMAIL_PTE,FECHA_REGISTRO,ID_ESTADO) values (22,'Anallese Erich',to_date('09-MAR-06','DD-MON-RR'),18,68371830,'Anallese.Erich@gmail.com',to_date('07-JAN-24','DD-MON-RR'),2);
Insert into ESTUDIANTE.TABLAPACIENTES (ID_PACIENTE,NOMBRE_PACIENTE,FECHA_NACIMIENTO,EDAD,TELEFONO_PTE,EMAIL_PTE,FECHA_REGISTRO,ID_ESTADO) values (23,'Ofilia Chabot',to_date('02-APR-85','DD-MON-RR'),39,65398156,'Ofilia.Chabot@gmail.com',to_date('08-JAN-24','DD-MON-RR'),2);
Insert into ESTUDIANTE.TABLAPACIENTES (ID_PACIENTE,NOMBRE_PACIENTE,FECHA_NACIMIENTO,EDAD,TELEFONO_PTE,EMAIL_PTE,FECHA_REGISTRO,ID_ESTADO) values (24,'Monika Tice',to_date('24-JUN-62','DD-MON-RR'),62,68143015,'Monika.Tice@gmail.com',to_date('09-JAN-24','DD-MON-RR'),1);
Insert into ESTUDIANTE.TABLAPACIENTES (ID_PACIENTE,NOMBRE_PACIENTE,FECHA_NACIMIENTO,EDAD,TELEFONO_PTE,EMAIL_PTE,FECHA_REGISTRO,ID_ESTADO) values (25,'Ilse Justinn',to_date('08-APR-95','DD-MON-RR'),29,30477149,'Ilse.Justinn@gmail.com',to_date('10-JAN-24','DD-MON-RR'),1);
Insert into ESTUDIANTE.TABLAPACIENTES (ID_PACIENTE,NOMBRE_PACIENTE,FECHA_NACIMIENTO,EDAD,TELEFONO_PTE,EMAIL_PTE,FECHA_REGISTRO,ID_ESTADO) values (26,'Berget Gherardo',to_date('07-AUG-77','DD-MON-RR'),47,20857161,'Berget.Gherardo@gmail.com',to_date('11-JAN-24','DD-MON-RR'),2);
Insert into ESTUDIANTE.TABLAPACIENTES (ID_PACIENTE,NOMBRE_PACIENTE,FECHA_NACIMIENTO,EDAD,TELEFONO_PTE,EMAIL_PTE,FECHA_REGISTRO,ID_ESTADO) values (27,'Amii Burkle',to_date('29-JUL-94','DD-MON-RR'),30,40068438,'Amii.Burkle@gmail.com',to_date('12-JAN-24','DD-MON-RR'),2);
Insert into ESTUDIANTE.TABLAPACIENTES (ID_PACIENTE,NOMBRE_PACIENTE,FECHA_NACIMIENTO,EDAD,TELEFONO_PTE,EMAIL_PTE,FECHA_REGISTRO,ID_ESTADO) values (28,'Sibella Valoniah',to_date('02-AUG-84','DD-MON-RR'),40,52277177,'Sibella.Valoniah@gmail.com',to_date('13-JAN-24','DD-MON-RR'),2);
Insert into ESTUDIANTE.TABLAPACIENTES (ID_PACIENTE,NOMBRE_PACIENTE,FECHA_NACIMIENTO,EDAD,TELEFONO_PTE,EMAIL_PTE,FECHA_REGISTRO,ID_ESTADO) values (29,'Hildegaard Naor',to_date('08-JUN-13','DD-MON-RR'),11,92634611,'Hildegaard.Naor@gmail.com',to_date('14-JAN-24','DD-MON-RR'),2);
Insert into ESTUDIANTE.TABLAPACIENTES (ID_PACIENTE,NOMBRE_PACIENTE,FECHA_NACIMIENTO,EDAD,TELEFONO_PTE,EMAIL_PTE,FECHA_REGISTRO,ID_ESTADO) values (30,'Roseline Boehike',to_date('15-MAY-06','DD-MON-RR'),18,69850402,'Roseline.Boehike@gmail.com',to_date('15-JAN-24','DD-MON-RR'),1);
Insert into ESTUDIANTE.TABLAPACIENTES (ID_PACIENTE,NOMBRE_PACIENTE,FECHA_NACIMIENTO,EDAD,TELEFONO_PTE,EMAIL_PTE,FECHA_REGISTRO,ID_ESTADO) values (31,'Evaleen Corilla',to_date('03-JAN-71','DD-MON-RR'),53,29951621,'Evaleen.Corilla@gmail.com',to_date('16-JAN-24','DD-MON-RR'),2);
Insert into ESTUDIANTE.TABLAPACIENTES (ID_PACIENTE,NOMBRE_PACIENTE,FECHA_NACIMIENTO,EDAD,TELEFONO_PTE,EMAIL_PTE,FECHA_REGISTRO,ID_ESTADO) values (32,'Wanda Bakerman',to_date('20-SEP-92','DD-MON-RR'),32,30326762,'Wanda.Bakerman@gmail.com',to_date('17-JAN-24','DD-MON-RR'),2);
Insert into ESTUDIANTE.TABLAPACIENTES (ID_PACIENTE,NOMBRE_PACIENTE,FECHA_NACIMIENTO,EDAD,TELEFONO_PTE,EMAIL_PTE,FECHA_REGISTRO,ID_ESTADO) values (33,'Darci Fennessy',to_date('01-OCT-02','DD-MON-RR'),22,74615732,'Darci.Fennessy@gmail.com',to_date('18-JAN-24','DD-MON-RR'),1);
Insert into ESTUDIANTE.TABLAPACIENTES (ID_PACIENTE,NOMBRE_PACIENTE,FECHA_NACIMIENTO,EDAD,TELEFONO_PTE,EMAIL_PTE,FECHA_REGISTRO,ID_ESTADO) values (34,'Marleah Pandolfi',to_date('28-FEB-09','DD-MON-RR'),15,28771818,'Marleah.Pandolfi@gmail.com',to_date('19-JAN-24','DD-MON-RR'),1);
Insert into ESTUDIANTE.TABLAPACIENTES (ID_PACIENTE,NOMBRE_PACIENTE,FECHA_NACIMIENTO,EDAD,TELEFONO_PTE,EMAIL_PTE,FECHA_REGISTRO,ID_ESTADO) values (35,'Regina An',to_date('27-OCT-02','DD-MON-RR'),22,27602935,'Regina.An@gmail.com',to_date('20-JAN-24','DD-MON-RR'),2);
Insert into ESTUDIANTE.TABLAPACIENTES (ID_PACIENTE,NOMBRE_PACIENTE,FECHA_NACIMIENTO,EDAD,TELEFONO_PTE,EMAIL_PTE,FECHA_REGISTRO,ID_ESTADO) values (36,'Marline Ophelia',to_date('06-JAN-14','DD-MON-RR'),10,29797552,'Marline.Ophelia@gmail.com',to_date('21-JAN-24','DD-MON-RR'),2);
Insert into ESTUDIANTE.TABLAPACIENTES (ID_PACIENTE,NOMBRE_PACIENTE,FECHA_NACIMIENTO,EDAD,TELEFONO_PTE,EMAIL_PTE,FECHA_REGISTRO,ID_ESTADO) values (37,'Wanda Behre',to_date('23-DEC-91','DD-MON-RR'),33,94241351,'Wanda.Behre@gmail.com',to_date('22-JAN-24','DD-MON-RR'),1);
Insert into ESTUDIANTE.TABLAPACIENTES (ID_PACIENTE,NOMBRE_PACIENTE,FECHA_NACIMIENTO,EDAD,TELEFONO_PTE,EMAIL_PTE,FECHA_REGISTRO,ID_ESTADO) values (38,'Minda Cutlerr',to_date('24-APR-97','DD-MON-RR'),27,54049584,'Minda.Cutlerr@gmail.com',to_date('23-JAN-24','DD-MON-RR'),1);
Insert into ESTUDIANTE.TABLAPACIENTES (ID_PACIENTE,NOMBRE_PACIENTE,FECHA_NACIMIENTO,EDAD,TELEFONO_PTE,EMAIL_PTE,FECHA_REGISTRO,ID_ESTADO) values (39,'Celisse Emerson',to_date('11-AUG-14','DD-MON-RR'),10,37628340,'Celisse.Emerson@gmail.com',to_date('24-JAN-24','DD-MON-RR'),2);
Insert into ESTUDIANTE.TABLAPACIENTES (ID_PACIENTE,NOMBRE_PACIENTE,FECHA_NACIMIENTO,EDAD,TELEFONO_PTE,EMAIL_PTE,FECHA_REGISTRO,ID_ESTADO) values (40,'Harrietta Prouty',to_date('11-JAN-78','DD-MON-RR'),46,99171797,'Harrietta.Prouty@gmail.com',to_date('25-JAN-24','DD-MON-RR'),2);
Insert into ESTUDIANTE.TABLAPACIENTES (ID_PACIENTE,NOMBRE_PACIENTE,FECHA_NACIMIENTO,EDAD,TELEFONO_PTE,EMAIL_PTE,FECHA_REGISTRO,ID_ESTADO) values (41,'Babita Masao',to_date('09-JAN-81','DD-MON-RR'),43,41593830,'Babita.Masao@gmail.com',to_date('26-JAN-24','DD-MON-RR'),1);
Insert into ESTUDIANTE.TABLAPACIENTES (ID_PACIENTE,NOMBRE_PACIENTE,FECHA_NACIMIENTO,EDAD,TELEFONO_PTE,EMAIL_PTE,FECHA_REGISTRO,ID_ESTADO) values (42,'Ottilie Rozanna',to_date('31-MAY-76','DD-MON-RR'),48,89114442,'Ottilie.Rozanna@gmail.com',to_date('27-JAN-24','DD-MON-RR'),2);
Insert into ESTUDIANTE.TABLAPACIENTES (ID_PACIENTE,NOMBRE_PACIENTE,FECHA_NACIMIENTO,EDAD,TELEFONO_PTE,EMAIL_PTE,FECHA_REGISTRO,ID_ESTADO) values (43,'Tabbatha Angelis',to_date('04-JAN-77','DD-MON-RR'),47,37408159,'Tabbatha.Angelis@gmail.com',to_date('28-JAN-24','DD-MON-RR'),1);
Insert into ESTUDIANTE.TABLAPACIENTES (ID_PACIENTE,NOMBRE_PACIENTE,FECHA_NACIMIENTO,EDAD,TELEFONO_PTE,EMAIL_PTE,FECHA_REGISTRO,ID_ESTADO) values (44,'Wanda Euridice',to_date('29-APR-70','DD-MON-RR'),54,89400656,'Wanda.Euridice@gmail.com',to_date('29-JAN-24','DD-MON-RR'),1);
Insert into ESTUDIANTE.TABLAPACIENTES (ID_PACIENTE,NOMBRE_PACIENTE,FECHA_NACIMIENTO,EDAD,TELEFONO_PTE,EMAIL_PTE,FECHA_REGISTRO,ID_ESTADO) values (45,'Elyssa Vins',to_date('29-MAY-90','DD-MON-RR'),34,66010516,'Elyssa.Vins@gmail.com',to_date('30-JAN-24','DD-MON-RR'),1);
Insert into ESTUDIANTE.TABLAPACIENTES (ID_PACIENTE,NOMBRE_PACIENTE,FECHA_NACIMIENTO,EDAD,TELEFONO_PTE,EMAIL_PTE,FECHA_REGISTRO,ID_ESTADO) values (46,'Maye Konyn',to_date('11-DEC-05','DD-MON-RR'),19,84607874,'Maye.Konyn@gmail.com',to_date('31-JAN-24','DD-MON-RR'),2);
Insert into ESTUDIANTE.TABLAPACIENTES (ID_PACIENTE,NOMBRE_PACIENTE,FECHA_NACIMIENTO,EDAD,TELEFONO_PTE,EMAIL_PTE,FECHA_REGISTRO,ID_ESTADO) values (47,'Karina Franza',to_date('06-MAR-84','DD-MON-RR'),40,66502477,'Karina.Franza@gmail.com',to_date('01-FEB-24','DD-MON-RR'),1);
Insert into ESTUDIANTE.TABLAPACIENTES (ID_PACIENTE,NOMBRE_PACIENTE,FECHA_NACIMIENTO,EDAD,TELEFONO_PTE,EMAIL_PTE,FECHA_REGISTRO,ID_ESTADO) values (48,'Renie Cavan',to_date('28-JAN-80','DD-MON-RR'),44,97121491,'Renie.Cavan@gmail.com',to_date('02-FEB-24','DD-MON-RR'),2);
Insert into ESTUDIANTE.TABLAPACIENTES (ID_PACIENTE,NOMBRE_PACIENTE,FECHA_NACIMIENTO,EDAD,TELEFONO_PTE,EMAIL_PTE,FECHA_REGISTRO,ID_ESTADO) values (49,'Lilith Ilka',to_date('23-OCT-07','DD-MON-RR'),17,76992152,'Lilith.Ilka@gmail.com',to_date('03-FEB-24','DD-MON-RR'),2);
Insert into ESTUDIANTE.TABLAPACIENTES (ID_PACIENTE,NOMBRE_PACIENTE,FECHA_NACIMIENTO,EDAD,TELEFONO_PTE,EMAIL_PTE,FECHA_REGISTRO,ID_ESTADO) values (50,'Barbara Roscoe',to_date('19-JUL-76','DD-MON-RR'),48,51052414,'Barbara.Roscoe@gmail.com',to_date('04-FEB-24','DD-MON-RR'),2);
Insert into ESTUDIANTE.TABLAPACIENTES (ID_PACIENTE,NOMBRE_PACIENTE,FECHA_NACIMIENTO,EDAD,TELEFONO_PTE,EMAIL_PTE,FECHA_REGISTRO,ID_ESTADO) values (51,'Elsie Wind',to_date('26-MAR-95','DD-MON-RR'),29,89968672,'Elsie.Wind@gmail.com',to_date('05-FEB-24','DD-MON-RR'),1);
Insert into ESTUDIANTE.TABLAPACIENTES (ID_PACIENTE,NOMBRE_PACIENTE,FECHA_NACIMIENTO,EDAD,TELEFONO_PTE,EMAIL_PTE,FECHA_REGISTRO,ID_ESTADO) values (52,'Bill Kaja',to_date('05-JAN-67','DD-MON-RR'),57,51053361,'Bill.Kaja@gmail.com',to_date('06-FEB-24','DD-MON-RR'),2);
Insert into ESTUDIANTE.TABLAPACIENTES (ID_PACIENTE,NOMBRE_PACIENTE,FECHA_NACIMIENTO,EDAD,TELEFONO_PTE,EMAIL_PTE,FECHA_REGISTRO,ID_ESTADO) values (53,'Michaelina Merat',to_date('11-JAN-96','DD-MON-RR'),28,27799658,'Michaelina.Merat@gmail.com',to_date('07-FEB-24','DD-MON-RR'),1);
Insert into ESTUDIANTE.TABLAPACIENTES (ID_PACIENTE,NOMBRE_PACIENTE,FECHA_NACIMIENTO,EDAD,TELEFONO_PTE,EMAIL_PTE,FECHA_REGISTRO,ID_ESTADO) values (54,'Sue Toor',to_date('05-APR-02','DD-MON-RR'),22,22151723,'Sue.Toor@gmail.com',to_date('08-FEB-24','DD-MON-RR'),2);
Insert into ESTUDIANTE.TABLAPACIENTES (ID_PACIENTE,NOMBRE_PACIENTE,FECHA_NACIMIENTO,EDAD,TELEFONO_PTE,EMAIL_PTE,FECHA_REGISTRO,ID_ESTADO) values (55,'Bernie Vivle',to_date('03-SEP-62','DD-MON-RR'),62,23450591,'Bernie.Vivle@gmail.com',to_date('09-FEB-24','DD-MON-RR'),1);
Insert into ESTUDIANTE.TABLAPACIENTES (ID_PACIENTE,NOMBRE_PACIENTE,FECHA_NACIMIENTO,EDAD,TELEFONO_PTE,EMAIL_PTE,FECHA_REGISTRO,ID_ESTADO) values (56,'Constance Berriman',to_date('21-JUL-71','DD-MON-RR'),53,21291330,'Constance.Berriman@gmail.com',to_date('10-FEB-24','DD-MON-RR'),2);
Insert into ESTUDIANTE.TABLAPACIENTES (ID_PACIENTE,NOMBRE_PACIENTE,FECHA_NACIMIENTO,EDAD,TELEFONO_PTE,EMAIL_PTE,FECHA_REGISTRO,ID_ESTADO) values (57,'Corry Bennie',to_date('02-OCT-07','DD-MON-RR'),17,79097655,'Corry.Bennie@gmail.com',to_date('11-FEB-24','DD-MON-RR'),1);
Insert into ESTUDIANTE.TABLAPACIENTES (ID_PACIENTE,NOMBRE_PACIENTE,FECHA_NACIMIENTO,EDAD,TELEFONO_PTE,EMAIL_PTE,FECHA_REGISTRO,ID_ESTADO) values (58,'Roberta Israeli',to_date('19-NOV-77','DD-MON-RR'),47,47539055,'Roberta.Israeli@gmail.com',to_date('12-FEB-24','DD-MON-RR'),2);
Insert into ESTUDIANTE.TABLAPACIENTES (ID_PACIENTE,NOMBRE_PACIENTE,FECHA_NACIMIENTO,EDAD,TELEFONO_PTE,EMAIL_PTE,FECHA_REGISTRO,ID_ESTADO) values (59,'Roberta Ietta',to_date('29-DEC-89','DD-MON-RR'),35,88099640,'Roberta.Ietta@gmail.com',to_date('13-FEB-24','DD-MON-RR'),2);
Insert into ESTUDIANTE.TABLAPACIENTES (ID_PACIENTE,NOMBRE_PACIENTE,FECHA_NACIMIENTO,EDAD,TELEFONO_PTE,EMAIL_PTE,FECHA_REGISTRO,ID_ESTADO) values (60,'Shirlee Travax',to_date('30-DEC-83','DD-MON-RR'),41,47012606,'Shirlee.Travax@gmail.com',to_date('14-FEB-24','DD-MON-RR'),1);
Insert into ESTUDIANTE.TABLAPACIENTES (ID_PACIENTE,NOMBRE_PACIENTE,FECHA_NACIMIENTO,EDAD,TELEFONO_PTE,EMAIL_PTE,FECHA_REGISTRO,ID_ESTADO) values (61,'Jenilee Tremayne',to_date('12-AUG-78','DD-MON-RR'),46,88911341,'Jenilee.Tremayne@gmail.com',to_date('15-FEB-24','DD-MON-RR'),1);
Insert into ESTUDIANTE.TABLAPACIENTES (ID_PACIENTE,NOMBRE_PACIENTE,FECHA_NACIMIENTO,EDAD,TELEFONO_PTE,EMAIL_PTE,FECHA_REGISTRO,ID_ESTADO) values (62,'Clementine Gemini',to_date('01-JAN-96','DD-MON-RR'),28,87238096,'Clementine.Gemini@gmail.com',to_date('16-FEB-24','DD-MON-RR'),1);
Insert into ESTUDIANTE.TABLAPACIENTES (ID_PACIENTE,NOMBRE_PACIENTE,FECHA_NACIMIENTO,EDAD,TELEFONO_PTE,EMAIL_PTE,FECHA_REGISTRO,ID_ESTADO) values (63,'Minne Tarrant',to_date('12-AUG-68','DD-MON-RR'),56,57139860,'Minne.Tarrant@gmail.com',to_date('17-FEB-24','DD-MON-RR'),1);
Insert into ESTUDIANTE.TABLAPACIENTES (ID_PACIENTE,NOMBRE_PACIENTE,FECHA_NACIMIENTO,EDAD,TELEFONO_PTE,EMAIL_PTE,FECHA_REGISTRO,ID_ESTADO) values (64,'Blondelle Moina',to_date('22-JUN-89','DD-MON-RR'),35,89717767,'Blondelle.Moina@gmail.com',to_date('18-FEB-24','DD-MON-RR'),1);
Insert into ESTUDIANTE.TABLAPACIENTES (ID_PACIENTE,NOMBRE_PACIENTE,FECHA_NACIMIENTO,EDAD,TELEFONO_PTE,EMAIL_PTE,FECHA_REGISTRO,ID_ESTADO) values (65,'Nicoli Ioab',to_date('01-AUG-04','DD-MON-RR'),20,67311809,'Nicoli.Ioab@gmail.com',to_date('19-FEB-24','DD-MON-RR'),1);
Insert into ESTUDIANTE.TABLAPACIENTES (ID_PACIENTE,NOMBRE_PACIENTE,FECHA_NACIMIENTO,EDAD,TELEFONO_PTE,EMAIL_PTE,FECHA_REGISTRO,ID_ESTADO) values (66,'June Burnside',to_date('15-JUL-74','DD-MON-RR'),50,92385070,'June.Burnside@gmail.com',to_date('20-FEB-24','DD-MON-RR'),2);
Insert into ESTUDIANTE.TABLAPACIENTES (ID_PACIENTE,NOMBRE_PACIENTE,FECHA_NACIMIENTO,EDAD,TELEFONO_PTE,EMAIL_PTE,FECHA_REGISTRO,ID_ESTADO) values (67,'Bertine Knowling',to_date('26-SEP-60','DD-MON-RR'),64,40780204,'Bertine.Knowling@gmail.com',to_date('21-FEB-24','DD-MON-RR'),1);
Insert into ESTUDIANTE.TABLAPACIENTES (ID_PACIENTE,NOMBRE_PACIENTE,FECHA_NACIMIENTO,EDAD,TELEFONO_PTE,EMAIL_PTE,FECHA_REGISTRO,ID_ESTADO) values (68,'Ethel Maroney',to_date('17-JAN-72','DD-MON-RR'),52,56720211,'Ethel.Maroney@gmail.com',to_date('22-FEB-24','DD-MON-RR'),1);
Insert into ESTUDIANTE.TABLAPACIENTES (ID_PACIENTE,NOMBRE_PACIENTE,FECHA_NACIMIENTO,EDAD,TELEFONO_PTE,EMAIL_PTE,FECHA_REGISTRO,ID_ESTADO) values (69,'Tarra Saint',to_date('28-NOV-62','DD-MON-RR'),62,51789318,'Tarra.Saint@gmail.com',to_date('23-FEB-24','DD-MON-RR'),1);
Insert into ESTUDIANTE.TABLAPACIENTES (ID_PACIENTE,NOMBRE_PACIENTE,FECHA_NACIMIENTO,EDAD,TELEFONO_PTE,EMAIL_PTE,FECHA_REGISTRO,ID_ESTADO) values (70,'Brana Monaco',to_date('03-OCT-05','DD-MON-RR'),19,44012159,'Brana.Monaco@gmail.com',to_date('24-FEB-24','DD-MON-RR'),1);
Insert into ESTUDIANTE.TABLAPACIENTES (ID_PACIENTE,NOMBRE_PACIENTE,FECHA_NACIMIENTO,EDAD,TELEFONO_PTE,EMAIL_PTE,FECHA_REGISTRO,ID_ESTADO) values (71,'Nadine Beniamino',to_date('27-MAR-98','DD-MON-RR'),26,79217857,'Nadine.Beniamino@gmail.com',to_date('25-FEB-24','DD-MON-RR'),2);
Insert into ESTUDIANTE.TABLAPACIENTES (ID_PACIENTE,NOMBRE_PACIENTE,FECHA_NACIMIENTO,EDAD,TELEFONO_PTE,EMAIL_PTE,FECHA_REGISTRO,ID_ESTADO) values (72,'Ninnetta Gombach',to_date('16-SEP-95','DD-MON-RR'),29,45742259,'Ninnetta.Gombach@gmail.com',to_date('26-FEB-24','DD-MON-RR'),2);
Insert into ESTUDIANTE.TABLAPACIENTES (ID_PACIENTE,NOMBRE_PACIENTE,FECHA_NACIMIENTO,EDAD,TELEFONO_PTE,EMAIL_PTE,FECHA_REGISTRO,ID_ESTADO) values (73,'Lolita Bandeen',to_date('04-NOV-01','DD-MON-RR'),23,28286265,'Lolita.Bandeen@gmail.com',to_date('27-FEB-24','DD-MON-RR'),2);
Insert into ESTUDIANTE.TABLAPACIENTES (ID_PACIENTE,NOMBRE_PACIENTE,FECHA_NACIMIENTO,EDAD,TELEFONO_PTE,EMAIL_PTE,FECHA_REGISTRO,ID_ESTADO) values (74,'Fidelia Koziara',to_date('01-NOV-72','DD-MON-RR'),52,20859781,'Fidelia.Koziara@gmail.com',to_date('28-FEB-24','DD-MON-RR'),1);
Insert into ESTUDIANTE.TABLAPACIENTES (ID_PACIENTE,NOMBRE_PACIENTE,FECHA_NACIMIENTO,EDAD,TELEFONO_PTE,EMAIL_PTE,FECHA_REGISTRO,ID_ESTADO) values (75,'Margarette Kathie',to_date('16-AUG-13','DD-MON-RR'),11,54789666,'Margarette.Kathie@gmail.com',to_date('29-FEB-24','DD-MON-RR'),1);
Insert into ESTUDIANTE.TABLAPACIENTES (ID_PACIENTE,NOMBRE_PACIENTE,FECHA_NACIMIENTO,EDAD,TELEFONO_PTE,EMAIL_PTE,FECHA_REGISTRO,ID_ESTADO) values (76,'Blake Sundin',to_date('07-AUG-82','DD-MON-RR'),42,50980772,'Blake.Sundin@gmail.com',to_date('01-MAR-24','DD-MON-RR'),1);
Insert into ESTUDIANTE.TABLAPACIENTES (ID_PACIENTE,NOMBRE_PACIENTE,FECHA_NACIMIENTO,EDAD,TELEFONO_PTE,EMAIL_PTE,FECHA_REGISTRO,ID_ESTADO) values (77,'Tressa Capello',to_date('04-JUL-00','DD-MON-RR'),24,40385545,'Tressa.Capello@gmail.com',to_date('02-MAR-24','DD-MON-RR'),1);
Insert into ESTUDIANTE.TABLAPACIENTES (ID_PACIENTE,NOMBRE_PACIENTE,FECHA_NACIMIENTO,EDAD,TELEFONO_PTE,EMAIL_PTE,FECHA_REGISTRO,ID_ESTADO) values (78,'Marguerite Bevin',to_date('14-OCT-73','DD-MON-RR'),51,29576454,'Marguerite.Bevin@gmail.com',to_date('03-MAR-24','DD-MON-RR'),1);
Insert into ESTUDIANTE.TABLAPACIENTES (ID_PACIENTE,NOMBRE_PACIENTE,FECHA_NACIMIENTO,EDAD,TELEFONO_PTE,EMAIL_PTE,FECHA_REGISTRO,ID_ESTADO) values (79,'Gwyneth Rossner',to_date('30-AUG-60','DD-MON-RR'),64,53856442,'Gwyneth.Rossner@gmail.com',to_date('04-MAR-24','DD-MON-RR'),1);
Insert into ESTUDIANTE.TABLAPACIENTES (ID_PACIENTE,NOMBRE_PACIENTE,FECHA_NACIMIENTO,EDAD,TELEFONO_PTE,EMAIL_PTE,FECHA_REGISTRO,ID_ESTADO) values (80,'Lorne Anastatius',to_date('10-JAN-62','DD-MON-RR'),62,54053651,'Lorne.Anastatius@gmail.com',to_date('05-MAR-24','DD-MON-RR'),2);
Insert into ESTUDIANTE.TABLAPACIENTES (ID_PACIENTE,NOMBRE_PACIENTE,FECHA_NACIMIENTO,EDAD,TELEFONO_PTE,EMAIL_PTE,FECHA_REGISTRO,ID_ESTADO) values (81,'Clary Bebe',to_date('18-DEC-96','DD-MON-RR'),28,66065169,'Clary.Bebe@gmail.com',to_date('06-MAR-24','DD-MON-RR'),1);
Insert into ESTUDIANTE.TABLAPACIENTES (ID_PACIENTE,NOMBRE_PACIENTE,FECHA_NACIMIENTO,EDAD,TELEFONO_PTE,EMAIL_PTE,FECHA_REGISTRO,ID_ESTADO) values (82,'Rosabelle Harned',to_date('16-OCT-89','DD-MON-RR'),35,52670303,'Rosabelle.Harned@gmail.com',to_date('07-MAR-24','DD-MON-RR'),2);
Insert into ESTUDIANTE.TABLAPACIENTES (ID_PACIENTE,NOMBRE_PACIENTE,FECHA_NACIMIENTO,EDAD,TELEFONO_PTE,EMAIL_PTE,FECHA_REGISTRO,ID_ESTADO) values (83,'Kial Sparhawk',to_date('12-NOV-72','DD-MON-RR'),52,71835969,'Kial.Sparhawk@gmail.com',to_date('08-MAR-24','DD-MON-RR'),1);
Insert into ESTUDIANTE.TABLAPACIENTES (ID_PACIENTE,NOMBRE_PACIENTE,FECHA_NACIMIENTO,EDAD,TELEFONO_PTE,EMAIL_PTE,FECHA_REGISTRO,ID_ESTADO) values (84,'Eolanda Berard',to_date('20-NOV-02','DD-MON-RR'),22,78613525,'Eolanda.Berard@gmail.com',to_date('09-MAR-24','DD-MON-RR'),2);
Insert into ESTUDIANTE.TABLAPACIENTES (ID_PACIENTE,NOMBRE_PACIENTE,FECHA_NACIMIENTO,EDAD,TELEFONO_PTE,EMAIL_PTE,FECHA_REGISTRO,ID_ESTADO) values (85,'Bettine Ferino',to_date('17-JUL-04','DD-MON-RR'),20,75788889,'Bettine.Ferino@gmail.com',to_date('10-MAR-24','DD-MON-RR'),2);
Insert into ESTUDIANTE.TABLAPACIENTES (ID_PACIENTE,NOMBRE_PACIENTE,FECHA_NACIMIENTO,EDAD,TELEFONO_PTE,EMAIL_PTE,FECHA_REGISTRO,ID_ESTADO) values (86,'Yvonne Mandler',to_date('24-DEC-81','DD-MON-RR'),43,12508316,'Yvonne.Mandler@gmail.com',to_date('11-MAR-24','DD-MON-RR'),1);
Insert into ESTUDIANTE.TABLAPACIENTES (ID_PACIENTE,NOMBRE_PACIENTE,FECHA_NACIMIENTO,EDAD,TELEFONO_PTE,EMAIL_PTE,FECHA_REGISTRO,ID_ESTADO) values (87,'Carilyn Carmena',to_date('02-JAN-81','DD-MON-RR'),43,94625335,'Carilyn.Carmena@gmail.com',to_date('12-MAR-24','DD-MON-RR'),1);
Insert into ESTUDIANTE.TABLAPACIENTES (ID_PACIENTE,NOMBRE_PACIENTE,FECHA_NACIMIENTO,EDAD,TELEFONO_PTE,EMAIL_PTE,FECHA_REGISTRO,ID_ESTADO) values (88,'Alia My',to_date('30-JUN-07','DD-MON-RR'),17,28110741,'Alia.My@gmail.com',to_date('13-MAR-24','DD-MON-RR'),2);
Insert into ESTUDIANTE.TABLAPACIENTES (ID_PACIENTE,NOMBRE_PACIENTE,FECHA_NACIMIENTO,EDAD,TELEFONO_PTE,EMAIL_PTE,FECHA_REGISTRO,ID_ESTADO) values (89,'Coral Lia',to_date('25-APR-82','DD-MON-RR'),42,28982195,'Coral.Lia@gmail.com',to_date('14-MAR-24','DD-MON-RR'),2);
Insert into ESTUDIANTE.TABLAPACIENTES (ID_PACIENTE,NOMBRE_PACIENTE,FECHA_NACIMIENTO,EDAD,TELEFONO_PTE,EMAIL_PTE,FECHA_REGISTRO,ID_ESTADO) values (90,'Angela Bari',to_date('08-JUN-08','DD-MON-RR'),16,79469438,'Angela.Bari@gmail.com',to_date('15-MAR-24','DD-MON-RR'),2);
Insert into ESTUDIANTE.TABLAPACIENTES (ID_PACIENTE,NOMBRE_PACIENTE,FECHA_NACIMIENTO,EDAD,TELEFONO_PTE,EMAIL_PTE,FECHA_REGISTRO,ID_ESTADO) values (91,'Jean Pulsifer',to_date('07-DEC-65','DD-MON-RR'),59,86367894,'Jean.Pulsifer@gmail.com',to_date('16-MAR-24','DD-MON-RR'),2);
Insert into ESTUDIANTE.TABLAPACIENTES (ID_PACIENTE,NOMBRE_PACIENTE,FECHA_NACIMIENTO,EDAD,TELEFONO_PTE,EMAIL_PTE,FECHA_REGISTRO,ID_ESTADO) values (92,'Jere Karylin',to_date('30-JUL-77','DD-MON-RR'),47,26175129,'Jere.Karylin@gmail.com',to_date('17-MAR-24','DD-MON-RR'),1);
Insert into ESTUDIANTE.TABLAPACIENTES (ID_PACIENTE,NOMBRE_PACIENTE,FECHA_NACIMIENTO,EDAD,TELEFONO_PTE,EMAIL_PTE,FECHA_REGISTRO,ID_ESTADO) values (93,'Hildegaard Bow',to_date('15-SEP-82','DD-MON-RR'),42,93504886,'Hildegaard.Bow@gmail.com',to_date('18-MAR-24','DD-MON-RR'),2);
Insert into ESTUDIANTE.TABLAPACIENTES (ID_PACIENTE,NOMBRE_PACIENTE,FECHA_NACIMIENTO,EDAD,TELEFONO_PTE,EMAIL_PTE,FECHA_REGISTRO,ID_ESTADO) values (94,'Ira Rillings',to_date('12-FEB-04','DD-MON-RR'),20,38086337,'Ira.Rillings@gmail.com',to_date('19-MAR-24','DD-MON-RR'),2);
Insert into ESTUDIANTE.TABLAPACIENTES (ID_PACIENTE,NOMBRE_PACIENTE,FECHA_NACIMIENTO,EDAD,TELEFONO_PTE,EMAIL_PTE,FECHA_REGISTRO,ID_ESTADO) values (95,'Nariko Tamsky',to_date('15-FEB-85','DD-MON-RR'),39,17418383,'Nariko.Tamsky@gmail.com',to_date('20-MAR-24','DD-MON-RR'),1);
Insert into ESTUDIANTE.TABLAPACIENTES (ID_PACIENTE,NOMBRE_PACIENTE,FECHA_NACIMIENTO,EDAD,TELEFONO_PTE,EMAIL_PTE,FECHA_REGISTRO,ID_ESTADO) values (96,'Renie Zrike',to_date('14-MAR-90','DD-MON-RR'),34,86379938,'Renie.Zrike@gmail.com',to_date('21-MAR-24','DD-MON-RR'),1);
Insert into ESTUDIANTE.TABLAPACIENTES (ID_PACIENTE,NOMBRE_PACIENTE,FECHA_NACIMIENTO,EDAD,TELEFONO_PTE,EMAIL_PTE,FECHA_REGISTRO,ID_ESTADO) values (97,'Chrystel Lory',to_date('29-APR-80','DD-MON-RR'),44,91839972,'Chrystel.Lory@gmail.com',to_date('22-MAR-24','DD-MON-RR'),1);
Insert into ESTUDIANTE.TABLAPACIENTES (ID_PACIENTE,NOMBRE_PACIENTE,FECHA_NACIMIENTO,EDAD,TELEFONO_PTE,EMAIL_PTE,FECHA_REGISTRO,ID_ESTADO) values (98,'Nananne Fiann',to_date('24-MAR-73','DD-MON-RR'),51,94569923,'Nananne.Fiann@gmail.com',to_date('23-MAR-24','DD-MON-RR'),2);
Insert into ESTUDIANTE.TABLAPACIENTES (ID_PACIENTE,NOMBRE_PACIENTE,FECHA_NACIMIENTO,EDAD,TELEFONO_PTE,EMAIL_PTE,FECHA_REGISTRO,ID_ESTADO) values (99,'Marline Seessel',to_date('12-NOV-74','DD-MON-RR'),50,68952828,'Marline.Seessel@gmail.com',to_date('24-MAR-24','DD-MON-RR'),2);
Insert into ESTUDIANTE.TABLAPACIENTES (ID_PACIENTE,NOMBRE_PACIENTE,FECHA_NACIMIENTO,EDAD,TELEFONO_PTE,EMAIL_PTE,FECHA_REGISTRO,ID_ESTADO) values (100,'Lilith Elephus',to_date('25-NOV-92','DD-MON-RR'),32,32238367,'Lilith.Elephus@gmail.com',to_date('25-MAR-24','DD-MON-RR'),1);
Insert into ESTUDIANTE.TABLAPACIENTES (ID_PACIENTE,NOMBRE_PACIENTE,FECHA_NACIMIENTO,EDAD,TELEFONO_PTE,EMAIL_PTE,FECHA_REGISTRO,ID_ESTADO) values (101,'Viki Hieronymus',to_date('29-MAY-11','DD-MON-RR'),13,73084971,'Viki.Hieronymus@gmail.com',to_date('26-MAR-24','DD-MON-RR'),2);
Insert into ESTUDIANTE.TABLAPACIENTES (ID_PACIENTE,NOMBRE_PACIENTE,FECHA_NACIMIENTO,EDAD,TELEFONO_PTE,EMAIL_PTE,FECHA_REGISTRO,ID_ESTADO) values (102,'Gale Lattie',to_date('18-JUN-75','DD-MON-RR'),49,20187132,'Gale.Lattie@gmail.com',to_date('27-MAR-24','DD-MON-RR'),2);
Insert into ESTUDIANTE.TABLAPACIENTES (ID_PACIENTE,NOMBRE_PACIENTE,FECHA_NACIMIENTO,EDAD,TELEFONO_PTE,EMAIL_PTE,FECHA_REGISTRO,ID_ESTADO) values (103,'Kaia Wind',to_date('27-AUG-84','DD-MON-RR'),40,29430450,'Kaia.Wind@gmail.com',to_date('28-MAR-24','DD-MON-RR'),2);
Insert into ESTUDIANTE.TABLAPACIENTES (ID_PACIENTE,NOMBRE_PACIENTE,FECHA_NACIMIENTO,EDAD,TELEFONO_PTE,EMAIL_PTE,FECHA_REGISTRO,ID_ESTADO) values (104,'Evita Lesley',to_date('20-JUL-88','DD-MON-RR'),36,21914601,'Evita.Lesley@gmail.com',to_date('29-MAR-24','DD-MON-RR'),1);
Insert into ESTUDIANTE.TABLAPACIENTES (ID_PACIENTE,NOMBRE_PACIENTE,FECHA_NACIMIENTO,EDAD,TELEFONO_PTE,EMAIL_PTE,FECHA_REGISTRO,ID_ESTADO) values (105,'Delilah Wildermuth',to_date('29-AUG-82','DD-MON-RR'),42,35517933,'Delilah.Wildermuth@gmail.com',to_date('30-MAR-24','DD-MON-RR'),2);
Insert into ESTUDIANTE.TABLAPACIENTES (ID_PACIENTE,NOMBRE_PACIENTE,FECHA_NACIMIENTO,EDAD,TELEFONO_PTE,EMAIL_PTE,FECHA_REGISTRO,ID_ESTADO) values (106,'Hyacinthe Johanna',to_date('12-MAY-89','DD-MON-RR'),35,22001576,'Hyacinthe.Johanna@gmail.com',to_date('31-MAR-24','DD-MON-RR'),2);
Insert into ESTUDIANTE.TABLAPACIENTES (ID_PACIENTE,NOMBRE_PACIENTE,FECHA_NACIMIENTO,EDAD,TELEFONO_PTE,EMAIL_PTE,FECHA_REGISTRO,ID_ESTADO) values (107,'Dede Slifka',to_date('17-DEC-71','DD-MON-RR'),53,87704708,'Dede.Slifka@gmail.com',to_date('01-APR-24','DD-MON-RR'),1);
Insert into ESTUDIANTE.TABLAPACIENTES (ID_PACIENTE,NOMBRE_PACIENTE,FECHA_NACIMIENTO,EDAD,TELEFONO_PTE,EMAIL_PTE,FECHA_REGISTRO,ID_ESTADO) values (108,'Rayna Nicoline',to_date('02-MAY-11','DD-MON-RR'),13,32697476,'Rayna.Nicoline@gmail.com',to_date('02-APR-24','DD-MON-RR'),2);
Insert into ESTUDIANTE.TABLAPACIENTES (ID_PACIENTE,NOMBRE_PACIENTE,FECHA_NACIMIENTO,EDAD,TELEFONO_PTE,EMAIL_PTE,FECHA_REGISTRO,ID_ESTADO) values (109,'Etta Cavan',to_date('12-MAR-65','DD-MON-RR'),59,77788733,'Etta.Cavan@gmail.com',to_date('03-APR-24','DD-MON-RR'),2);
Insert into ESTUDIANTE.TABLAPACIENTES (ID_PACIENTE,NOMBRE_PACIENTE,FECHA_NACIMIENTO,EDAD,TELEFONO_PTE,EMAIL_PTE,FECHA_REGISTRO,ID_ESTADO) values (110,'Mignon Bevin',to_date('25-JUL-88','DD-MON-RR'),36,61228036,'Mignon.Bevin@gmail.com',to_date('04-APR-24','DD-MON-RR'),2);
Insert into ESTUDIANTE.TABLAPACIENTES (ID_PACIENTE,NOMBRE_PACIENTE,FECHA_NACIMIENTO,EDAD,TELEFONO_PTE,EMAIL_PTE,FECHA_REGISTRO,ID_ESTADO) values (111,'Jorry Pernick',to_date('05-MAR-01','DD-MON-RR'),23,33835305,'Jorry.Pernick@gmail.com',to_date('05-APR-24','DD-MON-RR'),2);
Insert into ESTUDIANTE.TABLAPACIENTES (ID_PACIENTE,NOMBRE_PACIENTE,FECHA_NACIMIENTO,EDAD,TELEFONO_PTE,EMAIL_PTE,FECHA_REGISTRO,ID_ESTADO) values (112,'Pearline Iphlgenia',to_date('29-NOV-96','DD-MON-RR'),28,45424111,'Pearline.Iphlgenia@gmail.com',to_date('06-APR-24','DD-MON-RR'),2);
Insert into ESTUDIANTE.TABLAPACIENTES (ID_PACIENTE,NOMBRE_PACIENTE,FECHA_NACIMIENTO,EDAD,TELEFONO_PTE,EMAIL_PTE,FECHA_REGISTRO,ID_ESTADO) values (113,'Valera Imelida',to_date('02-APR-03','DD-MON-RR'),21,61502105,'Valera.Imelida@gmail.com',to_date('07-APR-24','DD-MON-RR'),2);
Insert into ESTUDIANTE.TABLAPACIENTES (ID_PACIENTE,NOMBRE_PACIENTE,FECHA_NACIMIENTO,EDAD,TELEFONO_PTE,EMAIL_PTE,FECHA_REGISTRO,ID_ESTADO) values (114,'Brandise Lindemann',to_date('05-JUN-01','DD-MON-RR'),23,41657636,'Brandise.Lindemann@gmail.com',to_date('08-APR-24','DD-MON-RR'),2);
Insert into ESTUDIANTE.TABLAPACIENTES (ID_PACIENTE,NOMBRE_PACIENTE,FECHA_NACIMIENTO,EDAD,TELEFONO_PTE,EMAIL_PTE,FECHA_REGISTRO,ID_ESTADO) values (115,'Mathilda Wu',to_date('29-DEC-89','DD-MON-RR'),35,51842844,'Mathilda.Wu@gmail.com',to_date('09-APR-24','DD-MON-RR'),1);
Insert into ESTUDIANTE.TABLAPACIENTES (ID_PACIENTE,NOMBRE_PACIENTE,FECHA_NACIMIENTO,EDAD,TELEFONO_PTE,EMAIL_PTE,FECHA_REGISTRO,ID_ESTADO) values (116,'Vonny Anderea',to_date('20-APR-65','DD-MON-RR'),59,84540822,'Vonny.Anderea@gmail.com',to_date('10-APR-24','DD-MON-RR'),2);
Insert into ESTUDIANTE.TABLAPACIENTES (ID_PACIENTE,NOMBRE_PACIENTE,FECHA_NACIMIENTO,EDAD,TELEFONO_PTE,EMAIL_PTE,FECHA_REGISTRO,ID_ESTADO) values (117,'Consuela Narton',to_date('09-JAN-00','DD-MON-RR'),24,14574091,'Consuela.Narton@gmail.com',to_date('11-APR-24','DD-MON-RR'),2);
Insert into ESTUDIANTE.TABLAPACIENTES (ID_PACIENTE,NOMBRE_PACIENTE,FECHA_NACIMIENTO,EDAD,TELEFONO_PTE,EMAIL_PTE,FECHA_REGISTRO,ID_ESTADO) values (118,'Konstance Chick',to_date('16-FEB-78','DD-MON-RR'),46,54183445,'Konstance.Chick@gmail.com',to_date('12-APR-24','DD-MON-RR'),2);
Insert into ESTUDIANTE.TABLAPACIENTES (ID_PACIENTE,NOMBRE_PACIENTE,FECHA_NACIMIENTO,EDAD,TELEFONO_PTE,EMAIL_PTE,FECHA_REGISTRO,ID_ESTADO) values (119,'Layla Tryck',to_date('20-NOV-72','DD-MON-RR'),52,55860441,'Layla.Tryck@gmail.com',to_date('13-APR-24','DD-MON-RR'),1);
Insert into ESTUDIANTE.TABLAPACIENTES (ID_PACIENTE,NOMBRE_PACIENTE,FECHA_NACIMIENTO,EDAD,TELEFONO_PTE,EMAIL_PTE,FECHA_REGISTRO,ID_ESTADO) values (120,'Gerrie Tound',to_date('16-SEP-10','DD-MON-RR'),14,79273244,'Gerrie.Tound@gmail.com',to_date('14-APR-24','DD-MON-RR'),1);
Insert into ESTUDIANTE.TABLAPACIENTES (ID_PACIENTE,NOMBRE_PACIENTE,FECHA_NACIMIENTO,EDAD,TELEFONO_PTE,EMAIL_PTE,FECHA_REGISTRO,ID_ESTADO) values (121,'Layla Francyne',to_date('13-MAR-66','DD-MON-RR'),58,80329436,'Layla.Francyne@gmail.com',to_date('15-APR-24','DD-MON-RR'),2);
Insert into ESTUDIANTE.TABLAPACIENTES (ID_PACIENTE,NOMBRE_PACIENTE,FECHA_NACIMIENTO,EDAD,TELEFONO_PTE,EMAIL_PTE,FECHA_REGISTRO,ID_ESTADO) values (122,'Brooks Rhu',to_date('27-MAY-72','DD-MON-RR'),52,35432248,'Brooks.Rhu@gmail.com',to_date('16-APR-24','DD-MON-RR'),1);
Insert into ESTUDIANTE.TABLAPACIENTES (ID_PACIENTE,NOMBRE_PACIENTE,FECHA_NACIMIENTO,EDAD,TELEFONO_PTE,EMAIL_PTE,FECHA_REGISTRO,ID_ESTADO) values (123,'Kassey Teddman',to_date('09-FEB-82','DD-MON-RR'),42,47856311,'Kassey.Teddman@gmail.com',to_date('17-APR-24','DD-MON-RR'),1);
Insert into ESTUDIANTE.TABLAPACIENTES (ID_PACIENTE,NOMBRE_PACIENTE,FECHA_NACIMIENTO,EDAD,TELEFONO_PTE,EMAIL_PTE,FECHA_REGISTRO,ID_ESTADO) values (124,'Cacilie O''Rourke',to_date('14-JUL-84','DD-MON-RR'),40,52234305,'Cacilie.O''Rourke@gmail.com',to_date('18-APR-24','DD-MON-RR'),1);
Insert into ESTUDIANTE.TABLAPACIENTES (ID_PACIENTE,NOMBRE_PACIENTE,FECHA_NACIMIENTO,EDAD,TELEFONO_PTE,EMAIL_PTE,FECHA_REGISTRO,ID_ESTADO) values (125,'Tonia Cloris',to_date('23-JUL-76','DD-MON-RR'),48,59912775,'Tonia.Cloris@gmail.com',to_date('19-APR-24','DD-MON-RR'),2);
Insert into ESTUDIANTE.TABLAPACIENTES (ID_PACIENTE,NOMBRE_PACIENTE,FECHA_NACIMIENTO,EDAD,TELEFONO_PTE,EMAIL_PTE,FECHA_REGISTRO,ID_ESTADO) values (126,'Rosabelle Brandice',to_date('03-SEP-09','DD-MON-RR'),15,18462134,'Rosabelle.Brandice@gmail.com',to_date('20-APR-24','DD-MON-RR'),1);
Insert into ESTUDIANTE.TABLAPACIENTES (ID_PACIENTE,NOMBRE_PACIENTE,FECHA_NACIMIENTO,EDAD,TELEFONO_PTE,EMAIL_PTE,FECHA_REGISTRO,ID_ESTADO) values (127,'Ardeen Stelle',to_date('25-NOV-96','DD-MON-RR'),28,84760800,'Ardeen.Stelle@gmail.com',to_date('21-APR-24','DD-MON-RR'),2);
Insert into ESTUDIANTE.TABLAPACIENTES (ID_PACIENTE,NOMBRE_PACIENTE,FECHA_NACIMIENTO,EDAD,TELEFONO_PTE,EMAIL_PTE,FECHA_REGISTRO,ID_ESTADO) values (128,'Dotty Holtz',to_date('30-JUN-83','DD-MON-RR'),41,59534025,'Dotty.Holtz@gmail.com',to_date('22-APR-24','DD-MON-RR'),2);
Insert into ESTUDIANTE.TABLAPACIENTES (ID_PACIENTE,NOMBRE_PACIENTE,FECHA_NACIMIENTO,EDAD,TELEFONO_PTE,EMAIL_PTE,FECHA_REGISTRO,ID_ESTADO) values (129,'Joceline Kaja',to_date('14-JUL-81','DD-MON-RR'),43,71049903,'Joceline.Kaja@gmail.com',to_date('23-APR-24','DD-MON-RR'),1);
Insert into ESTUDIANTE.TABLAPACIENTES (ID_PACIENTE,NOMBRE_PACIENTE,FECHA_NACIMIENTO,EDAD,TELEFONO_PTE,EMAIL_PTE,FECHA_REGISTRO,ID_ESTADO) values (130,'Donetta Anis',to_date('13-SEP-86','DD-MON-RR'),38,35406467,'Donetta.Anis@gmail.com',to_date('24-APR-24','DD-MON-RR'),2);
Insert into ESTUDIANTE.TABLAPACIENTES (ID_PACIENTE,NOMBRE_PACIENTE,FECHA_NACIMIENTO,EDAD,TELEFONO_PTE,EMAIL_PTE,FECHA_REGISTRO,ID_ESTADO) values (131,'Jackie Schalles',to_date('30-DEC-67','DD-MON-RR'),57,96973448,'Jackie.Schalles@gmail.com',to_date('25-APR-24','DD-MON-RR'),1);
Insert into ESTUDIANTE.TABLAPACIENTES (ID_PACIENTE,NOMBRE_PACIENTE,FECHA_NACIMIENTO,EDAD,TELEFONO_PTE,EMAIL_PTE,FECHA_REGISTRO,ID_ESTADO) values (132,'Tobe Garbe',to_date('16-JUN-75','DD-MON-RR'),49,13088720,'Tobe.Garbe@gmail.com',to_date('26-APR-24','DD-MON-RR'),2);
Insert into ESTUDIANTE.TABLAPACIENTES (ID_PACIENTE,NOMBRE_PACIENTE,FECHA_NACIMIENTO,EDAD,TELEFONO_PTE,EMAIL_PTE,FECHA_REGISTRO,ID_ESTADO) values (133,'Flo Monk',to_date('26-JUN-93','DD-MON-RR'),31,14325423,'Flo.Monk@gmail.com',to_date('27-APR-24','DD-MON-RR'),2);
Insert into ESTUDIANTE.TABLAPACIENTES (ID_PACIENTE,NOMBRE_PACIENTE,FECHA_NACIMIENTO,EDAD,TELEFONO_PTE,EMAIL_PTE,FECHA_REGISTRO,ID_ESTADO) values (134,'Wendi Hedve',to_date('01-OCT-67','DD-MON-RR'),57,29506664,'Wendi.Hedve@gmail.com',to_date('28-APR-24','DD-MON-RR'),1);
Insert into ESTUDIANTE.TABLAPACIENTES (ID_PACIENTE,NOMBRE_PACIENTE,FECHA_NACIMIENTO,EDAD,TELEFONO_PTE,EMAIL_PTE,FECHA_REGISTRO,ID_ESTADO) values (135,'Andree Dahlia',to_date('10-SEP-61','DD-MON-RR'),63,74430336,'Andree.Dahlia@gmail.com',to_date('29-APR-24','DD-MON-RR'),1);
Insert into ESTUDIANTE.TABLAPACIENTES (ID_PACIENTE,NOMBRE_PACIENTE,FECHA_NACIMIENTO,EDAD,TELEFONO_PTE,EMAIL_PTE,FECHA_REGISTRO,ID_ESTADO) values (136,'Jaime Martguerita',to_date('30-JUL-93','DD-MON-RR'),31,93877622,'Jaime.Martguerita@gmail.com',to_date('30-APR-24','DD-MON-RR'),2);
Insert into ESTUDIANTE.TABLAPACIENTES (ID_PACIENTE,NOMBRE_PACIENTE,FECHA_NACIMIENTO,EDAD,TELEFONO_PTE,EMAIL_PTE,FECHA_REGISTRO,ID_ESTADO) values (137,'Mignon Evangelia',to_date('01-DEC-05','DD-MON-RR'),19,51042111,'Mignon.Evangelia@gmail.com',to_date('01-MAY-24','DD-MON-RR'),2);
Insert into ESTUDIANTE.TABLAPACIENTES (ID_PACIENTE,NOMBRE_PACIENTE,FECHA_NACIMIENTO,EDAD,TELEFONO_PTE,EMAIL_PTE,FECHA_REGISTRO,ID_ESTADO) values (138,'Karlee Bultman',to_date('27-JUN-84','DD-MON-RR'),40,47018203,'Karlee.Bultman@gmail.com',to_date('02-MAY-24','DD-MON-RR'),1);
Insert into ESTUDIANTE.TABLAPACIENTES (ID_PACIENTE,NOMBRE_PACIENTE,FECHA_NACIMIENTO,EDAD,TELEFONO_PTE,EMAIL_PTE,FECHA_REGISTRO,ID_ESTADO) values (139,'Lolita Wadell',to_date('24-MAR-75','DD-MON-RR'),49,48760372,'Lolita.Wadell@gmail.com',to_date('03-MAY-24','DD-MON-RR'),1);
Insert into ESTUDIANTE.TABLAPACIENTES (ID_PACIENTE,NOMBRE_PACIENTE,FECHA_NACIMIENTO,EDAD,TELEFONO_PTE,EMAIL_PTE,FECHA_REGISTRO,ID_ESTADO) values (140,'Doro Bouchard',to_date('03-NOV-72','DD-MON-RR'),52,88949214,'Doro.Bouchard@gmail.com',to_date('04-MAY-24','DD-MON-RR'),1);
Insert into ESTUDIANTE.TABLAPACIENTES (ID_PACIENTE,NOMBRE_PACIENTE,FECHA_NACIMIENTO,EDAD,TELEFONO_PTE,EMAIL_PTE,FECHA_REGISTRO,ID_ESTADO) values (141,'Jacquetta Killigrew',to_date('05-MAR-99','DD-MON-RR'),25,62675198,'Jacquetta.Killigrew@gmail.com',to_date('05-MAY-24','DD-MON-RR'),1);
Insert into ESTUDIANTE.TABLAPACIENTES (ID_PACIENTE,NOMBRE_PACIENTE,FECHA_NACIMIENTO,EDAD,TELEFONO_PTE,EMAIL_PTE,FECHA_REGISTRO,ID_ESTADO) values (142,'Tori Rurik',to_date('22-FEB-05','DD-MON-RR'),19,31385368,'Tori.Rurik@gmail.com',to_date('06-MAY-24','DD-MON-RR'),2);
Insert into ESTUDIANTE.TABLAPACIENTES (ID_PACIENTE,NOMBRE_PACIENTE,FECHA_NACIMIENTO,EDAD,TELEFONO_PTE,EMAIL_PTE,FECHA_REGISTRO,ID_ESTADO) values (143,'Inga Trace',to_date('04-MAR-04','DD-MON-RR'),20,23104759,'Inga.Trace@gmail.com',to_date('07-MAY-24','DD-MON-RR'),2);
Insert into ESTUDIANTE.TABLAPACIENTES (ID_PACIENTE,NOMBRE_PACIENTE,FECHA_NACIMIENTO,EDAD,TELEFONO_PTE,EMAIL_PTE,FECHA_REGISTRO,ID_ESTADO) values (144,'Susette Tillford',to_date('14-MAR-12','DD-MON-RR'),12,30867758,'Susette.Tillford@gmail.com',to_date('08-MAY-24','DD-MON-RR'),1);
Insert into ESTUDIANTE.TABLAPACIENTES (ID_PACIENTE,NOMBRE_PACIENTE,FECHA_NACIMIENTO,EDAD,TELEFONO_PTE,EMAIL_PTE,FECHA_REGISTRO,ID_ESTADO) values (145,'Selia Odysseus',to_date('27-JUN-74','DD-MON-RR'),50,67027454,'Selia.Odysseus@gmail.com',to_date('09-MAY-24','DD-MON-RR'),2);
Insert into ESTUDIANTE.TABLAPACIENTES (ID_PACIENTE,NOMBRE_PACIENTE,FECHA_NACIMIENTO,EDAD,TELEFONO_PTE,EMAIL_PTE,FECHA_REGISTRO,ID_ESTADO) values (146,'Blinni Wadell',to_date('12-FEB-84','DD-MON-RR'),40,84160092,'Blinni.Wadell@gmail.com',to_date('10-MAY-24','DD-MON-RR'),1);
Insert into ESTUDIANTE.TABLAPACIENTES (ID_PACIENTE,NOMBRE_PACIENTE,FECHA_NACIMIENTO,EDAD,TELEFONO_PTE,EMAIL_PTE,FECHA_REGISTRO,ID_ESTADO) values (147,'Gilligan Marcellus',to_date('06-APR-00','DD-MON-RR'),24,97843278,'Gilligan.Marcellus@gmail.com',to_date('11-MAY-24','DD-MON-RR'),1);
Insert into ESTUDIANTE.TABLAPACIENTES (ID_PACIENTE,NOMBRE_PACIENTE,FECHA_NACIMIENTO,EDAD,TELEFONO_PTE,EMAIL_PTE,FECHA_REGISTRO,ID_ESTADO) values (148,'Larine Jorgan',to_date('18-JUN-76','DD-MON-RR'),48,49843424,'Larine.Jorgan@gmail.com',to_date('12-MAY-24','DD-MON-RR'),1);
Insert into ESTUDIANTE.TABLAPACIENTES (ID_PACIENTE,NOMBRE_PACIENTE,FECHA_NACIMIENTO,EDAD,TELEFONO_PTE,EMAIL_PTE,FECHA_REGISTRO,ID_ESTADO) values (149,'Luci Gaulin',to_date('20-JUL-60','DD-MON-RR'),64,92838671,'Luci.Gaulin@gmail.com',to_date('13-MAY-24','DD-MON-RR'),1);
Insert into ESTUDIANTE.TABLAPACIENTES (ID_PACIENTE,NOMBRE_PACIENTE,FECHA_NACIMIENTO,EDAD,TELEFONO_PTE,EMAIL_PTE,FECHA_REGISTRO,ID_ESTADO) values (150,'Hermione Llovera',to_date('20-AUG-71','DD-MON-RR'),53,59273519,'Hermione.Llovera@gmail.com',to_date('14-MAY-24','DD-MON-RR'),2);
Insert into ESTUDIANTE.TABLAPACIENTES (ID_PACIENTE,NOMBRE_PACIENTE,FECHA_NACIMIENTO,EDAD,TELEFONO_PTE,EMAIL_PTE,FECHA_REGISTRO,ID_ESTADO) values (151,'Annice Fulmer',to_date('03-OCT-63','DD-MON-RR'),61,30236736,'Annice.Fulmer@gmail.com',to_date('15-MAY-24','DD-MON-RR'),1);
Insert into ESTUDIANTE.TABLAPACIENTES (ID_PACIENTE,NOMBRE_PACIENTE,FECHA_NACIMIENTO,EDAD,TELEFONO_PTE,EMAIL_PTE,FECHA_REGISTRO,ID_ESTADO) values (152,'Larine Fillbert',to_date('24-JUL-06','DD-MON-RR'),18,97532808,'Larine.Fillbert@gmail.com',to_date('16-MAY-24','DD-MON-RR'),1);
Insert into ESTUDIANTE.TABLAPACIENTES (ID_PACIENTE,NOMBRE_PACIENTE,FECHA_NACIMIENTO,EDAD,TELEFONO_PTE,EMAIL_PTE,FECHA_REGISTRO,ID_ESTADO) values (153,'Jessy Karylin',to_date('16-FEB-65','DD-MON-RR'),59,42556972,'Jessy.Karylin@gmail.com',to_date('17-MAY-24','DD-MON-RR'),2);
Insert into ESTUDIANTE.TABLAPACIENTES (ID_PACIENTE,NOMBRE_PACIENTE,FECHA_NACIMIENTO,EDAD,TELEFONO_PTE,EMAIL_PTE,FECHA_REGISTRO,ID_ESTADO) values (154,'Lita Pozzy',to_date('23-SEP-88','DD-MON-RR'),36,30534710,'Lita.Pozzy@gmail.com',to_date('18-MAY-24','DD-MON-RR'),2);
Insert into ESTUDIANTE.TABLAPACIENTES (ID_PACIENTE,NOMBRE_PACIENTE,FECHA_NACIMIENTO,EDAD,TELEFONO_PTE,EMAIL_PTE,FECHA_REGISTRO,ID_ESTADO) values (155,'Ida Nahum',to_date('16-MAR-60','DD-MON-RR'),64,31192677,'Ida.Nahum@gmail.com',to_date('19-MAY-24','DD-MON-RR'),1);
Insert into ESTUDIANTE.TABLAPACIENTES (ID_PACIENTE,NOMBRE_PACIENTE,FECHA_NACIMIENTO,EDAD,TELEFONO_PTE,EMAIL_PTE,FECHA_REGISTRO,ID_ESTADO) values (156,'Cassandra Lymann',to_date('28-JAN-95','DD-MON-RR'),29,32691012,'Cassandra.Lymann@gmail.com',to_date('20-MAY-24','DD-MON-RR'),2);
Insert into ESTUDIANTE.TABLAPACIENTES (ID_PACIENTE,NOMBRE_PACIENTE,FECHA_NACIMIENTO,EDAD,TELEFONO_PTE,EMAIL_PTE,FECHA_REGISTRO,ID_ESTADO) values (157,'Karolina Natica',to_date('01-JUN-70','DD-MON-RR'),54,99352162,'Karolina.Natica@gmail.com',to_date('21-MAY-24','DD-MON-RR'),1);
Insert into ESTUDIANTE.TABLAPACIENTES (ID_PACIENTE,NOMBRE_PACIENTE,FECHA_NACIMIENTO,EDAD,TELEFONO_PTE,EMAIL_PTE,FECHA_REGISTRO,ID_ESTADO) values (158,'Doro Gamaliel',to_date('09-JAN-93','DD-MON-RR'),31,62710801,'Doro.Gamaliel@gmail.com',to_date('22-MAY-24','DD-MON-RR'),2);
Insert into ESTUDIANTE.TABLAPACIENTES (ID_PACIENTE,NOMBRE_PACIENTE,FECHA_NACIMIENTO,EDAD,TELEFONO_PTE,EMAIL_PTE,FECHA_REGISTRO,ID_ESTADO) values (159,'Benita Forrer',to_date('27-JAN-01','DD-MON-RR'),23,76097478,'Benita.Forrer@gmail.com',to_date('23-MAY-24','DD-MON-RR'),1);
Insert into ESTUDIANTE.TABLAPACIENTES (ID_PACIENTE,NOMBRE_PACIENTE,FECHA_NACIMIENTO,EDAD,TELEFONO_PTE,EMAIL_PTE,FECHA_REGISTRO,ID_ESTADO) values (160,'Mireielle Loeb',to_date('23-DEC-08','DD-MON-RR'),16,39479231,'Mireielle.Loeb@gmail.com',to_date('24-MAY-24','DD-MON-RR'),2);
Insert into ESTUDIANTE.TABLAPACIENTES (ID_PACIENTE,NOMBRE_PACIENTE,FECHA_NACIMIENTO,EDAD,TELEFONO_PTE,EMAIL_PTE,FECHA_REGISTRO,ID_ESTADO) values (161,'Gianina Fancie',to_date('16-MAR-83','DD-MON-RR'),41,49005743,'Gianina.Fancie@gmail.com',to_date('25-MAY-24','DD-MON-RR'),1);
Insert into ESTUDIANTE.TABLAPACIENTES (ID_PACIENTE,NOMBRE_PACIENTE,FECHA_NACIMIENTO,EDAD,TELEFONO_PTE,EMAIL_PTE,FECHA_REGISTRO,ID_ESTADO) values (162,'Tarra Kiyoshi',to_date('04-AUG-82','DD-MON-RR'),42,90475202,'Tarra.Kiyoshi@gmail.com',to_date('26-MAY-24','DD-MON-RR'),2);
Insert into ESTUDIANTE.TABLAPACIENTES (ID_PACIENTE,NOMBRE_PACIENTE,FECHA_NACIMIENTO,EDAD,TELEFONO_PTE,EMAIL_PTE,FECHA_REGISTRO,ID_ESTADO) values (163,'Wanda Gahl',to_date('04-NOV-82','DD-MON-RR'),42,72535650,'Wanda.Gahl@gmail.com',to_date('27-MAY-24','DD-MON-RR'),2);
Insert into ESTUDIANTE.TABLAPACIENTES (ID_PACIENTE,NOMBRE_PACIENTE,FECHA_NACIMIENTO,EDAD,TELEFONO_PTE,EMAIL_PTE,FECHA_REGISTRO,ID_ESTADO) values (164,'Lita Letsou',to_date('18-APR-90','DD-MON-RR'),34,61393106,'Lita.Letsou@gmail.com',to_date('28-MAY-24','DD-MON-RR'),1);
Insert into ESTUDIANTE.TABLAPACIENTES (ID_PACIENTE,NOMBRE_PACIENTE,FECHA_NACIMIENTO,EDAD,TELEFONO_PTE,EMAIL_PTE,FECHA_REGISTRO,ID_ESTADO) values (165,'Kathi Dreda',to_date('19-JUN-72','DD-MON-RR'),52,74483394,'Kathi.Dreda@gmail.com',to_date('29-MAY-24','DD-MON-RR'),1);
Insert into ESTUDIANTE.TABLAPACIENTES (ID_PACIENTE,NOMBRE_PACIENTE,FECHA_NACIMIENTO,EDAD,TELEFONO_PTE,EMAIL_PTE,FECHA_REGISTRO,ID_ESTADO) values (166,'Katleen Koehler',to_date('28-MAY-72','DD-MON-RR'),52,77286819,'Katleen.Koehler@gmail.com',to_date('30-MAY-24','DD-MON-RR'),2);
Insert into ESTUDIANTE.TABLAPACIENTES (ID_PACIENTE,NOMBRE_PACIENTE,FECHA_NACIMIENTO,EDAD,TELEFONO_PTE,EMAIL_PTE,FECHA_REGISTRO,ID_ESTADO) values (167,'Tybie Old',to_date('18-MAY-66','DD-MON-RR'),58,16933649,'Tybie.Old@gmail.com',to_date('31-MAY-24','DD-MON-RR'),1);
Insert into ESTUDIANTE.TABLAPACIENTES (ID_PACIENTE,NOMBRE_PACIENTE,FECHA_NACIMIENTO,EDAD,TELEFONO_PTE,EMAIL_PTE,FECHA_REGISTRO,ID_ESTADO) values (168,'Norine Ciro',to_date('25-NOV-74','DD-MON-RR'),50,27586866,'Norine.Ciro@gmail.com',to_date('01-JUN-24','DD-MON-RR'),2);
Insert into ESTUDIANTE.TABLAPACIENTES (ID_PACIENTE,NOMBRE_PACIENTE,FECHA_NACIMIENTO,EDAD,TELEFONO_PTE,EMAIL_PTE,FECHA_REGISTRO,ID_ESTADO) values (169,'Alyda Bakerman',to_date('27-FEB-76','DD-MON-RR'),48,18365254,'Alyda.Bakerman@gmail.com',to_date('02-JUN-24','DD-MON-RR'),1);
Insert into ESTUDIANTE.TABLAPACIENTES (ID_PACIENTE,NOMBRE_PACIENTE,FECHA_NACIMIENTO,EDAD,TELEFONO_PTE,EMAIL_PTE,FECHA_REGISTRO,ID_ESTADO) values (170,'Pollyanna Felizio',to_date('08-DEC-68','DD-MON-RR'),56,70520906,'Pollyanna.Felizio@gmail.com',to_date('03-JUN-24','DD-MON-RR'),1);
Insert into ESTUDIANTE.TABLAPACIENTES (ID_PACIENTE,NOMBRE_PACIENTE,FECHA_NACIMIENTO,EDAD,TELEFONO_PTE,EMAIL_PTE,FECHA_REGISTRO,ID_ESTADO) values (171,'Georgetta Junie',to_date('24-OCT-01','DD-MON-RR'),23,89316249,'Georgetta.Junie@gmail.com',to_date('04-JUN-24','DD-MON-RR'),2);
Insert into ESTUDIANTE.TABLAPACIENTES (ID_PACIENTE,NOMBRE_PACIENTE,FECHA_NACIMIENTO,EDAD,TELEFONO_PTE,EMAIL_PTE,FECHA_REGISTRO,ID_ESTADO) values (172,'Ninnetta Kirstin',to_date('08-DEC-99','DD-MON-RR'),25,71251738,'Ninnetta.Kirstin@gmail.com',to_date('05-JUN-24','DD-MON-RR'),1);
Insert into ESTUDIANTE.TABLAPACIENTES (ID_PACIENTE,NOMBRE_PACIENTE,FECHA_NACIMIENTO,EDAD,TELEFONO_PTE,EMAIL_PTE,FECHA_REGISTRO,ID_ESTADO) values (173,'Cyb Ethban',to_date('23-OCT-74','DD-MON-RR'),50,12085122,'Cyb.Ethban@gmail.com',to_date('06-JUN-24','DD-MON-RR'),2);
Insert into ESTUDIANTE.TABLAPACIENTES (ID_PACIENTE,NOMBRE_PACIENTE,FECHA_NACIMIENTO,EDAD,TELEFONO_PTE,EMAIL_PTE,FECHA_REGISTRO,ID_ESTADO) values (174,'Maisey Elisha',to_date('30-AUG-72','DD-MON-RR'),52,21431300,'Maisey.Elisha@gmail.com',to_date('07-JUN-24','DD-MON-RR'),2);
Insert into ESTUDIANTE.TABLAPACIENTES (ID_PACIENTE,NOMBRE_PACIENTE,FECHA_NACIMIENTO,EDAD,TELEFONO_PTE,EMAIL_PTE,FECHA_REGISTRO,ID_ESTADO) values (175,'Joeann Angelis',to_date('28-MAY-86','DD-MON-RR'),38,43830494,'Joeann.Angelis@gmail.com',to_date('08-JUN-24','DD-MON-RR'),2);
Insert into ESTUDIANTE.TABLAPACIENTES (ID_PACIENTE,NOMBRE_PACIENTE,FECHA_NACIMIENTO,EDAD,TELEFONO_PTE,EMAIL_PTE,FECHA_REGISTRO,ID_ESTADO) values (176,'Clo Stilwell',to_date('18-DEC-70','DD-MON-RR'),54,35034546,'Clo.Stilwell@gmail.com',to_date('09-JUN-24','DD-MON-RR'),1);
Insert into ESTUDIANTE.TABLAPACIENTES (ID_PACIENTE,NOMBRE_PACIENTE,FECHA_NACIMIENTO,EDAD,TELEFONO_PTE,EMAIL_PTE,FECHA_REGISTRO,ID_ESTADO) values (177,'Tani Chick',to_date('25-AUG-83','DD-MON-RR'),41,94093594,'Tani.Chick@gmail.com',to_date('10-JUN-24','DD-MON-RR'),1);
Insert into ESTUDIANTE.TABLAPACIENTES (ID_PACIENTE,NOMBRE_PACIENTE,FECHA_NACIMIENTO,EDAD,TELEFONO_PTE,EMAIL_PTE,FECHA_REGISTRO,ID_ESTADO) values (178,'Cacilie Leopold',to_date('28-NOV-00','DD-MON-RR'),24,84532405,'Cacilie.Leopold@gmail.com',to_date('11-JUN-24','DD-MON-RR'),2);
Insert into ESTUDIANTE.TABLAPACIENTES (ID_PACIENTE,NOMBRE_PACIENTE,FECHA_NACIMIENTO,EDAD,TELEFONO_PTE,EMAIL_PTE,FECHA_REGISTRO,ID_ESTADO) values (179,'Brooks Randene',to_date('07-JUL-86','DD-MON-RR'),38,78015096,'Brooks.Randene@gmail.com',to_date('12-JUN-24','DD-MON-RR'),1);
Insert into ESTUDIANTE.TABLAPACIENTES (ID_PACIENTE,NOMBRE_PACIENTE,FECHA_NACIMIENTO,EDAD,TELEFONO_PTE,EMAIL_PTE,FECHA_REGISTRO,ID_ESTADO) values (180,'Tonia Angelis',to_date('17-MAY-86','DD-MON-RR'),38,74626361,'Tonia.Angelis@gmail.com',to_date('13-JUN-24','DD-MON-RR'),2);
Insert into ESTUDIANTE.TABLAPACIENTES (ID_PACIENTE,NOMBRE_PACIENTE,FECHA_NACIMIENTO,EDAD,TELEFONO_PTE,EMAIL_PTE,FECHA_REGISTRO,ID_ESTADO) values (181,'Benita Alice',to_date('21-OCT-79','DD-MON-RR'),45,40069380,'Benita.Alice@gmail.com',to_date('14-JUN-24','DD-MON-RR'),2);
Insert into ESTUDIANTE.TABLAPACIENTES (ID_PACIENTE,NOMBRE_PACIENTE,FECHA_NACIMIENTO,EDAD,TELEFONO_PTE,EMAIL_PTE,FECHA_REGISTRO,ID_ESTADO) values (182,'Dacia Hermes',to_date('04-JUN-84','DD-MON-RR'),40,53747545,'Dacia.Hermes@gmail.com',to_date('15-JUN-24','DD-MON-RR'),2);
Insert into ESTUDIANTE.TABLAPACIENTES (ID_PACIENTE,NOMBRE_PACIENTE,FECHA_NACIMIENTO,EDAD,TELEFONO_PTE,EMAIL_PTE,FECHA_REGISTRO,ID_ESTADO) values (183,'Tybie Israeli',to_date('24-JAN-83','DD-MON-RR'),41,80162201,'Tybie.Israeli@gmail.com',to_date('16-JUN-24','DD-MON-RR'),1);
Insert into ESTUDIANTE.TABLAPACIENTES (ID_PACIENTE,NOMBRE_PACIENTE,FECHA_NACIMIENTO,EDAD,TELEFONO_PTE,EMAIL_PTE,FECHA_REGISTRO,ID_ESTADO) values (184,'Sallie Matthew',to_date('04-SEP-62','DD-MON-RR'),62,85588637,'Sallie.Matthew@gmail.com',to_date('17-JUN-24','DD-MON-RR'),2);
Insert into ESTUDIANTE.TABLAPACIENTES (ID_PACIENTE,NOMBRE_PACIENTE,FECHA_NACIMIENTO,EDAD,TELEFONO_PTE,EMAIL_PTE,FECHA_REGISTRO,ID_ESTADO) values (185,'Minda Kamaria',to_date('18-JUN-66','DD-MON-RR'),58,58955903,'Minda.Kamaria@gmail.com',to_date('18-JUN-24','DD-MON-RR'),2);
Insert into ESTUDIANTE.TABLAPACIENTES (ID_PACIENTE,NOMBRE_PACIENTE,FECHA_NACIMIENTO,EDAD,TELEFONO_PTE,EMAIL_PTE,FECHA_REGISTRO,ID_ESTADO) values (186,'Felice Kristi',to_date('25-APR-83','DD-MON-RR'),41,27701772,'Felice.Kristi@gmail.com',to_date('19-JUN-24','DD-MON-RR'),1);
Insert into ESTUDIANTE.TABLAPACIENTES (ID_PACIENTE,NOMBRE_PACIENTE,FECHA_NACIMIENTO,EDAD,TELEFONO_PTE,EMAIL_PTE,FECHA_REGISTRO,ID_ESTADO) values (187,'Joane Moina',to_date('03-DEC-02','DD-MON-RR'),22,38066731,'Joane.Moina@gmail.com',to_date('20-JUN-24','DD-MON-RR'),2);
Insert into ESTUDIANTE.TABLAPACIENTES (ID_PACIENTE,NOMBRE_PACIENTE,FECHA_NACIMIENTO,EDAD,TELEFONO_PTE,EMAIL_PTE,FECHA_REGISTRO,ID_ESTADO) values (188,'Sibella Valerio',to_date('25-JUL-71','DD-MON-RR'),53,89384812,'Sibella.Valerio@gmail.com',to_date('21-JUN-24','DD-MON-RR'),2);
Insert into ESTUDIANTE.TABLAPACIENTES (ID_PACIENTE,NOMBRE_PACIENTE,FECHA_NACIMIENTO,EDAD,TELEFONO_PTE,EMAIL_PTE,FECHA_REGISTRO,ID_ESTADO) values (189,'Sallie Meter',to_date('04-APR-85','DD-MON-RR'),39,62638189,'Sallie.Meter@gmail.com',to_date('22-JUN-24','DD-MON-RR'),2);
Insert into ESTUDIANTE.TABLAPACIENTES (ID_PACIENTE,NOMBRE_PACIENTE,FECHA_NACIMIENTO,EDAD,TELEFONO_PTE,EMAIL_PTE,FECHA_REGISTRO,ID_ESTADO) values (190,'Maye Norvol',to_date('20-SEP-73','DD-MON-RR'),51,91337643,'Maye.Norvol@gmail.com',to_date('23-JUN-24','DD-MON-RR'),1);
Insert into ESTUDIANTE.TABLAPACIENTES (ID_PACIENTE,NOMBRE_PACIENTE,FECHA_NACIMIENTO,EDAD,TELEFONO_PTE,EMAIL_PTE,FECHA_REGISTRO,ID_ESTADO) values (191,'Xylina Katrine',to_date('18-APR-02','DD-MON-RR'),22,34331926,'Xylina.Katrine@gmail.com',to_date('24-JUN-24','DD-MON-RR'),1);
Insert into ESTUDIANTE.TABLAPACIENTES (ID_PACIENTE,NOMBRE_PACIENTE,FECHA_NACIMIENTO,EDAD,TELEFONO_PTE,EMAIL_PTE,FECHA_REGISTRO,ID_ESTADO) values (192,'Blondelle Afton',to_date('17-FEB-13','DD-MON-RR'),11,75903484,'Blondelle.Afton@gmail.com',to_date('25-JUN-24','DD-MON-RR'),2);
Insert into ESTUDIANTE.TABLAPACIENTES (ID_PACIENTE,NOMBRE_PACIENTE,FECHA_NACIMIENTO,EDAD,TELEFONO_PTE,EMAIL_PTE,FECHA_REGISTRO,ID_ESTADO) values (193,'Betta Calhoun',to_date('22-JUL-67','DD-MON-RR'),57,12347254,'Betta.Calhoun@gmail.com',to_date('26-JUN-24','DD-MON-RR'),2);
Insert into ESTUDIANTE.TABLAPACIENTES (ID_PACIENTE,NOMBRE_PACIENTE,FECHA_NACIMIENTO,EDAD,TELEFONO_PTE,EMAIL_PTE,FECHA_REGISTRO,ID_ESTADO) values (194,'Johna Jammal',to_date('21-MAR-97','DD-MON-RR'),27,33394652,'Johna.Jammal@gmail.com',to_date('27-JUN-24','DD-MON-RR'),2);
Insert into ESTUDIANTE.TABLAPACIENTES (ID_PACIENTE,NOMBRE_PACIENTE,FECHA_NACIMIENTO,EDAD,TELEFONO_PTE,EMAIL_PTE,FECHA_REGISTRO,ID_ESTADO) values (195,'Nerta Hunfredo',to_date('02-AUG-91','DD-MON-RR'),33,65489755,'Nerta.Hunfredo@gmail.com',to_date('28-JUN-24','DD-MON-RR'),1);
Insert into ESTUDIANTE.TABLAPACIENTES (ID_PACIENTE,NOMBRE_PACIENTE,FECHA_NACIMIENTO,EDAD,TELEFONO_PTE,EMAIL_PTE,FECHA_REGISTRO,ID_ESTADO) values (196,'Arabel Weinreb',to_date('03-SEP-78','DD-MON-RR'),46,47330315,'Arabel.Weinreb@gmail.com',to_date('29-JUN-24','DD-MON-RR'),2);
Insert into ESTUDIANTE.TABLAPACIENTES (ID_PACIENTE,NOMBRE_PACIENTE,FECHA_NACIMIENTO,EDAD,TELEFONO_PTE,EMAIL_PTE,FECHA_REGISTRO,ID_ESTADO) values (197,'Penelopa Donoghue',to_date('20-APR-92','DD-MON-RR'),32,87483873,'Penelopa.Donoghue@gmail.com',to_date('30-JUN-24','DD-MON-RR'),1);
Insert into ESTUDIANTE.TABLAPACIENTES (ID_PACIENTE,NOMBRE_PACIENTE,FECHA_NACIMIENTO,EDAD,TELEFONO_PTE,EMAIL_PTE,FECHA_REGISTRO,ID_ESTADO) values (198,'Halette Carmena',to_date('25-NOV-06','DD-MON-RR'),18,68112481,'Halette.Carmena@gmail.com',to_date('01-JUL-24','DD-MON-RR'),2);
Insert into ESTUDIANTE.TABLAPACIENTES (ID_PACIENTE,NOMBRE_PACIENTE,FECHA_NACIMIENTO,EDAD,TELEFONO_PTE,EMAIL_PTE,FECHA_REGISTRO,ID_ESTADO) values (199,'Rubie Talia',to_date('23-JAN-06','DD-MON-RR'),18,38658436,'Rubie.Talia@gmail.com',to_date('02-JUL-24','DD-MON-RR'),1);
Insert into ESTUDIANTE.TABLAPACIENTES (ID_PACIENTE,NOMBRE_PACIENTE,FECHA_NACIMIENTO,EDAD,TELEFONO_PTE,EMAIL_PTE,FECHA_REGISTRO,ID_ESTADO) values (200,'Jinny Havens',to_date('10-NOV-89','DD-MON-RR'),35,51838831,'Jinny.Havens@gmail.com',to_date('03-JUL-24','DD-MON-RR'),2);
Insert into ESTUDIANTE.TABLAPACIENTES (ID_PACIENTE,NOMBRE_PACIENTE,FECHA_NACIMIENTO,EDAD,TELEFONO_PTE,EMAIL_PTE,FECHA_REGISTRO,ID_ESTADO) values (201,'Siana Rubie',to_date('10-FEB-11','DD-MON-RR'),13,21370059,'Siana.Rubie@gmail.com',to_date('04-JUL-24','DD-MON-RR'),2);
Insert into ESTUDIANTE.TABLAPACIENTES (ID_PACIENTE,NOMBRE_PACIENTE,FECHA_NACIMIENTO,EDAD,TELEFONO_PTE,EMAIL_PTE,FECHA_REGISTRO,ID_ESTADO) values (202,'Gabi Kimmie',to_date('06-AUG-94','DD-MON-RR'),30,16558309,'Gabi.Kimmie@gmail.com',to_date('05-JUL-24','DD-MON-RR'),2);
Insert into ESTUDIANTE.TABLAPACIENTES (ID_PACIENTE,NOMBRE_PACIENTE,FECHA_NACIMIENTO,EDAD,TELEFONO_PTE,EMAIL_PTE,FECHA_REGISTRO,ID_ESTADO) values (203,'Zsa Zsa Aldric',to_date('30-JUL-89','DD-MON-RR'),35,64549373,'Zsa Zsa.Aldric@gmail.com',to_date('06-JUL-24','DD-MON-RR'),1);
Insert into ESTUDIANTE.TABLAPACIENTES (ID_PACIENTE,NOMBRE_PACIENTE,FECHA_NACIMIENTO,EDAD,TELEFONO_PTE,EMAIL_PTE,FECHA_REGISTRO,ID_ESTADO) values (204,'Grier Jehu',to_date('29-SEP-91','DD-MON-RR'),33,21466984,'Grier.Jehu@gmail.com',to_date('07-JUL-24','DD-MON-RR'),1);
Insert into ESTUDIANTE.TABLAPACIENTES (ID_PACIENTE,NOMBRE_PACIENTE,FECHA_NACIMIENTO,EDAD,TELEFONO_PTE,EMAIL_PTE,FECHA_REGISTRO,ID_ESTADO) values (205,'Daryl Quent',to_date('04-MAY-85','DD-MON-RR'),39,47082609,'Daryl.Quent@gmail.com',to_date('08-JUL-24','DD-MON-RR'),2);
Insert into ESTUDIANTE.TABLAPACIENTES (ID_PACIENTE,NOMBRE_PACIENTE,FECHA_NACIMIENTO,EDAD,TELEFONO_PTE,EMAIL_PTE,FECHA_REGISTRO,ID_ESTADO) values (206,'Claudina Mehalek',to_date('15-OCT-61','DD-MON-RR'),63,56965434,'Claudina.Mehalek@gmail.com',to_date('09-JUL-24','DD-MON-RR'),1);
Insert into ESTUDIANTE.TABLAPACIENTES (ID_PACIENTE,NOMBRE_PACIENTE,FECHA_NACIMIENTO,EDAD,TELEFONO_PTE,EMAIL_PTE,FECHA_REGISTRO,ID_ESTADO) values (207,'Luci Khorma',to_date('07-MAY-13','DD-MON-RR'),11,65764272,'Luci.Khorma@gmail.com',to_date('10-JUL-24','DD-MON-RR'),2);
Insert into ESTUDIANTE.TABLAPACIENTES (ID_PACIENTE,NOMBRE_PACIENTE,FECHA_NACIMIENTO,EDAD,TELEFONO_PTE,EMAIL_PTE,FECHA_REGISTRO,ID_ESTADO) values (208,'Sherrie Kenney',to_date('09-MAY-67','DD-MON-RR'),57,79803858,'Sherrie.Kenney@gmail.com',to_date('11-JUL-24','DD-MON-RR'),2);
Insert into ESTUDIANTE.TABLAPACIENTES (ID_PACIENTE,NOMBRE_PACIENTE,FECHA_NACIMIENTO,EDAD,TELEFONO_PTE,EMAIL_PTE,FECHA_REGISTRO,ID_ESTADO) values (209,'Roslyn Bevin',to_date('23-SEP-84','DD-MON-RR'),40,53281147,'Roslyn.Bevin@gmail.com',to_date('12-JUL-24','DD-MON-RR'),2);
Insert into ESTUDIANTE.TABLAPACIENTES (ID_PACIENTE,NOMBRE_PACIENTE,FECHA_NACIMIENTO,EDAD,TELEFONO_PTE,EMAIL_PTE,FECHA_REGISTRO,ID_ESTADO) values (210,'Rhea Bandeen',to_date('06-JUN-14','DD-MON-RR'),10,99972641,'Rhea.Bandeen@gmail.com',to_date('13-JUL-24','DD-MON-RR'),1);
Insert into ESTUDIANTE.TABLAPACIENTES (ID_PACIENTE,NOMBRE_PACIENTE,FECHA_NACIMIENTO,EDAD,TELEFONO_PTE,EMAIL_PTE,FECHA_REGISTRO,ID_ESTADO) values (211,'Sindee Campball',to_date('05-FEB-97','DD-MON-RR'),27,30243874,'Sindee.Campball@gmail.com',to_date('14-JUL-24','DD-MON-RR'),1);
Insert into ESTUDIANTE.TABLAPACIENTES (ID_PACIENTE,NOMBRE_PACIENTE,FECHA_NACIMIENTO,EDAD,TELEFONO_PTE,EMAIL_PTE,FECHA_REGISTRO,ID_ESTADO) values (212,'Rosene Roche',to_date('21-MAR-07','DD-MON-RR'),17,47577889,'Rosene.Roche@gmail.com',to_date('15-JUL-24','DD-MON-RR'),1);
Insert into ESTUDIANTE.TABLAPACIENTES (ID_PACIENTE,NOMBRE_PACIENTE,FECHA_NACIMIENTO,EDAD,TELEFONO_PTE,EMAIL_PTE,FECHA_REGISTRO,ID_ESTADO) values (213,'Ardys Cohdwell',to_date('01-JAN-80','DD-MON-RR'),44,58842063,'Ardys.Cohdwell@gmail.com',to_date('16-JUL-24','DD-MON-RR'),2);
Insert into ESTUDIANTE.TABLAPACIENTES (ID_PACIENTE,NOMBRE_PACIENTE,FECHA_NACIMIENTO,EDAD,TELEFONO_PTE,EMAIL_PTE,FECHA_REGISTRO,ID_ESTADO) values (214,'Linet Gillan',to_date('02-MAR-62','DD-MON-RR'),62,63976960,'Linet.Gillan@gmail.com',to_date('17-JUL-24','DD-MON-RR'),1);
Insert into ESTUDIANTE.TABLAPACIENTES (ID_PACIENTE,NOMBRE_PACIENTE,FECHA_NACIMIENTO,EDAD,TELEFONO_PTE,EMAIL_PTE,FECHA_REGISTRO,ID_ESTADO) values (215,'Renae Stevy',to_date('13-FEB-67','DD-MON-RR'),57,16839421,'Renae.Stevy@gmail.com',to_date('18-JUL-24','DD-MON-RR'),1);
REM INSERTING into ESTUDIANTE.TABLAPAGO
SET DEFINE OFF;
Insert into ESTUDIANTE.TABLAPAGO (ID_PAGO,ID_PACIENTE,ID_CITA,ID_METODO_PAGO,FECHA,MONTO) values (16,16,16,1,to_date('09-JAN-24','DD-MON-RR'),254697);
Insert into ESTUDIANTE.TABLAPAGO (ID_PAGO,ID_PACIENTE,ID_CITA,ID_METODO_PAGO,FECHA,MONTO) values (17,17,17,2,to_date('21-JUN-24','DD-MON-RR'),118765);
Insert into ESTUDIANTE.TABLAPAGO (ID_PAGO,ID_PACIENTE,ID_CITA,ID_METODO_PAGO,FECHA,MONTO) values (18,18,18,1,to_date('28-SEP-24','DD-MON-RR'),363763);
Insert into ESTUDIANTE.TABLAPAGO (ID_PAGO,ID_PACIENTE,ID_CITA,ID_METODO_PAGO,FECHA,MONTO) values (19,19,19,3,to_date('11-OCT-24','DD-MON-RR'),170843);
Insert into ESTUDIANTE.TABLAPAGO (ID_PAGO,ID_PACIENTE,ID_CITA,ID_METODO_PAGO,FECHA,MONTO) values (20,20,20,3,to_date('15-NOV-24','DD-MON-RR'),348245);
Insert into ESTUDIANTE.TABLAPAGO (ID_PAGO,ID_PACIENTE,ID_CITA,ID_METODO_PAGO,FECHA,MONTO) values (21,21,21,3,to_date('06-OCT-24','DD-MON-RR'),358545);
Insert into ESTUDIANTE.TABLAPAGO (ID_PAGO,ID_PACIENTE,ID_CITA,ID_METODO_PAGO,FECHA,MONTO) values (22,22,22,1,to_date('11-JAN-24','DD-MON-RR'),355437);
Insert into ESTUDIANTE.TABLAPAGO (ID_PAGO,ID_PACIENTE,ID_CITA,ID_METODO_PAGO,FECHA,MONTO) values (23,23,23,3,to_date('15-APR-24','DD-MON-RR'),264746);
Insert into ESTUDIANTE.TABLAPAGO (ID_PAGO,ID_PACIENTE,ID_CITA,ID_METODO_PAGO,FECHA,MONTO) values (24,24,24,3,to_date('31-OCT-24','DD-MON-RR'),311952);
Insert into ESTUDIANTE.TABLAPAGO (ID_PAGO,ID_PACIENTE,ID_CITA,ID_METODO_PAGO,FECHA,MONTO) values (25,25,25,1,to_date('12-AUG-24','DD-MON-RR'),40147);
Insert into ESTUDIANTE.TABLAPAGO (ID_PAGO,ID_PACIENTE,ID_CITA,ID_METODO_PAGO,FECHA,MONTO) values (26,26,26,1,to_date('25-DEC-24','DD-MON-RR'),59440);
Insert into ESTUDIANTE.TABLAPAGO (ID_PAGO,ID_PACIENTE,ID_CITA,ID_METODO_PAGO,FECHA,MONTO) values (27,27,27,2,to_date('06-DEC-24','DD-MON-RR'),236638);
Insert into ESTUDIANTE.TABLAPAGO (ID_PAGO,ID_PACIENTE,ID_CITA,ID_METODO_PAGO,FECHA,MONTO) values (28,28,28,3,to_date('09-MAY-24','DD-MON-RR'),404667);
Insert into ESTUDIANTE.TABLAPAGO (ID_PAGO,ID_PACIENTE,ID_CITA,ID_METODO_PAGO,FECHA,MONTO) values (29,29,29,3,to_date('17-DEC-24','DD-MON-RR'),22517);
Insert into ESTUDIANTE.TABLAPAGO (ID_PAGO,ID_PACIENTE,ID_CITA,ID_METODO_PAGO,FECHA,MONTO) values (30,30,30,2,to_date('26-MAY-24','DD-MON-RR'),38554);
Insert into ESTUDIANTE.TABLAPAGO (ID_PAGO,ID_PACIENTE,ID_CITA,ID_METODO_PAGO,FECHA,MONTO) values (31,31,31,3,to_date('30-OCT-24','DD-MON-RR'),292593);
Insert into ESTUDIANTE.TABLAPAGO (ID_PAGO,ID_PACIENTE,ID_CITA,ID_METODO_PAGO,FECHA,MONTO) values (32,32,32,2,to_date('17-MAR-24','DD-MON-RR'),277415);
Insert into ESTUDIANTE.TABLAPAGO (ID_PAGO,ID_PACIENTE,ID_CITA,ID_METODO_PAGO,FECHA,MONTO) values (33,33,33,1,to_date('09-JUN-24','DD-MON-RR'),99022);
Insert into ESTUDIANTE.TABLAPAGO (ID_PAGO,ID_PACIENTE,ID_CITA,ID_METODO_PAGO,FECHA,MONTO) values (34,34,34,1,to_date('01-SEP-24','DD-MON-RR'),146359);
Insert into ESTUDIANTE.TABLAPAGO (ID_PAGO,ID_PACIENTE,ID_CITA,ID_METODO_PAGO,FECHA,MONTO) values (35,35,35,2,to_date('11-OCT-24','DD-MON-RR'),463911);
Insert into ESTUDIANTE.TABLAPAGO (ID_PAGO,ID_PACIENTE,ID_CITA,ID_METODO_PAGO,FECHA,MONTO) values (36,36,36,1,to_date('09-MAY-24','DD-MON-RR'),492534);
Insert into ESTUDIANTE.TABLAPAGO (ID_PAGO,ID_PACIENTE,ID_CITA,ID_METODO_PAGO,FECHA,MONTO) values (37,37,37,3,to_date('06-JUL-24','DD-MON-RR'),465542);
Insert into ESTUDIANTE.TABLAPAGO (ID_PAGO,ID_PACIENTE,ID_CITA,ID_METODO_PAGO,FECHA,MONTO) values (38,38,38,2,to_date('13-MAR-24','DD-MON-RR'),63654);
Insert into ESTUDIANTE.TABLAPAGO (ID_PAGO,ID_PACIENTE,ID_CITA,ID_METODO_PAGO,FECHA,MONTO) values (39,39,39,1,to_date('25-MAR-24','DD-MON-RR'),386991);
Insert into ESTUDIANTE.TABLAPAGO (ID_PAGO,ID_PACIENTE,ID_CITA,ID_METODO_PAGO,FECHA,MONTO) values (40,40,40,1,to_date('22-MAR-24','DD-MON-RR'),382554);
Insert into ESTUDIANTE.TABLAPAGO (ID_PAGO,ID_PACIENTE,ID_CITA,ID_METODO_PAGO,FECHA,MONTO) values (41,41,41,1,to_date('14-MAR-24','DD-MON-RR'),163136);
Insert into ESTUDIANTE.TABLAPAGO (ID_PAGO,ID_PACIENTE,ID_CITA,ID_METODO_PAGO,FECHA,MONTO) values (42,42,42,2,to_date('04-JUN-24','DD-MON-RR'),437956);
Insert into ESTUDIANTE.TABLAPAGO (ID_PAGO,ID_PACIENTE,ID_CITA,ID_METODO_PAGO,FECHA,MONTO) values (43,43,43,3,to_date('25-NOV-24','DD-MON-RR'),137228);
Insert into ESTUDIANTE.TABLAPAGO (ID_PAGO,ID_PACIENTE,ID_CITA,ID_METODO_PAGO,FECHA,MONTO) values (44,44,44,1,to_date('18-MAR-24','DD-MON-RR'),24689);
Insert into ESTUDIANTE.TABLAPAGO (ID_PAGO,ID_PACIENTE,ID_CITA,ID_METODO_PAGO,FECHA,MONTO) values (45,45,45,2,to_date('13-JUL-24','DD-MON-RR'),120108);
Insert into ESTUDIANTE.TABLAPAGO (ID_PAGO,ID_PACIENTE,ID_CITA,ID_METODO_PAGO,FECHA,MONTO) values (46,46,46,3,to_date('31-JUL-24','DD-MON-RR'),87045);
Insert into ESTUDIANTE.TABLAPAGO (ID_PAGO,ID_PACIENTE,ID_CITA,ID_METODO_PAGO,FECHA,MONTO) values (47,47,47,2,to_date('25-AUG-24','DD-MON-RR'),444473);
Insert into ESTUDIANTE.TABLAPAGO (ID_PAGO,ID_PACIENTE,ID_CITA,ID_METODO_PAGO,FECHA,MONTO) values (48,48,48,1,to_date('16-OCT-24','DD-MON-RR'),188148);
Insert into ESTUDIANTE.TABLAPAGO (ID_PAGO,ID_PACIENTE,ID_CITA,ID_METODO_PAGO,FECHA,MONTO) values (49,49,49,1,to_date('24-FEB-24','DD-MON-RR'),327256);
Insert into ESTUDIANTE.TABLAPAGO (ID_PAGO,ID_PACIENTE,ID_CITA,ID_METODO_PAGO,FECHA,MONTO) values (50,50,50,1,to_date('05-AUG-24','DD-MON-RR'),467279);
Insert into ESTUDIANTE.TABLAPAGO (ID_PAGO,ID_PACIENTE,ID_CITA,ID_METODO_PAGO,FECHA,MONTO) values (51,51,51,3,to_date('02-OCT-24','DD-MON-RR'),342777);
Insert into ESTUDIANTE.TABLAPAGO (ID_PAGO,ID_PACIENTE,ID_CITA,ID_METODO_PAGO,FECHA,MONTO) values (52,52,52,1,to_date('03-JUL-24','DD-MON-RR'),36738);
Insert into ESTUDIANTE.TABLAPAGO (ID_PAGO,ID_PACIENTE,ID_CITA,ID_METODO_PAGO,FECHA,MONTO) values (53,53,53,3,to_date('29-SEP-24','DD-MON-RR'),133267);
Insert into ESTUDIANTE.TABLAPAGO (ID_PAGO,ID_PACIENTE,ID_CITA,ID_METODO_PAGO,FECHA,MONTO) values (54,54,54,3,to_date('08-MAR-24','DD-MON-RR'),321435);
Insert into ESTUDIANTE.TABLAPAGO (ID_PAGO,ID_PACIENTE,ID_CITA,ID_METODO_PAGO,FECHA,MONTO) values (55,55,55,3,to_date('14-MAY-24','DD-MON-RR'),363424);
Insert into ESTUDIANTE.TABLAPAGO (ID_PAGO,ID_PACIENTE,ID_CITA,ID_METODO_PAGO,FECHA,MONTO) values (56,56,56,1,to_date('22-JAN-24','DD-MON-RR'),206029);
Insert into ESTUDIANTE.TABLAPAGO (ID_PAGO,ID_PACIENTE,ID_CITA,ID_METODO_PAGO,FECHA,MONTO) values (57,57,57,1,to_date('07-DEC-24','DD-MON-RR'),380620);
Insert into ESTUDIANTE.TABLAPAGO (ID_PAGO,ID_PACIENTE,ID_CITA,ID_METODO_PAGO,FECHA,MONTO) values (58,58,58,1,to_date('26-FEB-24','DD-MON-RR'),226665);
Insert into ESTUDIANTE.TABLAPAGO (ID_PAGO,ID_PACIENTE,ID_CITA,ID_METODO_PAGO,FECHA,MONTO) values (59,59,59,1,to_date('04-JUL-24','DD-MON-RR'),220981);
Insert into ESTUDIANTE.TABLAPAGO (ID_PAGO,ID_PACIENTE,ID_CITA,ID_METODO_PAGO,FECHA,MONTO) values (60,60,60,2,to_date('08-JUL-24','DD-MON-RR'),389446);
Insert into ESTUDIANTE.TABLAPAGO (ID_PAGO,ID_PACIENTE,ID_CITA,ID_METODO_PAGO,FECHA,MONTO) values (61,61,61,2,to_date('03-MAR-24','DD-MON-RR'),61693);
Insert into ESTUDIANTE.TABLAPAGO (ID_PAGO,ID_PACIENTE,ID_CITA,ID_METODO_PAGO,FECHA,MONTO) values (62,62,62,1,to_date('26-MAR-24','DD-MON-RR'),83739);
Insert into ESTUDIANTE.TABLAPAGO (ID_PAGO,ID_PACIENTE,ID_CITA,ID_METODO_PAGO,FECHA,MONTO) values (63,63,63,3,to_date('07-SEP-24','DD-MON-RR'),459662);
Insert into ESTUDIANTE.TABLAPAGO (ID_PAGO,ID_PACIENTE,ID_CITA,ID_METODO_PAGO,FECHA,MONTO) values (64,64,64,1,to_date('13-OCT-24','DD-MON-RR'),374561);
Insert into ESTUDIANTE.TABLAPAGO (ID_PAGO,ID_PACIENTE,ID_CITA,ID_METODO_PAGO,FECHA,MONTO) values (65,65,65,1,to_date('16-MAY-24','DD-MON-RR'),466030);
Insert into ESTUDIANTE.TABLAPAGO (ID_PAGO,ID_PACIENTE,ID_CITA,ID_METODO_PAGO,FECHA,MONTO) values (66,66,66,3,to_date('13-JUN-24','DD-MON-RR'),104224);
Insert into ESTUDIANTE.TABLAPAGO (ID_PAGO,ID_PACIENTE,ID_CITA,ID_METODO_PAGO,FECHA,MONTO) values (67,67,67,3,to_date('08-APR-24','DD-MON-RR'),32677);
Insert into ESTUDIANTE.TABLAPAGO (ID_PAGO,ID_PACIENTE,ID_CITA,ID_METODO_PAGO,FECHA,MONTO) values (68,68,68,3,to_date('06-DEC-24','DD-MON-RR'),387334);
Insert into ESTUDIANTE.TABLAPAGO (ID_PAGO,ID_PACIENTE,ID_CITA,ID_METODO_PAGO,FECHA,MONTO) values (69,69,69,3,to_date('15-FEB-24','DD-MON-RR'),226756);
Insert into ESTUDIANTE.TABLAPAGO (ID_PAGO,ID_PACIENTE,ID_CITA,ID_METODO_PAGO,FECHA,MONTO) values (70,70,70,1,to_date('17-OCT-24','DD-MON-RR'),145130);
Insert into ESTUDIANTE.TABLAPAGO (ID_PAGO,ID_PACIENTE,ID_CITA,ID_METODO_PAGO,FECHA,MONTO) values (71,71,71,1,to_date('05-FEB-24','DD-MON-RR'),175562);
Insert into ESTUDIANTE.TABLAPAGO (ID_PAGO,ID_PACIENTE,ID_CITA,ID_METODO_PAGO,FECHA,MONTO) values (72,72,72,1,to_date('21-APR-24','DD-MON-RR'),362403);
Insert into ESTUDIANTE.TABLAPAGO (ID_PAGO,ID_PACIENTE,ID_CITA,ID_METODO_PAGO,FECHA,MONTO) values (73,73,73,1,to_date('12-NOV-24','DD-MON-RR'),275708);
Insert into ESTUDIANTE.TABLAPAGO (ID_PAGO,ID_PACIENTE,ID_CITA,ID_METODO_PAGO,FECHA,MONTO) values (74,74,74,1,to_date('05-JUL-24','DD-MON-RR'),73930);
Insert into ESTUDIANTE.TABLAPAGO (ID_PAGO,ID_PACIENTE,ID_CITA,ID_METODO_PAGO,FECHA,MONTO) values (75,75,75,3,to_date('10-JUL-24','DD-MON-RR'),130142);
Insert into ESTUDIANTE.TABLAPAGO (ID_PAGO,ID_PACIENTE,ID_CITA,ID_METODO_PAGO,FECHA,MONTO) values (76,76,76,3,to_date('27-DEC-24','DD-MON-RR'),439196);
Insert into ESTUDIANTE.TABLAPAGO (ID_PAGO,ID_PACIENTE,ID_CITA,ID_METODO_PAGO,FECHA,MONTO) values (77,77,77,3,to_date('26-JUL-24','DD-MON-RR'),239455);
Insert into ESTUDIANTE.TABLAPAGO (ID_PAGO,ID_PACIENTE,ID_CITA,ID_METODO_PAGO,FECHA,MONTO) values (78,78,78,1,to_date('09-NOV-24','DD-MON-RR'),488052);
Insert into ESTUDIANTE.TABLAPAGO (ID_PAGO,ID_PACIENTE,ID_CITA,ID_METODO_PAGO,FECHA,MONTO) values (79,79,79,1,to_date('17-SEP-24','DD-MON-RR'),376540);
Insert into ESTUDIANTE.TABLAPAGO (ID_PAGO,ID_PACIENTE,ID_CITA,ID_METODO_PAGO,FECHA,MONTO) values (80,80,80,1,to_date('10-OCT-24','DD-MON-RR'),435247);
Insert into ESTUDIANTE.TABLAPAGO (ID_PAGO,ID_PACIENTE,ID_CITA,ID_METODO_PAGO,FECHA,MONTO) values (81,81,81,2,to_date('18-NOV-24','DD-MON-RR'),376697);
Insert into ESTUDIANTE.TABLAPAGO (ID_PAGO,ID_PACIENTE,ID_CITA,ID_METODO_PAGO,FECHA,MONTO) values (82,82,82,1,to_date('01-AUG-24','DD-MON-RR'),131159);
Insert into ESTUDIANTE.TABLAPAGO (ID_PAGO,ID_PACIENTE,ID_CITA,ID_METODO_PAGO,FECHA,MONTO) values (83,83,83,2,to_date('10-SEP-24','DD-MON-RR'),126615);
Insert into ESTUDIANTE.TABLAPAGO (ID_PAGO,ID_PACIENTE,ID_CITA,ID_METODO_PAGO,FECHA,MONTO) values (84,84,84,3,to_date('20-NOV-24','DD-MON-RR'),225679);
Insert into ESTUDIANTE.TABLAPAGO (ID_PAGO,ID_PACIENTE,ID_CITA,ID_METODO_PAGO,FECHA,MONTO) values (85,85,85,3,to_date('31-MAY-24','DD-MON-RR'),493173);
Insert into ESTUDIANTE.TABLAPAGO (ID_PAGO,ID_PACIENTE,ID_CITA,ID_METODO_PAGO,FECHA,MONTO) values (86,86,86,3,to_date('25-FEB-24','DD-MON-RR'),179083);
Insert into ESTUDIANTE.TABLAPAGO (ID_PAGO,ID_PACIENTE,ID_CITA,ID_METODO_PAGO,FECHA,MONTO) values (87,87,87,1,to_date('10-OCT-24','DD-MON-RR'),402959);
Insert into ESTUDIANTE.TABLAPAGO (ID_PAGO,ID_PACIENTE,ID_CITA,ID_METODO_PAGO,FECHA,MONTO) values (88,88,88,2,to_date('15-APR-24','DD-MON-RR'),213716);
Insert into ESTUDIANTE.TABLAPAGO (ID_PAGO,ID_PACIENTE,ID_CITA,ID_METODO_PAGO,FECHA,MONTO) values (89,89,89,3,to_date('25-JUN-24','DD-MON-RR'),327775);
Insert into ESTUDIANTE.TABLAPAGO (ID_PAGO,ID_PACIENTE,ID_CITA,ID_METODO_PAGO,FECHA,MONTO) values (90,90,90,1,to_date('06-APR-24','DD-MON-RR'),412262);
Insert into ESTUDIANTE.TABLAPAGO (ID_PAGO,ID_PACIENTE,ID_CITA,ID_METODO_PAGO,FECHA,MONTO) values (91,91,91,2,to_date('23-FEB-24','DD-MON-RR'),83541);
Insert into ESTUDIANTE.TABLAPAGO (ID_PAGO,ID_PACIENTE,ID_CITA,ID_METODO_PAGO,FECHA,MONTO) values (92,92,92,2,to_date('03-SEP-24','DD-MON-RR'),232031);
Insert into ESTUDIANTE.TABLAPAGO (ID_PAGO,ID_PACIENTE,ID_CITA,ID_METODO_PAGO,FECHA,MONTO) values (93,93,93,1,to_date('10-JUN-24','DD-MON-RR'),230738);
Insert into ESTUDIANTE.TABLAPAGO (ID_PAGO,ID_PACIENTE,ID_CITA,ID_METODO_PAGO,FECHA,MONTO) values (94,94,94,3,to_date('08-MAR-24','DD-MON-RR'),199641);
Insert into ESTUDIANTE.TABLAPAGO (ID_PAGO,ID_PACIENTE,ID_CITA,ID_METODO_PAGO,FECHA,MONTO) values (95,95,95,2,to_date('10-DEC-24','DD-MON-RR'),218928);
Insert into ESTUDIANTE.TABLAPAGO (ID_PAGO,ID_PACIENTE,ID_CITA,ID_METODO_PAGO,FECHA,MONTO) values (96,96,96,1,to_date('08-MAY-24','DD-MON-RR'),185301);
Insert into ESTUDIANTE.TABLAPAGO (ID_PAGO,ID_PACIENTE,ID_CITA,ID_METODO_PAGO,FECHA,MONTO) values (97,97,97,3,to_date('15-JUN-24','DD-MON-RR'),454339);
Insert into ESTUDIANTE.TABLAPAGO (ID_PAGO,ID_PACIENTE,ID_CITA,ID_METODO_PAGO,FECHA,MONTO) values (98,98,98,1,to_date('22-APR-24','DD-MON-RR'),265996);
Insert into ESTUDIANTE.TABLAPAGO (ID_PAGO,ID_PACIENTE,ID_CITA,ID_METODO_PAGO,FECHA,MONTO) values (99,99,99,1,to_date('13-JUN-24','DD-MON-RR'),389060);
Insert into ESTUDIANTE.TABLAPAGO (ID_PAGO,ID_PACIENTE,ID_CITA,ID_METODO_PAGO,FECHA,MONTO) values (100,100,100,2,to_date('07-NOV-24','DD-MON-RR'),53865);
Insert into ESTUDIANTE.TABLAPAGO (ID_PAGO,ID_PACIENTE,ID_CITA,ID_METODO_PAGO,FECHA,MONTO) values (101,101,101,2,to_date('28-OCT-24','DD-MON-RR'),487745);
Insert into ESTUDIANTE.TABLAPAGO (ID_PAGO,ID_PACIENTE,ID_CITA,ID_METODO_PAGO,FECHA,MONTO) values (102,102,102,1,to_date('15-SEP-24','DD-MON-RR'),281897);
Insert into ESTUDIANTE.TABLAPAGO (ID_PAGO,ID_PACIENTE,ID_CITA,ID_METODO_PAGO,FECHA,MONTO) values (103,103,103,3,to_date('08-JUN-24','DD-MON-RR'),199138);
Insert into ESTUDIANTE.TABLAPAGO (ID_PAGO,ID_PACIENTE,ID_CITA,ID_METODO_PAGO,FECHA,MONTO) values (104,104,104,2,to_date('25-APR-24','DD-MON-RR'),37647);
Insert into ESTUDIANTE.TABLAPAGO (ID_PAGO,ID_PACIENTE,ID_CITA,ID_METODO_PAGO,FECHA,MONTO) values (105,105,105,3,to_date('12-SEP-24','DD-MON-RR'),249604);
Insert into ESTUDIANTE.TABLAPAGO (ID_PAGO,ID_PACIENTE,ID_CITA,ID_METODO_PAGO,FECHA,MONTO) values (106,106,106,2,to_date('02-OCT-24','DD-MON-RR'),29701);
Insert into ESTUDIANTE.TABLAPAGO (ID_PAGO,ID_PACIENTE,ID_CITA,ID_METODO_PAGO,FECHA,MONTO) values (107,107,107,2,to_date('03-NOV-24','DD-MON-RR'),386405);
Insert into ESTUDIANTE.TABLAPAGO (ID_PAGO,ID_PACIENTE,ID_CITA,ID_METODO_PAGO,FECHA,MONTO) values (108,108,108,2,to_date('05-MAR-24','DD-MON-RR'),268032);
Insert into ESTUDIANTE.TABLAPAGO (ID_PAGO,ID_PACIENTE,ID_CITA,ID_METODO_PAGO,FECHA,MONTO) values (109,109,109,2,to_date('11-MAY-24','DD-MON-RR'),54102);
Insert into ESTUDIANTE.TABLAPAGO (ID_PAGO,ID_PACIENTE,ID_CITA,ID_METODO_PAGO,FECHA,MONTO) values (110,110,110,3,to_date('13-OCT-24','DD-MON-RR'),273815);
Insert into ESTUDIANTE.TABLAPAGO (ID_PAGO,ID_PACIENTE,ID_CITA,ID_METODO_PAGO,FECHA,MONTO) values (111,111,111,1,to_date('24-JUL-24','DD-MON-RR'),204960);
Insert into ESTUDIANTE.TABLAPAGO (ID_PAGO,ID_PACIENTE,ID_CITA,ID_METODO_PAGO,FECHA,MONTO) values (112,112,112,2,to_date('24-JUN-24','DD-MON-RR'),38346);
Insert into ESTUDIANTE.TABLAPAGO (ID_PAGO,ID_PACIENTE,ID_CITA,ID_METODO_PAGO,FECHA,MONTO) values (113,113,113,3,to_date('21-AUG-24','DD-MON-RR'),425466);
Insert into ESTUDIANTE.TABLAPAGO (ID_PAGO,ID_PACIENTE,ID_CITA,ID_METODO_PAGO,FECHA,MONTO) values (114,114,114,1,to_date('27-DEC-24','DD-MON-RR'),365417);
Insert into ESTUDIANTE.TABLAPAGO (ID_PAGO,ID_PACIENTE,ID_CITA,ID_METODO_PAGO,FECHA,MONTO) values (115,115,115,2,to_date('19-OCT-24','DD-MON-RR'),407579);
Insert into ESTUDIANTE.TABLAPAGO (ID_PAGO,ID_PACIENTE,ID_CITA,ID_METODO_PAGO,FECHA,MONTO) values (116,116,116,2,to_date('23-OCT-24','DD-MON-RR'),424706);
Insert into ESTUDIANTE.TABLAPAGO (ID_PAGO,ID_PACIENTE,ID_CITA,ID_METODO_PAGO,FECHA,MONTO) values (117,117,117,3,to_date('04-NOV-24','DD-MON-RR'),32980);
Insert into ESTUDIANTE.TABLAPAGO (ID_PAGO,ID_PACIENTE,ID_CITA,ID_METODO_PAGO,FECHA,MONTO) values (118,118,118,1,to_date('12-JAN-24','DD-MON-RR'),401868);
Insert into ESTUDIANTE.TABLAPAGO (ID_PAGO,ID_PACIENTE,ID_CITA,ID_METODO_PAGO,FECHA,MONTO) values (119,119,119,3,to_date('29-MAR-24','DD-MON-RR'),372042);
Insert into ESTUDIANTE.TABLAPAGO (ID_PAGO,ID_PACIENTE,ID_CITA,ID_METODO_PAGO,FECHA,MONTO) values (120,120,120,1,to_date('03-SEP-24','DD-MON-RR'),258084);
Insert into ESTUDIANTE.TABLAPAGO (ID_PAGO,ID_PACIENTE,ID_CITA,ID_METODO_PAGO,FECHA,MONTO) values (121,121,121,1,to_date('10-NOV-24','DD-MON-RR'),469850);
Insert into ESTUDIANTE.TABLAPAGO (ID_PAGO,ID_PACIENTE,ID_CITA,ID_METODO_PAGO,FECHA,MONTO) values (122,122,122,2,to_date('15-AUG-24','DD-MON-RR'),196410);
Insert into ESTUDIANTE.TABLAPAGO (ID_PAGO,ID_PACIENTE,ID_CITA,ID_METODO_PAGO,FECHA,MONTO) values (123,123,123,2,to_date('13-JUL-24','DD-MON-RR'),175668);
Insert into ESTUDIANTE.TABLAPAGO (ID_PAGO,ID_PACIENTE,ID_CITA,ID_METODO_PAGO,FECHA,MONTO) values (124,124,124,1,to_date('08-JAN-24','DD-MON-RR'),448595);
Insert into ESTUDIANTE.TABLAPAGO (ID_PAGO,ID_PACIENTE,ID_CITA,ID_METODO_PAGO,FECHA,MONTO) values (125,125,125,2,to_date('11-AUG-24','DD-MON-RR'),127547);
Insert into ESTUDIANTE.TABLAPAGO (ID_PAGO,ID_PACIENTE,ID_CITA,ID_METODO_PAGO,FECHA,MONTO) values (126,126,126,2,to_date('18-MAR-24','DD-MON-RR'),394316);
Insert into ESTUDIANTE.TABLAPAGO (ID_PAGO,ID_PACIENTE,ID_CITA,ID_METODO_PAGO,FECHA,MONTO) values (127,127,127,2,to_date('09-NOV-24','DD-MON-RR'),42394);
Insert into ESTUDIANTE.TABLAPAGO (ID_PAGO,ID_PACIENTE,ID_CITA,ID_METODO_PAGO,FECHA,MONTO) values (128,128,128,2,to_date('22-NOV-24','DD-MON-RR'),344715);
Insert into ESTUDIANTE.TABLAPAGO (ID_PAGO,ID_PACIENTE,ID_CITA,ID_METODO_PAGO,FECHA,MONTO) values (129,129,129,1,to_date('24-SEP-24','DD-MON-RR'),475489);
Insert into ESTUDIANTE.TABLAPAGO (ID_PAGO,ID_PACIENTE,ID_CITA,ID_METODO_PAGO,FECHA,MONTO) values (130,130,130,3,to_date('17-DEC-24','DD-MON-RR'),450246);
Insert into ESTUDIANTE.TABLAPAGO (ID_PAGO,ID_PACIENTE,ID_CITA,ID_METODO_PAGO,FECHA,MONTO) values (131,131,131,2,to_date('21-JUN-24','DD-MON-RR'),419180);
Insert into ESTUDIANTE.TABLAPAGO (ID_PAGO,ID_PACIENTE,ID_CITA,ID_METODO_PAGO,FECHA,MONTO) values (132,132,132,3,to_date('30-AUG-24','DD-MON-RR'),104279);
Insert into ESTUDIANTE.TABLAPAGO (ID_PAGO,ID_PACIENTE,ID_CITA,ID_METODO_PAGO,FECHA,MONTO) values (133,133,133,2,to_date('27-NOV-24','DD-MON-RR'),281416);
Insert into ESTUDIANTE.TABLAPAGO (ID_PAGO,ID_PACIENTE,ID_CITA,ID_METODO_PAGO,FECHA,MONTO) values (134,134,134,3,to_date('28-MAY-24','DD-MON-RR'),430858);
Insert into ESTUDIANTE.TABLAPAGO (ID_PAGO,ID_PACIENTE,ID_CITA,ID_METODO_PAGO,FECHA,MONTO) values (135,135,135,3,to_date('26-NOV-24','DD-MON-RR'),406100);
Insert into ESTUDIANTE.TABLAPAGO (ID_PAGO,ID_PACIENTE,ID_CITA,ID_METODO_PAGO,FECHA,MONTO) values (136,136,136,1,to_date('06-SEP-24','DD-MON-RR'),50421);
Insert into ESTUDIANTE.TABLAPAGO (ID_PAGO,ID_PACIENTE,ID_CITA,ID_METODO_PAGO,FECHA,MONTO) values (137,137,137,1,to_date('24-MAY-24','DD-MON-RR'),254861);
Insert into ESTUDIANTE.TABLAPAGO (ID_PAGO,ID_PACIENTE,ID_CITA,ID_METODO_PAGO,FECHA,MONTO) values (138,138,138,3,to_date('28-DEC-24','DD-MON-RR'),85717);
Insert into ESTUDIANTE.TABLAPAGO (ID_PAGO,ID_PACIENTE,ID_CITA,ID_METODO_PAGO,FECHA,MONTO) values (139,139,139,3,to_date('19-MAR-24','DD-MON-RR'),236511);
Insert into ESTUDIANTE.TABLAPAGO (ID_PAGO,ID_PACIENTE,ID_CITA,ID_METODO_PAGO,FECHA,MONTO) values (140,140,140,1,to_date('06-DEC-24','DD-MON-RR'),101304);
Insert into ESTUDIANTE.TABLAPAGO (ID_PAGO,ID_PACIENTE,ID_CITA,ID_METODO_PAGO,FECHA,MONTO) values (141,141,141,2,to_date('29-JUL-24','DD-MON-RR'),257416);
Insert into ESTUDIANTE.TABLAPAGO (ID_PAGO,ID_PACIENTE,ID_CITA,ID_METODO_PAGO,FECHA,MONTO) values (142,142,142,2,to_date('06-OCT-24','DD-MON-RR'),189891);
Insert into ESTUDIANTE.TABLAPAGO (ID_PAGO,ID_PACIENTE,ID_CITA,ID_METODO_PAGO,FECHA,MONTO) values (143,143,143,3,to_date('27-SEP-24','DD-MON-RR'),185784);
Insert into ESTUDIANTE.TABLAPAGO (ID_PAGO,ID_PACIENTE,ID_CITA,ID_METODO_PAGO,FECHA,MONTO) values (144,144,144,3,to_date('02-JAN-24','DD-MON-RR'),64515);
Insert into ESTUDIANTE.TABLAPAGO (ID_PAGO,ID_PACIENTE,ID_CITA,ID_METODO_PAGO,FECHA,MONTO) values (145,145,145,3,to_date('09-APR-24','DD-MON-RR'),283225);
Insert into ESTUDIANTE.TABLAPAGO (ID_PAGO,ID_PACIENTE,ID_CITA,ID_METODO_PAGO,FECHA,MONTO) values (146,146,146,2,to_date('25-MAY-24','DD-MON-RR'),427341);
Insert into ESTUDIANTE.TABLAPAGO (ID_PAGO,ID_PACIENTE,ID_CITA,ID_METODO_PAGO,FECHA,MONTO) values (147,147,147,3,to_date('09-MAY-24','DD-MON-RR'),132875);
Insert into ESTUDIANTE.TABLAPAGO (ID_PAGO,ID_PACIENTE,ID_CITA,ID_METODO_PAGO,FECHA,MONTO) values (148,148,148,3,to_date('10-FEB-24','DD-MON-RR'),291965);
Insert into ESTUDIANTE.TABLAPAGO (ID_PAGO,ID_PACIENTE,ID_CITA,ID_METODO_PAGO,FECHA,MONTO) values (149,149,149,2,to_date('16-JUN-24','DD-MON-RR'),287858);
Insert into ESTUDIANTE.TABLAPAGO (ID_PAGO,ID_PACIENTE,ID_CITA,ID_METODO_PAGO,FECHA,MONTO) values (150,150,150,2,to_date('27-JAN-24','DD-MON-RR'),342897);
Insert into ESTUDIANTE.TABLAPAGO (ID_PAGO,ID_PACIENTE,ID_CITA,ID_METODO_PAGO,FECHA,MONTO) values (151,151,151,3,to_date('04-FEB-24','DD-MON-RR'),414096);
Insert into ESTUDIANTE.TABLAPAGO (ID_PAGO,ID_PACIENTE,ID_CITA,ID_METODO_PAGO,FECHA,MONTO) values (152,152,152,2,to_date('05-APR-24','DD-MON-RR'),219334);
Insert into ESTUDIANTE.TABLAPAGO (ID_PAGO,ID_PACIENTE,ID_CITA,ID_METODO_PAGO,FECHA,MONTO) values (153,153,153,3,to_date('14-APR-24','DD-MON-RR'),91147);
Insert into ESTUDIANTE.TABLAPAGO (ID_PAGO,ID_PACIENTE,ID_CITA,ID_METODO_PAGO,FECHA,MONTO) values (154,154,154,2,to_date('28-NOV-24','DD-MON-RR'),405090);
Insert into ESTUDIANTE.TABLAPAGO (ID_PAGO,ID_PACIENTE,ID_CITA,ID_METODO_PAGO,FECHA,MONTO) values (155,155,155,1,to_date('21-OCT-24','DD-MON-RR'),306344);
Insert into ESTUDIANTE.TABLAPAGO (ID_PAGO,ID_PACIENTE,ID_CITA,ID_METODO_PAGO,FECHA,MONTO) values (156,156,156,1,to_date('23-JAN-24','DD-MON-RR'),284590);
Insert into ESTUDIANTE.TABLAPAGO (ID_PAGO,ID_PACIENTE,ID_CITA,ID_METODO_PAGO,FECHA,MONTO) values (157,157,157,2,to_date('22-DEC-24','DD-MON-RR'),305771);
Insert into ESTUDIANTE.TABLAPAGO (ID_PAGO,ID_PACIENTE,ID_CITA,ID_METODO_PAGO,FECHA,MONTO) values (158,158,158,2,to_date('28-AUG-24','DD-MON-RR'),211844);
Insert into ESTUDIANTE.TABLAPAGO (ID_PAGO,ID_PACIENTE,ID_CITA,ID_METODO_PAGO,FECHA,MONTO) values (159,159,159,3,to_date('21-APR-24','DD-MON-RR'),55316);
Insert into ESTUDIANTE.TABLAPAGO (ID_PAGO,ID_PACIENTE,ID_CITA,ID_METODO_PAGO,FECHA,MONTO) values (160,160,160,2,to_date('03-JAN-24','DD-MON-RR'),145151);
Insert into ESTUDIANTE.TABLAPAGO (ID_PAGO,ID_PACIENTE,ID_CITA,ID_METODO_PAGO,FECHA,MONTO) values (161,161,161,1,to_date('02-MAY-24','DD-MON-RR'),64317);
Insert into ESTUDIANTE.TABLAPAGO (ID_PAGO,ID_PACIENTE,ID_CITA,ID_METODO_PAGO,FECHA,MONTO) values (162,162,162,3,to_date('14-MAR-24','DD-MON-RR'),412023);
Insert into ESTUDIANTE.TABLAPAGO (ID_PAGO,ID_PACIENTE,ID_CITA,ID_METODO_PAGO,FECHA,MONTO) values (163,163,163,3,to_date('17-SEP-24','DD-MON-RR'),251360);
Insert into ESTUDIANTE.TABLAPAGO (ID_PAGO,ID_PACIENTE,ID_CITA,ID_METODO_PAGO,FECHA,MONTO) values (164,164,164,2,to_date('18-JUL-24','DD-MON-RR'),484182);
Insert into ESTUDIANTE.TABLAPAGO (ID_PAGO,ID_PACIENTE,ID_CITA,ID_METODO_PAGO,FECHA,MONTO) values (165,165,165,1,to_date('31-DEC-24','DD-MON-RR'),362737);
Insert into ESTUDIANTE.TABLAPAGO (ID_PAGO,ID_PACIENTE,ID_CITA,ID_METODO_PAGO,FECHA,MONTO) values (166,166,166,2,to_date('09-MAY-24','DD-MON-RR'),373237);
Insert into ESTUDIANTE.TABLAPAGO (ID_PAGO,ID_PACIENTE,ID_CITA,ID_METODO_PAGO,FECHA,MONTO) values (167,167,167,2,to_date('25-FEB-24','DD-MON-RR'),337720);
Insert into ESTUDIANTE.TABLAPAGO (ID_PAGO,ID_PACIENTE,ID_CITA,ID_METODO_PAGO,FECHA,MONTO) values (168,168,168,2,to_date('29-JUL-24','DD-MON-RR'),51540);
Insert into ESTUDIANTE.TABLAPAGO (ID_PAGO,ID_PACIENTE,ID_CITA,ID_METODO_PAGO,FECHA,MONTO) values (169,169,169,3,to_date('13-NOV-24','DD-MON-RR'),185529);
Insert into ESTUDIANTE.TABLAPAGO (ID_PAGO,ID_PACIENTE,ID_CITA,ID_METODO_PAGO,FECHA,MONTO) values (170,170,170,1,to_date('02-FEB-24','DD-MON-RR'),41654);
Insert into ESTUDIANTE.TABLAPAGO (ID_PAGO,ID_PACIENTE,ID_CITA,ID_METODO_PAGO,FECHA,MONTO) values (171,171,171,3,to_date('15-APR-24','DD-MON-RR'),181889);
Insert into ESTUDIANTE.TABLAPAGO (ID_PAGO,ID_PACIENTE,ID_CITA,ID_METODO_PAGO,FECHA,MONTO) values (172,172,172,2,to_date('28-OCT-24','DD-MON-RR'),218472);
Insert into ESTUDIANTE.TABLAPAGO (ID_PAGO,ID_PACIENTE,ID_CITA,ID_METODO_PAGO,FECHA,MONTO) values (173,173,173,3,to_date('05-OCT-24','DD-MON-RR'),446864);
Insert into ESTUDIANTE.TABLAPAGO (ID_PAGO,ID_PACIENTE,ID_CITA,ID_METODO_PAGO,FECHA,MONTO) values (174,174,174,1,to_date('07-FEB-24','DD-MON-RR'),437933);
Insert into ESTUDIANTE.TABLAPAGO (ID_PAGO,ID_PACIENTE,ID_CITA,ID_METODO_PAGO,FECHA,MONTO) values (175,175,175,3,to_date('02-MAR-24','DD-MON-RR'),33158);
Insert into ESTUDIANTE.TABLAPAGO (ID_PAGO,ID_PACIENTE,ID_CITA,ID_METODO_PAGO,FECHA,MONTO) values (176,176,176,1,to_date('26-MAY-24','DD-MON-RR'),34232);
Insert into ESTUDIANTE.TABLAPAGO (ID_PAGO,ID_PACIENTE,ID_CITA,ID_METODO_PAGO,FECHA,MONTO) values (177,177,177,2,to_date('04-APR-24','DD-MON-RR'),68576);
Insert into ESTUDIANTE.TABLAPAGO (ID_PAGO,ID_PACIENTE,ID_CITA,ID_METODO_PAGO,FECHA,MONTO) values (178,178,178,2,to_date('03-JUN-24','DD-MON-RR'),192331);
Insert into ESTUDIANTE.TABLAPAGO (ID_PAGO,ID_PACIENTE,ID_CITA,ID_METODO_PAGO,FECHA,MONTO) values (179,179,179,3,to_date('13-JUL-24','DD-MON-RR'),331580);
Insert into ESTUDIANTE.TABLAPAGO (ID_PAGO,ID_PACIENTE,ID_CITA,ID_METODO_PAGO,FECHA,MONTO) values (180,180,180,1,to_date('14-JAN-24','DD-MON-RR'),414948);
Insert into ESTUDIANTE.TABLAPAGO (ID_PAGO,ID_PACIENTE,ID_CITA,ID_METODO_PAGO,FECHA,MONTO) values (181,181,181,2,to_date('23-MAR-24','DD-MON-RR'),354466);
Insert into ESTUDIANTE.TABLAPAGO (ID_PAGO,ID_PACIENTE,ID_CITA,ID_METODO_PAGO,FECHA,MONTO) values (182,182,182,3,to_date('12-JUN-24','DD-MON-RR'),156784);
Insert into ESTUDIANTE.TABLAPAGO (ID_PAGO,ID_PACIENTE,ID_CITA,ID_METODO_PAGO,FECHA,MONTO) values (183,183,183,3,to_date('20-MAR-24','DD-MON-RR'),120949);
Insert into ESTUDIANTE.TABLAPAGO (ID_PAGO,ID_PACIENTE,ID_CITA,ID_METODO_PAGO,FECHA,MONTO) values (184,184,184,2,to_date('05-FEB-24','DD-MON-RR'),163529);
Insert into ESTUDIANTE.TABLAPAGO (ID_PAGO,ID_PACIENTE,ID_CITA,ID_METODO_PAGO,FECHA,MONTO) values (185,185,185,3,to_date('14-MAR-24','DD-MON-RR'),388519);
Insert into ESTUDIANTE.TABLAPAGO (ID_PAGO,ID_PACIENTE,ID_CITA,ID_METODO_PAGO,FECHA,MONTO) values (186,186,186,3,to_date('18-JAN-24','DD-MON-RR'),97763);
Insert into ESTUDIANTE.TABLAPAGO (ID_PAGO,ID_PACIENTE,ID_CITA,ID_METODO_PAGO,FECHA,MONTO) values (187,187,187,2,to_date('31-MAR-24','DD-MON-RR'),281356);
Insert into ESTUDIANTE.TABLAPAGO (ID_PAGO,ID_PACIENTE,ID_CITA,ID_METODO_PAGO,FECHA,MONTO) values (188,188,188,1,to_date('07-DEC-24','DD-MON-RR'),153801);
Insert into ESTUDIANTE.TABLAPAGO (ID_PAGO,ID_PACIENTE,ID_CITA,ID_METODO_PAGO,FECHA,MONTO) values (189,189,189,2,to_date('19-MAR-24','DD-MON-RR'),207036);
Insert into ESTUDIANTE.TABLAPAGO (ID_PAGO,ID_PACIENTE,ID_CITA,ID_METODO_PAGO,FECHA,MONTO) values (190,190,190,3,to_date('22-FEB-24','DD-MON-RR'),150229);
Insert into ESTUDIANTE.TABLAPAGO (ID_PAGO,ID_PACIENTE,ID_CITA,ID_METODO_PAGO,FECHA,MONTO) values (191,191,191,1,to_date('03-OCT-24','DD-MON-RR'),338392);
Insert into ESTUDIANTE.TABLAPAGO (ID_PAGO,ID_PACIENTE,ID_CITA,ID_METODO_PAGO,FECHA,MONTO) values (192,192,192,1,to_date('06-OCT-24','DD-MON-RR'),52691);
Insert into ESTUDIANTE.TABLAPAGO (ID_PAGO,ID_PACIENTE,ID_CITA,ID_METODO_PAGO,FECHA,MONTO) values (193,193,193,2,to_date('19-SEP-24','DD-MON-RR'),153963);
Insert into ESTUDIANTE.TABLAPAGO (ID_PAGO,ID_PACIENTE,ID_CITA,ID_METODO_PAGO,FECHA,MONTO) values (194,194,194,3,to_date('16-JUN-24','DD-MON-RR'),221054);
Insert into ESTUDIANTE.TABLAPAGO (ID_PAGO,ID_PACIENTE,ID_CITA,ID_METODO_PAGO,FECHA,MONTO) values (195,195,195,2,to_date('08-SEP-24','DD-MON-RR'),110699);
Insert into ESTUDIANTE.TABLAPAGO (ID_PAGO,ID_PACIENTE,ID_CITA,ID_METODO_PAGO,FECHA,MONTO) values (196,196,196,2,to_date('23-DEC-24','DD-MON-RR'),149511);
Insert into ESTUDIANTE.TABLAPAGO (ID_PAGO,ID_PACIENTE,ID_CITA,ID_METODO_PAGO,FECHA,MONTO) values (197,197,197,2,to_date('19-JUN-24','DD-MON-RR'),345508);
Insert into ESTUDIANTE.TABLAPAGO (ID_PAGO,ID_PACIENTE,ID_CITA,ID_METODO_PAGO,FECHA,MONTO) values (198,198,198,3,to_date('13-DEC-24','DD-MON-RR'),103973);
Insert into ESTUDIANTE.TABLAPAGO (ID_PAGO,ID_PACIENTE,ID_CITA,ID_METODO_PAGO,FECHA,MONTO) values (199,199,199,1,to_date('17-OCT-24','DD-MON-RR'),50621);
Insert into ESTUDIANTE.TABLAPAGO (ID_PAGO,ID_PACIENTE,ID_CITA,ID_METODO_PAGO,FECHA,MONTO) values (200,200,200,2,to_date('30-NOV-24','DD-MON-RR'),183991);
Insert into ESTUDIANTE.TABLAPAGO (ID_PAGO,ID_PACIENTE,ID_CITA,ID_METODO_PAGO,FECHA,MONTO) values (201,201,201,2,to_date('26-OCT-24','DD-MON-RR'),27785);
Insert into ESTUDIANTE.TABLAPAGO (ID_PAGO,ID_PACIENTE,ID_CITA,ID_METODO_PAGO,FECHA,MONTO) values (202,202,202,2,to_date('15-NOV-24','DD-MON-RR'),183860);
Insert into ESTUDIANTE.TABLAPAGO (ID_PAGO,ID_PACIENTE,ID_CITA,ID_METODO_PAGO,FECHA,MONTO) values (203,203,203,2,to_date('07-APR-24','DD-MON-RR'),129336);
Insert into ESTUDIANTE.TABLAPAGO (ID_PAGO,ID_PACIENTE,ID_CITA,ID_METODO_PAGO,FECHA,MONTO) values (204,204,204,1,to_date('24-SEP-24','DD-MON-RR'),461515);
Insert into ESTUDIANTE.TABLAPAGO (ID_PAGO,ID_PACIENTE,ID_CITA,ID_METODO_PAGO,FECHA,MONTO) values (205,205,205,2,to_date('29-AUG-24','DD-MON-RR'),363908);
Insert into ESTUDIANTE.TABLAPAGO (ID_PAGO,ID_PACIENTE,ID_CITA,ID_METODO_PAGO,FECHA,MONTO) values (206,206,206,2,to_date('14-NOV-24','DD-MON-RR'),28574);
Insert into ESTUDIANTE.TABLAPAGO (ID_PAGO,ID_PACIENTE,ID_CITA,ID_METODO_PAGO,FECHA,MONTO) values (207,207,207,3,to_date('01-FEB-24','DD-MON-RR'),83204);
Insert into ESTUDIANTE.TABLAPAGO (ID_PAGO,ID_PACIENTE,ID_CITA,ID_METODO_PAGO,FECHA,MONTO) values (208,208,208,1,to_date('01-SEP-24','DD-MON-RR'),350491);
Insert into ESTUDIANTE.TABLAPAGO (ID_PAGO,ID_PACIENTE,ID_CITA,ID_METODO_PAGO,FECHA,MONTO) values (209,209,209,1,to_date('07-AUG-24','DD-MON-RR'),320364);
Insert into ESTUDIANTE.TABLAPAGO (ID_PAGO,ID_PACIENTE,ID_CITA,ID_METODO_PAGO,FECHA,MONTO) values (210,210,210,3,to_date('31-JAN-24','DD-MON-RR'),237090);
Insert into ESTUDIANTE.TABLAPAGO (ID_PAGO,ID_PACIENTE,ID_CITA,ID_METODO_PAGO,FECHA,MONTO) values (211,211,211,1,to_date('24-NOV-24','DD-MON-RR'),68554);
Insert into ESTUDIANTE.TABLAPAGO (ID_PAGO,ID_PACIENTE,ID_CITA,ID_METODO_PAGO,FECHA,MONTO) values (212,212,212,2,to_date('08-OCT-24','DD-MON-RR'),101678);
Insert into ESTUDIANTE.TABLAPAGO (ID_PAGO,ID_PACIENTE,ID_CITA,ID_METODO_PAGO,FECHA,MONTO) values (213,213,213,1,to_date('21-NOV-24','DD-MON-RR'),390468);
Insert into ESTUDIANTE.TABLAPAGO (ID_PAGO,ID_PACIENTE,ID_CITA,ID_METODO_PAGO,FECHA,MONTO) values (214,214,214,1,to_date('23-MAR-24','DD-MON-RR'),342039);
Insert into ESTUDIANTE.TABLAPAGO (ID_PAGO,ID_PACIENTE,ID_CITA,ID_METODO_PAGO,FECHA,MONTO) values (215,215,215,3,to_date('18-MAR-24','DD-MON-RR'),106077);
REM INSERTING into ESTUDIANTE.TABLATRATAMIENTO
SET DEFINE OFF;
Insert into ESTUDIANTE.TABLATRATAMIENTO (ID_TRAT,ID_PACIENTE,ID_TRAT2,DESCRIPCION) values (16,16,3,'Restauracin de dientes cariados');
Insert into ESTUDIANTE.TABLATRATAMIENTO (ID_TRAT,ID_PACIENTE,ID_TRAT2,DESCRIPCION) values (17,17,13,'Restauracin de la apariencia de los dientes');
Insert into ESTUDIANTE.TABLATRATAMIENTO (ID_TRAT,ID_PACIENTE,ID_TRAT2,DESCRIPCION) values (18,18,11,'Aplicacin de selladores en los dientes para prevenir caries');
Insert into ESTUDIANTE.TABLATRATAMIENTO (ID_TRAT,ID_PACIENTE,ID_TRAT2,DESCRIPCION) values (19,19,18,'Tratamiento de las enfermedades del interior del diente');
Insert into ESTUDIANTE.TABLATRATAMIENTO (ID_TRAT,ID_PACIENTE,ID_TRAT2,DESCRIPCION) values (20,20,14,'Alineadores transparentes para corregir la alineacin dental');
Insert into ESTUDIANTE.TABLATRATAMIENTO (ID_TRAT,ID_PACIENTE,ID_TRAT2,DESCRIPCION) values (21,21,13,'Restauracin de la apariencia de los dientes');
Insert into ESTUDIANTE.TABLATRATAMIENTO (ID_TRAT,ID_PACIENTE,ID_TRAT2,DESCRIPCION) values (22,22,17,'Tratamiento de las enfermedades periodontales');
Insert into ESTUDIANTE.TABLATRATAMIENTO (ID_TRAT,ID_PACIENTE,ID_TRAT2,DESCRIPCION) values (23,23,19,'Tratamiento ortodntico para nios');
Insert into ESTUDIANTE.TABLATRATAMIENTO (ID_TRAT,ID_PACIENTE,ID_TRAT2,DESCRIPCION) values (24,24,8,'Sustitucin de dientes perdidos con puentes');
Insert into ESTUDIANTE.TABLATRATAMIENTO (ID_TRAT,ID_PACIENTE,ID_TRAT2,DESCRIPCION) values (25,25,20,'Tratamiento dental para nios');
Insert into ESTUDIANTE.TABLATRATAMIENTO (ID_TRAT,ID_PACIENTE,ID_TRAT2,DESCRIPCION) values (26,26,6,'Reemplazo de dientes perdidos con implantes');
Insert into ESTUDIANTE.TABLATRATAMIENTO (ID_TRAT,ID_PACIENTE,ID_TRAT2,DESCRIPCION) values (27,27,3,'Restauracin de dientes cariados');
Insert into ESTUDIANTE.TABLATRATAMIENTO (ID_TRAT,ID_PACIENTE,ID_TRAT2,DESCRIPCION) values (28,28,16,'Procedimientos quirrgicos en la boca y los dientes');
Insert into ESTUDIANTE.TABLATRATAMIENTO (ID_TRAT,ID_PACIENTE,ID_TRAT2,DESCRIPCION) values (29,29,20,'Tratamiento dental para nios');
Insert into ESTUDIANTE.TABLATRATAMIENTO (ID_TRAT,ID_PACIENTE,ID_TRAT2,DESCRIPCION) values (30,30,4,'Extraccin de dientes daados o innecesarios');
Insert into ESTUDIANTE.TABLATRATAMIENTO (ID_TRAT,ID_PACIENTE,ID_TRAT2,DESCRIPCION) values (31,31,12,'Tratamiento para enfermedades de las encas');
Insert into ESTUDIANTE.TABLATRATAMIENTO (ID_TRAT,ID_PACIENTE,ID_TRAT2,DESCRIPCION) values (32,32,3,'Restauracin de dientes cariados');
Insert into ESTUDIANTE.TABLATRATAMIENTO (ID_TRAT,ID_PACIENTE,ID_TRAT2,DESCRIPCION) values (33,33,16,'Procedimientos quirrgicos en la boca y los dientes');
Insert into ESTUDIANTE.TABLATRATAMIENTO (ID_TRAT,ID_PACIENTE,ID_TRAT2,DESCRIPCION) values (34,34,6,'Reemplazo de dientes perdidos con implantes');
Insert into ESTUDIANTE.TABLATRATAMIENTO (ID_TRAT,ID_PACIENTE,ID_TRAT2,DESCRIPCION) values (35,35,11,'Aplicacin de selladores en los dientes para prevenir caries');
Insert into ESTUDIANTE.TABLATRATAMIENTO (ID_TRAT,ID_PACIENTE,ID_TRAT2,DESCRIPCION) values (36,36,9,'Reemplazo de dientes con prtesis removibles');
Insert into ESTUDIANTE.TABLATRATAMIENTO (ID_TRAT,ID_PACIENTE,ID_TRAT2,DESCRIPCION) values (37,37,11,'Aplicacin de selladores en los dientes para prevenir caries');
Insert into ESTUDIANTE.TABLATRATAMIENTO (ID_TRAT,ID_PACIENTE,ID_TRAT2,DESCRIPCION) values (38,38,1,'Procedimiento de limpieza dental profesional');
Insert into ESTUDIANTE.TABLATRATAMIENTO (ID_TRAT,ID_PACIENTE,ID_TRAT2,DESCRIPCION) values (39,39,16,'Procedimientos quirrgicos en la boca y los dientes');
Insert into ESTUDIANTE.TABLATRATAMIENTO (ID_TRAT,ID_PACIENTE,ID_TRAT2,DESCRIPCION) values (40,40,1,'Procedimiento de limpieza dental profesional');
Insert into ESTUDIANTE.TABLATRATAMIENTO (ID_TRAT,ID_PACIENTE,ID_TRAT2,DESCRIPCION) values (41,41,14,'Alineadores transparentes para corregir la alineacin dental');
Insert into ESTUDIANTE.TABLATRATAMIENTO (ID_TRAT,ID_PACIENTE,ID_TRAT2,DESCRIPCION) values (42,42,11,'Aplicacin de selladores en los dientes para prevenir caries');
Insert into ESTUDIANTE.TABLATRATAMIENTO (ID_TRAT,ID_PACIENTE,ID_TRAT2,DESCRIPCION) values (43,43,11,'Aplicacin de selladores en los dientes para prevenir caries');
Insert into ESTUDIANTE.TABLATRATAMIENTO (ID_TRAT,ID_PACIENTE,ID_TRAT2,DESCRIPCION) values (44,44,13,'Restauracin de la apariencia de los dientes');
Insert into ESTUDIANTE.TABLATRATAMIENTO (ID_TRAT,ID_PACIENTE,ID_TRAT2,DESCRIPCION) values (45,45,14,'Alineadores transparentes para corregir la alineacin dental');
Insert into ESTUDIANTE.TABLATRATAMIENTO (ID_TRAT,ID_PACIENTE,ID_TRAT2,DESCRIPCION) values (46,46,7,'Colocacin de coronas sobre dientes daados');
Insert into ESTUDIANTE.TABLATRATAMIENTO (ID_TRAT,ID_PACIENTE,ID_TRAT2,DESCRIPCION) values (47,47,4,'Extraccin de dientes daados o innecesarios');
Insert into ESTUDIANTE.TABLATRATAMIENTO (ID_TRAT,ID_PACIENTE,ID_TRAT2,DESCRIPCION) values (48,48,1,'Procedimiento de limpieza dental profesional');
Insert into ESTUDIANTE.TABLATRATAMIENTO (ID_TRAT,ID_PACIENTE,ID_TRAT2,DESCRIPCION) values (49,49,1,'Procedimiento de limpieza dental profesional');
Insert into ESTUDIANTE.TABLATRATAMIENTO (ID_TRAT,ID_PACIENTE,ID_TRAT2,DESCRIPCION) values (50,50,17,'Tratamiento de las enfermedades periodontales');
Insert into ESTUDIANTE.TABLATRATAMIENTO (ID_TRAT,ID_PACIENTE,ID_TRAT2,DESCRIPCION) values (51,51,1,'Procedimiento de limpieza dental profesional');
Insert into ESTUDIANTE.TABLATRATAMIENTO (ID_TRAT,ID_PACIENTE,ID_TRAT2,DESCRIPCION) values (52,52,14,'Alineadores transparentes para corregir la alineacin dental');
Insert into ESTUDIANTE.TABLATRATAMIENTO (ID_TRAT,ID_PACIENTE,ID_TRAT2,DESCRIPCION) values (53,53,11,'Aplicacin de selladores en los dientes para prevenir caries');
Insert into ESTUDIANTE.TABLATRATAMIENTO (ID_TRAT,ID_PACIENTE,ID_TRAT2,DESCRIPCION) values (54,54,7,'Colocacin de coronas sobre dientes daados');
Insert into ESTUDIANTE.TABLATRATAMIENTO (ID_TRAT,ID_PACIENTE,ID_TRAT2,DESCRIPCION) values (55,55,19,'Tratamiento ortodntico para nios');
Insert into ESTUDIANTE.TABLATRATAMIENTO (ID_TRAT,ID_PACIENTE,ID_TRAT2,DESCRIPCION) values (56,56,6,'Reemplazo de dientes perdidos con implantes');
Insert into ESTUDIANTE.TABLATRATAMIENTO (ID_TRAT,ID_PACIENTE,ID_TRAT2,DESCRIPCION) values (57,57,15,'Laminados que cubren la parte frontal de los dientes');
Insert into ESTUDIANTE.TABLATRATAMIENTO (ID_TRAT,ID_PACIENTE,ID_TRAT2,DESCRIPCION) values (58,58,1,'Procedimiento de limpieza dental profesional');
Insert into ESTUDIANTE.TABLATRATAMIENTO (ID_TRAT,ID_PACIENTE,ID_TRAT2,DESCRIPCION) values (59,59,17,'Tratamiento de las enfermedades periodontales');
Insert into ESTUDIANTE.TABLATRATAMIENTO (ID_TRAT,ID_PACIENTE,ID_TRAT2,DESCRIPCION) values (60,60,15,'Laminados que cubren la parte frontal de los dientes');
Insert into ESTUDIANTE.TABLATRATAMIENTO (ID_TRAT,ID_PACIENTE,ID_TRAT2,DESCRIPCION) values (61,61,6,'Reemplazo de dientes perdidos con implantes');
Insert into ESTUDIANTE.TABLATRATAMIENTO (ID_TRAT,ID_PACIENTE,ID_TRAT2,DESCRIPCION) values (62,62,3,'Restauracin de dientes cariados');
Insert into ESTUDIANTE.TABLATRATAMIENTO (ID_TRAT,ID_PACIENTE,ID_TRAT2,DESCRIPCION) values (63,63,19,'Tratamiento ortodntico para nios');
Insert into ESTUDIANTE.TABLATRATAMIENTO (ID_TRAT,ID_PACIENTE,ID_TRAT2,DESCRIPCION) values (64,64,7,'Colocacin de coronas sobre dientes daados');
Insert into ESTUDIANTE.TABLATRATAMIENTO (ID_TRAT,ID_PACIENTE,ID_TRAT2,DESCRIPCION) values (65,65,17,'Tratamiento de las enfermedades periodontales');
Insert into ESTUDIANTE.TABLATRATAMIENTO (ID_TRAT,ID_PACIENTE,ID_TRAT2,DESCRIPCION) values (66,66,12,'Tratamiento para enfermedades de las encas');
Insert into ESTUDIANTE.TABLATRATAMIENTO (ID_TRAT,ID_PACIENTE,ID_TRAT2,DESCRIPCION) values (67,67,11,'Aplicacin de selladores en los dientes para prevenir caries');
Insert into ESTUDIANTE.TABLATRATAMIENTO (ID_TRAT,ID_PACIENTE,ID_TRAT2,DESCRIPCION) values (68,68,8,'Sustitucin de dientes perdidos con puentes');
Insert into ESTUDIANTE.TABLATRATAMIENTO (ID_TRAT,ID_PACIENTE,ID_TRAT2,DESCRIPCION) values (69,69,20,'Tratamiento dental para nios');
Insert into ESTUDIANTE.TABLATRATAMIENTO (ID_TRAT,ID_PACIENTE,ID_TRAT2,DESCRIPCION) values (70,70,19,'Tratamiento ortodntico para nios');
Insert into ESTUDIANTE.TABLATRATAMIENTO (ID_TRAT,ID_PACIENTE,ID_TRAT2,DESCRIPCION) values (71,71,2,'Tratamiento para blanquear los dientes');
Insert into ESTUDIANTE.TABLATRATAMIENTO (ID_TRAT,ID_PACIENTE,ID_TRAT2,DESCRIPCION) values (72,72,9,'Reemplazo de dientes con prtesis removibles');
Insert into ESTUDIANTE.TABLATRATAMIENTO (ID_TRAT,ID_PACIENTE,ID_TRAT2,DESCRIPCION) values (73,73,6,'Reemplazo de dientes perdidos con implantes');
Insert into ESTUDIANTE.TABLATRATAMIENTO (ID_TRAT,ID_PACIENTE,ID_TRAT2,DESCRIPCION) values (74,74,18,'Tratamiento de las enfermedades del interior del diente');
Insert into ESTUDIANTE.TABLATRATAMIENTO (ID_TRAT,ID_PACIENTE,ID_TRAT2,DESCRIPCION) values (75,75,3,'Restauracin de dientes cariados');
Insert into ESTUDIANTE.TABLATRATAMIENTO (ID_TRAT,ID_PACIENTE,ID_TRAT2,DESCRIPCION) values (76,76,19,'Tratamiento ortodntico para nios');
Insert into ESTUDIANTE.TABLATRATAMIENTO (ID_TRAT,ID_PACIENTE,ID_TRAT2,DESCRIPCION) values (77,77,1,'Procedimiento de limpieza dental profesional');
Insert into ESTUDIANTE.TABLATRATAMIENTO (ID_TRAT,ID_PACIENTE,ID_TRAT2,DESCRIPCION) values (78,78,18,'Tratamiento de las enfermedades del interior del diente');
Insert into ESTUDIANTE.TABLATRATAMIENTO (ID_TRAT,ID_PACIENTE,ID_TRAT2,DESCRIPCION) values (79,79,3,'Restauracin de dientes cariados');
Insert into ESTUDIANTE.TABLATRATAMIENTO (ID_TRAT,ID_PACIENTE,ID_TRAT2,DESCRIPCION) values (80,80,12,'Tratamiento para enfermedades de las encas');
Insert into ESTUDIANTE.TABLATRATAMIENTO (ID_TRAT,ID_PACIENTE,ID_TRAT2,DESCRIPCION) values (81,81,5,'Tratamiento para corregir la alineacin de los dientes');
Insert into ESTUDIANTE.TABLATRATAMIENTO (ID_TRAT,ID_PACIENTE,ID_TRAT2,DESCRIPCION) values (82,82,7,'Colocacin de coronas sobre dientes daados');
Insert into ESTUDIANTE.TABLATRATAMIENTO (ID_TRAT,ID_PACIENTE,ID_TRAT2,DESCRIPCION) values (83,83,2,'Tratamiento para blanquear los dientes');
Insert into ESTUDIANTE.TABLATRATAMIENTO (ID_TRAT,ID_PACIENTE,ID_TRAT2,DESCRIPCION) values (84,84,4,'Extraccin de dientes daados o innecesarios');
Insert into ESTUDIANTE.TABLATRATAMIENTO (ID_TRAT,ID_PACIENTE,ID_TRAT2,DESCRIPCION) values (85,85,10,'Tratamiento para eliminar infecciones en el interior del diente');
Insert into ESTUDIANTE.TABLATRATAMIENTO (ID_TRAT,ID_PACIENTE,ID_TRAT2,DESCRIPCION) values (86,86,14,'Alineadores transparentes para corregir la alineacin dental');
Insert into ESTUDIANTE.TABLATRATAMIENTO (ID_TRAT,ID_PACIENTE,ID_TRAT2,DESCRIPCION) values (87,87,19,'Tratamiento ortodntico para nios');
Insert into ESTUDIANTE.TABLATRATAMIENTO (ID_TRAT,ID_PACIENTE,ID_TRAT2,DESCRIPCION) values (88,88,5,'Tratamiento para corregir la alineacin de los dientes');
Insert into ESTUDIANTE.TABLATRATAMIENTO (ID_TRAT,ID_PACIENTE,ID_TRAT2,DESCRIPCION) values (89,89,18,'Tratamiento de las enfermedades del interior del diente');
Insert into ESTUDIANTE.TABLATRATAMIENTO (ID_TRAT,ID_PACIENTE,ID_TRAT2,DESCRIPCION) values (90,90,18,'Tratamiento de las enfermedades del interior del diente');
Insert into ESTUDIANTE.TABLATRATAMIENTO (ID_TRAT,ID_PACIENTE,ID_TRAT2,DESCRIPCION) values (91,91,14,'Alineadores transparentes para corregir la alineacin dental');
Insert into ESTUDIANTE.TABLATRATAMIENTO (ID_TRAT,ID_PACIENTE,ID_TRAT2,DESCRIPCION) values (92,92,1,'Procedimiento de limpieza dental profesional');
Insert into ESTUDIANTE.TABLATRATAMIENTO (ID_TRAT,ID_PACIENTE,ID_TRAT2,DESCRIPCION) values (93,93,18,'Tratamiento de las enfermedades del interior del diente');
Insert into ESTUDIANTE.TABLATRATAMIENTO (ID_TRAT,ID_PACIENTE,ID_TRAT2,DESCRIPCION) values (94,94,3,'Restauracin de dientes cariados');
Insert into ESTUDIANTE.TABLATRATAMIENTO (ID_TRAT,ID_PACIENTE,ID_TRAT2,DESCRIPCION) values (95,95,4,'Extraccin de dientes daados o innecesarios');
Insert into ESTUDIANTE.TABLATRATAMIENTO (ID_TRAT,ID_PACIENTE,ID_TRAT2,DESCRIPCION) values (96,96,15,'Laminados que cubren la parte frontal de los dientes');
Insert into ESTUDIANTE.TABLATRATAMIENTO (ID_TRAT,ID_PACIENTE,ID_TRAT2,DESCRIPCION) values (97,97,19,'Tratamiento ortodntico para nios');
Insert into ESTUDIANTE.TABLATRATAMIENTO (ID_TRAT,ID_PACIENTE,ID_TRAT2,DESCRIPCION) values (98,98,18,'Tratamiento de las enfermedades del interior del diente');
Insert into ESTUDIANTE.TABLATRATAMIENTO (ID_TRAT,ID_PACIENTE,ID_TRAT2,DESCRIPCION) values (99,99,3,'Restauracin de dientes cariados');
Insert into ESTUDIANTE.TABLATRATAMIENTO (ID_TRAT,ID_PACIENTE,ID_TRAT2,DESCRIPCION) values (100,100,19,'Tratamiento ortodntico para nios');
Insert into ESTUDIANTE.TABLATRATAMIENTO (ID_TRAT,ID_PACIENTE,ID_TRAT2,DESCRIPCION) values (101,101,16,'Procedimientos quirrgicos en la boca y los dientes');
Insert into ESTUDIANTE.TABLATRATAMIENTO (ID_TRAT,ID_PACIENTE,ID_TRAT2,DESCRIPCION) values (102,102,9,'Reemplazo de dientes con prtesis removibles');
Insert into ESTUDIANTE.TABLATRATAMIENTO (ID_TRAT,ID_PACIENTE,ID_TRAT2,DESCRIPCION) values (103,103,12,'Tratamiento para enfermedades de las encas');
Insert into ESTUDIANTE.TABLATRATAMIENTO (ID_TRAT,ID_PACIENTE,ID_TRAT2,DESCRIPCION) values (104,104,5,'Tratamiento para corregir la alineacin de los dientes');
Insert into ESTUDIANTE.TABLATRATAMIENTO (ID_TRAT,ID_PACIENTE,ID_TRAT2,DESCRIPCION) values (105,105,2,'Tratamiento para blanquear los dientes');
Insert into ESTUDIANTE.TABLATRATAMIENTO (ID_TRAT,ID_PACIENTE,ID_TRAT2,DESCRIPCION) values (106,106,17,'Tratamiento de las enfermedades periodontales');
Insert into ESTUDIANTE.TABLATRATAMIENTO (ID_TRAT,ID_PACIENTE,ID_TRAT2,DESCRIPCION) values (107,107,2,'Tratamiento para blanquear los dientes');
Insert into ESTUDIANTE.TABLATRATAMIENTO (ID_TRAT,ID_PACIENTE,ID_TRAT2,DESCRIPCION) values (108,108,4,'Extraccin de dientes daados o innecesarios');
Insert into ESTUDIANTE.TABLATRATAMIENTO (ID_TRAT,ID_PACIENTE,ID_TRAT2,DESCRIPCION) values (109,109,20,'Tratamiento dental para nios');
Insert into ESTUDIANTE.TABLATRATAMIENTO (ID_TRAT,ID_PACIENTE,ID_TRAT2,DESCRIPCION) values (110,110,11,'Aplicacin de selladores en los dientes para prevenir caries');
Insert into ESTUDIANTE.TABLATRATAMIENTO (ID_TRAT,ID_PACIENTE,ID_TRAT2,DESCRIPCION) values (111,111,18,'Tratamiento de las enfermedades del interior del diente');
Insert into ESTUDIANTE.TABLATRATAMIENTO (ID_TRAT,ID_PACIENTE,ID_TRAT2,DESCRIPCION) values (112,112,16,'Procedimientos quirrgicos en la boca y los dientes');
Insert into ESTUDIANTE.TABLATRATAMIENTO (ID_TRAT,ID_PACIENTE,ID_TRAT2,DESCRIPCION) values (113,113,20,'Tratamiento dental para nios');
Insert into ESTUDIANTE.TABLATRATAMIENTO (ID_TRAT,ID_PACIENTE,ID_TRAT2,DESCRIPCION) values (114,114,16,'Procedimientos quirrgicos en la boca y los dientes');
Insert into ESTUDIANTE.TABLATRATAMIENTO (ID_TRAT,ID_PACIENTE,ID_TRAT2,DESCRIPCION) values (115,115,3,'Restauracin de dientes cariados');
Insert into ESTUDIANTE.TABLATRATAMIENTO (ID_TRAT,ID_PACIENTE,ID_TRAT2,DESCRIPCION) values (116,116,17,'Tratamiento de las enfermedades periodontales');
Insert into ESTUDIANTE.TABLATRATAMIENTO (ID_TRAT,ID_PACIENTE,ID_TRAT2,DESCRIPCION) values (117,117,16,'Procedimientos quirrgicos en la boca y los dientes');
Insert into ESTUDIANTE.TABLATRATAMIENTO (ID_TRAT,ID_PACIENTE,ID_TRAT2,DESCRIPCION) values (118,118,18,'Tratamiento de las enfermedades del interior del diente');
Insert into ESTUDIANTE.TABLATRATAMIENTO (ID_TRAT,ID_PACIENTE,ID_TRAT2,DESCRIPCION) values (119,119,4,'Extraccin de dientes daados o innecesarios');
Insert into ESTUDIANTE.TABLATRATAMIENTO (ID_TRAT,ID_PACIENTE,ID_TRAT2,DESCRIPCION) values (120,120,3,'Restauracin de dientes cariados');
Insert into ESTUDIANTE.TABLATRATAMIENTO (ID_TRAT,ID_PACIENTE,ID_TRAT2,DESCRIPCION) values (121,121,13,'Restauracin de la apariencia de los dientes');
Insert into ESTUDIANTE.TABLATRATAMIENTO (ID_TRAT,ID_PACIENTE,ID_TRAT2,DESCRIPCION) values (122,122,9,'Reemplazo de dientes con prtesis removibles');
Insert into ESTUDIANTE.TABLATRATAMIENTO (ID_TRAT,ID_PACIENTE,ID_TRAT2,DESCRIPCION) values (123,123,2,'Tratamiento para blanquear los dientes');
Insert into ESTUDIANTE.TABLATRATAMIENTO (ID_TRAT,ID_PACIENTE,ID_TRAT2,DESCRIPCION) values (124,124,15,'Laminados que cubren la parte frontal de los dientes');
Insert into ESTUDIANTE.TABLATRATAMIENTO (ID_TRAT,ID_PACIENTE,ID_TRAT2,DESCRIPCION) values (125,125,15,'Laminados que cubren la parte frontal de los dientes');
Insert into ESTUDIANTE.TABLATRATAMIENTO (ID_TRAT,ID_PACIENTE,ID_TRAT2,DESCRIPCION) values (126,126,1,'Procedimiento de limpieza dental profesional');
Insert into ESTUDIANTE.TABLATRATAMIENTO (ID_TRAT,ID_PACIENTE,ID_TRAT2,DESCRIPCION) values (127,127,12,'Tratamiento para enfermedades de las encas');
Insert into ESTUDIANTE.TABLATRATAMIENTO (ID_TRAT,ID_PACIENTE,ID_TRAT2,DESCRIPCION) values (128,128,10,'Tratamiento para eliminar infecciones en el interior del diente');
Insert into ESTUDIANTE.TABLATRATAMIENTO (ID_TRAT,ID_PACIENTE,ID_TRAT2,DESCRIPCION) values (129,129,13,'Restauracin de la apariencia de los dientes');
Insert into ESTUDIANTE.TABLATRATAMIENTO (ID_TRAT,ID_PACIENTE,ID_TRAT2,DESCRIPCION) values (130,130,16,'Procedimientos quirrgicos en la boca y los dientes');
Insert into ESTUDIANTE.TABLATRATAMIENTO (ID_TRAT,ID_PACIENTE,ID_TRAT2,DESCRIPCION) values (131,131,19,'Tratamiento ortodntico para nios');
Insert into ESTUDIANTE.TABLATRATAMIENTO (ID_TRAT,ID_PACIENTE,ID_TRAT2,DESCRIPCION) values (132,132,4,'Extraccin de dientes daados o innecesarios');
Insert into ESTUDIANTE.TABLATRATAMIENTO (ID_TRAT,ID_PACIENTE,ID_TRAT2,DESCRIPCION) values (133,133,2,'Tratamiento para blanquear los dientes');
Insert into ESTUDIANTE.TABLATRATAMIENTO (ID_TRAT,ID_PACIENTE,ID_TRAT2,DESCRIPCION) values (134,134,15,'Laminados que cubren la parte frontal de los dientes');
Insert into ESTUDIANTE.TABLATRATAMIENTO (ID_TRAT,ID_PACIENTE,ID_TRAT2,DESCRIPCION) values (135,135,5,'Tratamiento para corregir la alineacin de los dientes');
Insert into ESTUDIANTE.TABLATRATAMIENTO (ID_TRAT,ID_PACIENTE,ID_TRAT2,DESCRIPCION) values (136,136,3,'Restauracin de dientes cariados');
Insert into ESTUDIANTE.TABLATRATAMIENTO (ID_TRAT,ID_PACIENTE,ID_TRAT2,DESCRIPCION) values (137,137,15,'Laminados que cubren la parte frontal de los dientes');
Insert into ESTUDIANTE.TABLATRATAMIENTO (ID_TRAT,ID_PACIENTE,ID_TRAT2,DESCRIPCION) values (138,138,20,'Tratamiento dental para nios');
Insert into ESTUDIANTE.TABLATRATAMIENTO (ID_TRAT,ID_PACIENTE,ID_TRAT2,DESCRIPCION) values (139,139,12,'Tratamiento para enfermedades de las encas');
Insert into ESTUDIANTE.TABLATRATAMIENTO (ID_TRAT,ID_PACIENTE,ID_TRAT2,DESCRIPCION) values (140,140,7,'Colocacin de coronas sobre dientes daados');
Insert into ESTUDIANTE.TABLATRATAMIENTO (ID_TRAT,ID_PACIENTE,ID_TRAT2,DESCRIPCION) values (141,141,17,'Tratamiento de las enfermedades periodontales');
Insert into ESTUDIANTE.TABLATRATAMIENTO (ID_TRAT,ID_PACIENTE,ID_TRAT2,DESCRIPCION) values (142,142,9,'Reemplazo de dientes con prtesis removibles');
Insert into ESTUDIANTE.TABLATRATAMIENTO (ID_TRAT,ID_PACIENTE,ID_TRAT2,DESCRIPCION) values (143,143,6,'Reemplazo de dientes perdidos con implantes');
Insert into ESTUDIANTE.TABLATRATAMIENTO (ID_TRAT,ID_PACIENTE,ID_TRAT2,DESCRIPCION) values (144,144,13,'Restauracin de la apariencia de los dientes');
Insert into ESTUDIANTE.TABLATRATAMIENTO (ID_TRAT,ID_PACIENTE,ID_TRAT2,DESCRIPCION) values (145,145,7,'Colocacin de coronas sobre dientes daados');
Insert into ESTUDIANTE.TABLATRATAMIENTO (ID_TRAT,ID_PACIENTE,ID_TRAT2,DESCRIPCION) values (146,146,5,'Tratamiento para corregir la alineacin de los dientes');
Insert into ESTUDIANTE.TABLATRATAMIENTO (ID_TRAT,ID_PACIENTE,ID_TRAT2,DESCRIPCION) values (147,147,18,'Tratamiento de las enfermedades del interior del diente');
Insert into ESTUDIANTE.TABLATRATAMIENTO (ID_TRAT,ID_PACIENTE,ID_TRAT2,DESCRIPCION) values (148,148,17,'Tratamiento de las enfermedades periodontales');
Insert into ESTUDIANTE.TABLATRATAMIENTO (ID_TRAT,ID_PACIENTE,ID_TRAT2,DESCRIPCION) values (149,149,18,'Tratamiento de las enfermedades del interior del diente');
Insert into ESTUDIANTE.TABLATRATAMIENTO (ID_TRAT,ID_PACIENTE,ID_TRAT2,DESCRIPCION) values (150,150,4,'Extraccin de dientes daados o innecesarios');
Insert into ESTUDIANTE.TABLATRATAMIENTO (ID_TRAT,ID_PACIENTE,ID_TRAT2,DESCRIPCION) values (151,151,19,'Tratamiento ortodntico para nios');
Insert into ESTUDIANTE.TABLATRATAMIENTO (ID_TRAT,ID_PACIENTE,ID_TRAT2,DESCRIPCION) values (152,152,1,'Procedimiento de limpieza dental profesional');
Insert into ESTUDIANTE.TABLATRATAMIENTO (ID_TRAT,ID_PACIENTE,ID_TRAT2,DESCRIPCION) values (153,153,2,'Tratamiento para blanquear los dientes');
Insert into ESTUDIANTE.TABLATRATAMIENTO (ID_TRAT,ID_PACIENTE,ID_TRAT2,DESCRIPCION) values (154,154,7,'Colocacin de coronas sobre dientes daados');
Insert into ESTUDIANTE.TABLATRATAMIENTO (ID_TRAT,ID_PACIENTE,ID_TRAT2,DESCRIPCION) values (155,155,19,'Tratamiento ortodntico para nios');
Insert into ESTUDIANTE.TABLATRATAMIENTO (ID_TRAT,ID_PACIENTE,ID_TRAT2,DESCRIPCION) values (156,156,12,'Tratamiento para enfermedades de las encas');
Insert into ESTUDIANTE.TABLATRATAMIENTO (ID_TRAT,ID_PACIENTE,ID_TRAT2,DESCRIPCION) values (157,157,14,'Alineadores transparentes para corregir la alineacin dental');
Insert into ESTUDIANTE.TABLATRATAMIENTO (ID_TRAT,ID_PACIENTE,ID_TRAT2,DESCRIPCION) values (158,158,14,'Alineadores transparentes para corregir la alineacin dental');
Insert into ESTUDIANTE.TABLATRATAMIENTO (ID_TRAT,ID_PACIENTE,ID_TRAT2,DESCRIPCION) values (159,159,7,'Colocacin de coronas sobre dientes daados');
Insert into ESTUDIANTE.TABLATRATAMIENTO (ID_TRAT,ID_PACIENTE,ID_TRAT2,DESCRIPCION) values (160,160,7,'Colocacin de coronas sobre dientes daados');
Insert into ESTUDIANTE.TABLATRATAMIENTO (ID_TRAT,ID_PACIENTE,ID_TRAT2,DESCRIPCION) values (161,161,10,'Tratamiento para eliminar infecciones en el interior del diente');
Insert into ESTUDIANTE.TABLATRATAMIENTO (ID_TRAT,ID_PACIENTE,ID_TRAT2,DESCRIPCION) values (162,162,18,'Tratamiento de las enfermedades del interior del diente');
Insert into ESTUDIANTE.TABLATRATAMIENTO (ID_TRAT,ID_PACIENTE,ID_TRAT2,DESCRIPCION) values (163,163,7,'Colocacin de coronas sobre dientes daados');
Insert into ESTUDIANTE.TABLATRATAMIENTO (ID_TRAT,ID_PACIENTE,ID_TRAT2,DESCRIPCION) values (164,164,17,'Tratamiento de las enfermedades periodontales');
Insert into ESTUDIANTE.TABLATRATAMIENTO (ID_TRAT,ID_PACIENTE,ID_TRAT2,DESCRIPCION) values (165,165,20,'Tratamiento dental para nios');
Insert into ESTUDIANTE.TABLATRATAMIENTO (ID_TRAT,ID_PACIENTE,ID_TRAT2,DESCRIPCION) values (166,166,14,'Alineadores transparentes para corregir la alineacin dental');
Insert into ESTUDIANTE.TABLATRATAMIENTO (ID_TRAT,ID_PACIENTE,ID_TRAT2,DESCRIPCION) values (167,167,20,'Tratamiento dental para nios');
Insert into ESTUDIANTE.TABLATRATAMIENTO (ID_TRAT,ID_PACIENTE,ID_TRAT2,DESCRIPCION) values (168,168,4,'Extraccin de dientes daados o innecesarios');
Insert into ESTUDIANTE.TABLATRATAMIENTO (ID_TRAT,ID_PACIENTE,ID_TRAT2,DESCRIPCION) values (169,169,4,'Extraccin de dientes daados o innecesarios');
Insert into ESTUDIANTE.TABLATRATAMIENTO (ID_TRAT,ID_PACIENTE,ID_TRAT2,DESCRIPCION) values (170,170,7,'Colocacin de coronas sobre dientes daados');
Insert into ESTUDIANTE.TABLATRATAMIENTO (ID_TRAT,ID_PACIENTE,ID_TRAT2,DESCRIPCION) values (171,171,10,'Tratamiento para eliminar infecciones en el interior del diente');
Insert into ESTUDIANTE.TABLATRATAMIENTO (ID_TRAT,ID_PACIENTE,ID_TRAT2,DESCRIPCION) values (172,172,18,'Tratamiento de las enfermedades del interior del diente');
Insert into ESTUDIANTE.TABLATRATAMIENTO (ID_TRAT,ID_PACIENTE,ID_TRAT2,DESCRIPCION) values (173,173,18,'Tratamiento de las enfermedades del interior del diente');
Insert into ESTUDIANTE.TABLATRATAMIENTO (ID_TRAT,ID_PACIENTE,ID_TRAT2,DESCRIPCION) values (174,174,2,'Tratamiento para blanquear los dientes');
Insert into ESTUDIANTE.TABLATRATAMIENTO (ID_TRAT,ID_PACIENTE,ID_TRAT2,DESCRIPCION) values (175,175,3,'Restauracin de dientes cariados');
Insert into ESTUDIANTE.TABLATRATAMIENTO (ID_TRAT,ID_PACIENTE,ID_TRAT2,DESCRIPCION) values (176,176,6,'Reemplazo de dientes perdidos con implantes');
Insert into ESTUDIANTE.TABLATRATAMIENTO (ID_TRAT,ID_PACIENTE,ID_TRAT2,DESCRIPCION) values (177,177,4,'Extraccin de dientes daados o innecesarios');
Insert into ESTUDIANTE.TABLATRATAMIENTO (ID_TRAT,ID_PACIENTE,ID_TRAT2,DESCRIPCION) values (178,178,1,'Procedimiento de limpieza dental profesional');
Insert into ESTUDIANTE.TABLATRATAMIENTO (ID_TRAT,ID_PACIENTE,ID_TRAT2,DESCRIPCION) values (179,179,3,'Restauracin de dientes cariados');
Insert into ESTUDIANTE.TABLATRATAMIENTO (ID_TRAT,ID_PACIENTE,ID_TRAT2,DESCRIPCION) values (180,180,3,'Restauracin de dientes cariados');
Insert into ESTUDIANTE.TABLATRATAMIENTO (ID_TRAT,ID_PACIENTE,ID_TRAT2,DESCRIPCION) values (181,181,19,'Tratamiento ortodntico para nios');
Insert into ESTUDIANTE.TABLATRATAMIENTO (ID_TRAT,ID_PACIENTE,ID_TRAT2,DESCRIPCION) values (182,182,13,'Restauracin de la apariencia de los dientes');
Insert into ESTUDIANTE.TABLATRATAMIENTO (ID_TRAT,ID_PACIENTE,ID_TRAT2,DESCRIPCION) values (183,183,17,'Tratamiento de las enfermedades periodontales');
Insert into ESTUDIANTE.TABLATRATAMIENTO (ID_TRAT,ID_PACIENTE,ID_TRAT2,DESCRIPCION) values (184,184,17,'Tratamiento de las enfermedades periodontales');
Insert into ESTUDIANTE.TABLATRATAMIENTO (ID_TRAT,ID_PACIENTE,ID_TRAT2,DESCRIPCION) values (185,185,14,'Alineadores transparentes para corregir la alineacin dental');
Insert into ESTUDIANTE.TABLATRATAMIENTO (ID_TRAT,ID_PACIENTE,ID_TRAT2,DESCRIPCION) values (186,186,20,'Tratamiento dental para nios');
Insert into ESTUDIANTE.TABLATRATAMIENTO (ID_TRAT,ID_PACIENTE,ID_TRAT2,DESCRIPCION) values (187,187,19,'Tratamiento ortodntico para nios');
Insert into ESTUDIANTE.TABLATRATAMIENTO (ID_TRAT,ID_PACIENTE,ID_TRAT2,DESCRIPCION) values (188,188,19,'Tratamiento ortodntico para nios');
Insert into ESTUDIANTE.TABLATRATAMIENTO (ID_TRAT,ID_PACIENTE,ID_TRAT2,DESCRIPCION) values (189,189,20,'Tratamiento dental para nios');
Insert into ESTUDIANTE.TABLATRATAMIENTO (ID_TRAT,ID_PACIENTE,ID_TRAT2,DESCRIPCION) values (190,190,8,'Sustitucin de dientes perdidos con puentes');
Insert into ESTUDIANTE.TABLATRATAMIENTO (ID_TRAT,ID_PACIENTE,ID_TRAT2,DESCRIPCION) values (191,191,6,'Reemplazo de dientes perdidos con implantes');
Insert into ESTUDIANTE.TABLATRATAMIENTO (ID_TRAT,ID_PACIENTE,ID_TRAT2,DESCRIPCION) values (192,192,19,'Tratamiento ortodntico para nios');
Insert into ESTUDIANTE.TABLATRATAMIENTO (ID_TRAT,ID_PACIENTE,ID_TRAT2,DESCRIPCION) values (193,193,20,'Tratamiento dental para nios');
Insert into ESTUDIANTE.TABLATRATAMIENTO (ID_TRAT,ID_PACIENTE,ID_TRAT2,DESCRIPCION) values (194,194,13,'Restauracin de la apariencia de los dientes');
Insert into ESTUDIANTE.TABLATRATAMIENTO (ID_TRAT,ID_PACIENTE,ID_TRAT2,DESCRIPCION) values (195,195,9,'Reemplazo de dientes con prtesis removibles');
Insert into ESTUDIANTE.TABLATRATAMIENTO (ID_TRAT,ID_PACIENTE,ID_TRAT2,DESCRIPCION) values (196,196,4,'Extraccin de dientes daados o innecesarios');
Insert into ESTUDIANTE.TABLATRATAMIENTO (ID_TRAT,ID_PACIENTE,ID_TRAT2,DESCRIPCION) values (197,197,14,'Alineadores transparentes para corregir la alineacin dental');
Insert into ESTUDIANTE.TABLATRATAMIENTO (ID_TRAT,ID_PACIENTE,ID_TRAT2,DESCRIPCION) values (198,198,10,'Tratamiento para eliminar infecciones en el interior del diente');
Insert into ESTUDIANTE.TABLATRATAMIENTO (ID_TRAT,ID_PACIENTE,ID_TRAT2,DESCRIPCION) values (199,199,12,'Tratamiento para enfermedades de las encas');
Insert into ESTUDIANTE.TABLATRATAMIENTO (ID_TRAT,ID_PACIENTE,ID_TRAT2,DESCRIPCION) values (200,200,8,'Sustitucin de dientes perdidos con puentes');
Insert into ESTUDIANTE.TABLATRATAMIENTO (ID_TRAT,ID_PACIENTE,ID_TRAT2,DESCRIPCION) values (201,201,17,'Tratamiento de las enfermedades periodontales');
Insert into ESTUDIANTE.TABLATRATAMIENTO (ID_TRAT,ID_PACIENTE,ID_TRAT2,DESCRIPCION) values (202,202,6,'Reemplazo de dientes perdidos con implantes');
Insert into ESTUDIANTE.TABLATRATAMIENTO (ID_TRAT,ID_PACIENTE,ID_TRAT2,DESCRIPCION) values (203,203,7,'Colocacin de coronas sobre dientes daados');
Insert into ESTUDIANTE.TABLATRATAMIENTO (ID_TRAT,ID_PACIENTE,ID_TRAT2,DESCRIPCION) values (204,204,11,'Aplicacin de selladores en los dientes para prevenir caries');
Insert into ESTUDIANTE.TABLATRATAMIENTO (ID_TRAT,ID_PACIENTE,ID_TRAT2,DESCRIPCION) values (205,205,17,'Tratamiento de las enfermedades periodontales');
Insert into ESTUDIANTE.TABLATRATAMIENTO (ID_TRAT,ID_PACIENTE,ID_TRAT2,DESCRIPCION) values (206,206,1,'Procedimiento de limpieza dental profesional');
Insert into ESTUDIANTE.TABLATRATAMIENTO (ID_TRAT,ID_PACIENTE,ID_TRAT2,DESCRIPCION) values (207,207,17,'Tratamiento de las enfermedades periodontales');
Insert into ESTUDIANTE.TABLATRATAMIENTO (ID_TRAT,ID_PACIENTE,ID_TRAT2,DESCRIPCION) values (208,208,7,'Colocacin de coronas sobre dientes daados');
Insert into ESTUDIANTE.TABLATRATAMIENTO (ID_TRAT,ID_PACIENTE,ID_TRAT2,DESCRIPCION) values (209,209,8,'Sustitucin de dientes perdidos con puentes');
Insert into ESTUDIANTE.TABLATRATAMIENTO (ID_TRAT,ID_PACIENTE,ID_TRAT2,DESCRIPCION) values (210,210,1,'Procedimiento de limpieza dental profesional');
Insert into ESTUDIANTE.TABLATRATAMIENTO (ID_TRAT,ID_PACIENTE,ID_TRAT2,DESCRIPCION) values (211,211,8,'Sustitucin de dientes perdidos con puentes');
Insert into ESTUDIANTE.TABLATRATAMIENTO (ID_TRAT,ID_PACIENTE,ID_TRAT2,DESCRIPCION) values (212,212,5,'Tratamiento para corregir la alineacin de los dientes');
Insert into ESTUDIANTE.TABLATRATAMIENTO (ID_TRAT,ID_PACIENTE,ID_TRAT2,DESCRIPCION) values (213,213,4,'Extraccin de dientes daados o innecesarios');
Insert into ESTUDIANTE.TABLATRATAMIENTO (ID_TRAT,ID_PACIENTE,ID_TRAT2,DESCRIPCION) values (214,214,15,'Laminados que cubren la parte frontal de los dientes');
Insert into ESTUDIANTE.TABLATRATAMIENTO (ID_TRAT,ID_PACIENTE,ID_TRAT2,DESCRIPCION) values (215,215,2,'Tratamiento para blanquear los dientes');
REM INSERTING into ESTUDIANTE.V_ACCESOS_CLIENTES
SET DEFINE OFF;
REM INSERTING into ESTUDIANTE.V_CLASES_PROGRAMADAS
SET DEFINE OFF;
REM INSERTING into ESTUDIANTE.V_CLIENTES_INACTIVOS
SET DEFINE OFF;
REM INSERTING into ESTUDIANTE.V_CLIENTES_MEMBRESIAS
SET DEFINE OFF;
REM INSERTING into ESTUDIANTE.V_ENTRENADORES_CLASES
SET DEFINE OFF;
Insert into ESTUDIANTE.V_ENTRENADORES_CLASES (ENTRENADOR_ID,NOMBRE_ENTRENADOR,NOMBRE_CLASE,FECHA_CLASE) values (6,'JENNIFER','Yoga',to_timestamp('17-NOV-24 12.00.00.000000000 AM','DD-MON-RR HH.MI.SSXFF AM'));
REM INSERTING into ESTUDIANTE.V_ESTADO_FISICO
SET DEFINE OFF;
REM INSERTING into ESTUDIANTE.V_FACTURACION_MENSUAL
SET DEFINE OFF;
Insert into ESTUDIANTE.V_FACTURACION_MENSUAL (CLIENTE_ID,NOMBRE_CLIENTE,TOTAL_FACTURADO,MES) values (65,'Luis Anthony',25000,'2025-01');
Insert into ESTUDIANTE.V_FACTURACION_MENSUAL (CLIENTE_ID,NOMBRE_CLIENTE,TOTAL_FACTURADO,MES) values (4,'Mari',25000,'2024-12');
Insert into ESTUDIANTE.V_FACTURACION_MENSUAL (CLIENTE_ID,NOMBRE_CLIENTE,TOTAL_FACTURADO,MES) values (7,'MIRIAM',45000,'2024-05');
Insert into ESTUDIANTE.V_FACTURACION_MENSUAL (CLIENTE_ID,NOMBRE_CLIENTE,TOTAL_FACTURADO,MES) values (7,'MIRIAM',25000,'2024-12');
Insert into ESTUDIANTE.V_FACTURACION_MENSUAL (CLIENTE_ID,NOMBRE_CLIENTE,TOTAL_FACTURADO,MES) values (7,'MIRIAM',90000,'2025-01');
Insert into ESTUDIANTE.V_FACTURACION_MENSUAL (CLIENTE_ID,NOMBRE_CLIENTE,TOTAL_FACTURADO,MES) values (4,'Mari',8500,'2024-01');
REM INSERTING into ESTUDIANTE.V_INVENTARIO_DISPONIBLE
SET DEFINE OFF;
REM INSERTING into ESTUDIANTE.V_NOTIFICACIONES_ENVIADAS
SET DEFINE OFF;
REM INSERTING into ESTUDIANTE.V_PAGOS_FACTURAS
SET DEFINE OFF;
REM INSERTING into ESTUDIANTE.V_RESERVAS_ACTIVAS
SET DEFINE OFF;
REM INSERTING into ESTUDIANTE.V_RUTINAS_CLIENTE
SET DEFINE OFF;
--------------------------------------------------------
--  DDL for Index PK_MEMBRESIA
--------------------------------------------------------

  CREATE UNIQUE INDEX "ESTUDIANTE"."PK_MEMBRESIA" ON "ESTUDIANTE"."MEMBRESIA" ("MEMBRESIA_ID") 
  PCTFREE 10 INITRANS 2 MAXTRANS 255 COMPUTE STATISTICS 
  STORAGE(INITIAL 65536 NEXT 1048576 MINEXTENTS 1 MAXEXTENTS 2147483645
  PCTINCREASE 0 FREELISTS 1 FREELIST GROUPS 1
  BUFFER_POOL DEFAULT FLASH_CACHE DEFAULT CELL_FLASH_CACHE DEFAULT)
  TABLESPACE "USERS" ;
--------------------------------------------------------
--  DDL for Index SYS_C007720
--------------------------------------------------------

  CREATE UNIQUE INDEX "ESTUDIANTE"."SYS_C007720" ON "ESTUDIANTE"."CLIENTES" ("CLIENTE_ID") 
  PCTFREE 10 INITRANS 2 MAXTRANS 255 COMPUTE STATISTICS 
  STORAGE(INITIAL 65536 NEXT 1048576 MINEXTENTS 1 MAXEXTENTS 2147483645
  PCTINCREASE 0 FREELISTS 1 FREELIST GROUPS 1
  BUFFER_POOL DEFAULT FLASH_CACHE DEFAULT CELL_FLASH_CACHE DEFAULT)
  TABLESPACE "USERS" ;
--------------------------------------------------------
--  DDL for Index SYS_C007721
--------------------------------------------------------

  CREATE UNIQUE INDEX "ESTUDIANTE"."SYS_C007721" ON "ESTUDIANTE"."CLIENTES" ("EMAIL") 
  PCTFREE 10 INITRANS 2 MAXTRANS 255 COMPUTE STATISTICS 
  STORAGE(INITIAL 65536 NEXT 1048576 MINEXTENTS 1 MAXEXTENTS 2147483645
  PCTINCREASE 0 FREELISTS 1 FREELIST GROUPS 1
  BUFFER_POOL DEFAULT FLASH_CACHE DEFAULT CELL_FLASH_CACHE DEFAULT)
  TABLESPACE "USERS" ;
--------------------------------------------------------
--  DDL for Index SYS_C007727
--------------------------------------------------------

  CREATE UNIQUE INDEX "ESTUDIANTE"."SYS_C007727" ON "ESTUDIANTE"."MEMBRESIAS" ("MEMBRESIA_ID") 
  PCTFREE 10 INITRANS 2 MAXTRANS 255 COMPUTE STATISTICS 
  STORAGE(INITIAL 65536 NEXT 1048576 MINEXTENTS 1 MAXEXTENTS 2147483645
  PCTINCREASE 0 FREELISTS 1 FREELIST GROUPS 1
  BUFFER_POOL DEFAULT FLASH_CACHE DEFAULT CELL_FLASH_CACHE DEFAULT)
  TABLESPACE "USERS" ;
--------------------------------------------------------
--  DDL for Index SYS_C007733
--------------------------------------------------------

  CREATE UNIQUE INDEX "ESTUDIANTE"."SYS_C007733" ON "ESTUDIANTE"."CLASES" ("CLASE_ID") 
  PCTFREE 10 INITRANS 2 MAXTRANS 255 COMPUTE STATISTICS 
  STORAGE(INITIAL 65536 NEXT 1048576 MINEXTENTS 1 MAXEXTENTS 2147483645
  PCTINCREASE 0 FREELISTS 1 FREELIST GROUPS 1
  BUFFER_POOL DEFAULT FLASH_CACHE DEFAULT CELL_FLASH_CACHE DEFAULT)
  TABLESPACE "USERS" ;
--------------------------------------------------------
--  DDL for Index SYS_C007735
--------------------------------------------------------

  CREATE UNIQUE INDEX "ESTUDIANTE"."SYS_C007735" ON "ESTUDIANTE"."ENTRENADORES" ("ENTRENADOR_ID") 
  PCTFREE 10 INITRANS 2 MAXTRANS 255 COMPUTE STATISTICS 
  STORAGE(INITIAL 65536 NEXT 1048576 MINEXTENTS 1 MAXEXTENTS 2147483645
  PCTINCREASE 0 FREELISTS 1 FREELIST GROUPS 1
  BUFFER_POOL DEFAULT FLASH_CACHE DEFAULT CELL_FLASH_CACHE DEFAULT)
  TABLESPACE "USERS" ;
--------------------------------------------------------
--  DDL for Index SYS_C007739
--------------------------------------------------------

  CREATE UNIQUE INDEX "ESTUDIANTE"."SYS_C007739" ON "ESTUDIANTE"."RESERVAS" ("RESERVA_ID") 
  PCTFREE 10 INITRANS 2 MAXTRANS 255 COMPUTE STATISTICS 
  TABLESPACE "USERS" ;
--------------------------------------------------------
--  DDL for Index SYS_C007745
--------------------------------------------------------

  CREATE UNIQUE INDEX "ESTUDIANTE"."SYS_C007745" ON "ESTUDIANTE"."RUTINAS" ("RUTINA_ID") 
  PCTFREE 10 INITRANS 2 MAXTRANS 255 COMPUTE STATISTICS 
  TABLESPACE "USERS" ;
--------------------------------------------------------
--  DDL for Index SYS_C007755
--------------------------------------------------------

  CREATE UNIQUE INDEX "ESTUDIANTE"."SYS_C007755" ON "ESTUDIANTE"."PAGOS" ("PAGO_ID") 
  PCTFREE 10 INITRANS 2 MAXTRANS 255 COMPUTE STATISTICS 
  TABLESPACE "USERS" ;
--------------------------------------------------------
--  DDL for Index SYS_C007760
--------------------------------------------------------

  CREATE UNIQUE INDEX "ESTUDIANTE"."SYS_C007760" ON "ESTUDIANTE"."INVENTARIO" ("ITEM_ID") 
  PCTFREE 10 INITRANS 2 MAXTRANS 255 COMPUTE STATISTICS 
  STORAGE(INITIAL 65536 NEXT 1048576 MINEXTENTS 1 MAXEXTENTS 2147483645
  PCTINCREASE 0 FREELISTS 1 FREELIST GROUPS 1
  BUFFER_POOL DEFAULT FLASH_CACHE DEFAULT CELL_FLASH_CACHE DEFAULT)
  TABLESPACE "USERS" ;
--------------------------------------------------------
--  DDL for Index SYS_C007762
--------------------------------------------------------

  CREATE UNIQUE INDEX "ESTUDIANTE"."SYS_C007762" ON "ESTUDIANTE"."ACCESOS" ("ACCESO_ID") 
  PCTFREE 10 INITRANS 2 MAXTRANS 255 COMPUTE STATISTICS 
  TABLESPACE "USERS" ;
--------------------------------------------------------
--  DDL for Index SYS_C007769
--------------------------------------------------------

  CREATE UNIQUE INDEX "ESTUDIANTE"."SYS_C007769" ON "ESTUDIANTE"."NOTIFICACIONES" ("NOTIFICACION_ID") 
  PCTFREE 10 INITRANS 2 MAXTRANS 255 COMPUTE STATISTICS 
  TABLESPACE "USERS" ;
--------------------------------------------------------
--  DDL for Index SYS_C007869
--------------------------------------------------------

  CREATE UNIQUE INDEX "ESTUDIANTE"."SYS_C007869" ON "ESTUDIANTE"."REGISTROS_ACCESO" ("ID") 
  PCTFREE 10 INITRANS 2 MAXTRANS 255 COMPUTE STATISTICS 
  TABLESPACE "USERS" ;
--------------------------------------------------------
--  DDL for Index SYS_C007889
--------------------------------------------------------

  CREATE UNIQUE INDEX "ESTUDIANTE"."SYS_C007889" ON "ESTUDIANTE"."FACTURACION" ("FACTURA_ID") 
  PCTFREE 10 INITRANS 2 MAXTRANS 255 COMPUTE STATISTICS 
  STORAGE(INITIAL 65536 NEXT 1048576 MINEXTENTS 1 MAXEXTENTS 2147483645
  PCTINCREASE 0 FREELISTS 1 FREELIST GROUPS 1
  BUFFER_POOL DEFAULT FLASH_CACHE DEFAULT CELL_FLASH_CACHE DEFAULT)
  TABLESPACE "USERS" ;
--------------------------------------------------------
--  DDL for Index SYS_C007895
--------------------------------------------------------

  CREATE UNIQUE INDEX "ESTUDIANTE"."SYS_C007895" ON "ESTUDIANTE"."ENTRENADOR_CLASE" ("ENTRENADOR_ID", "CLASE_ID") 
  PCTFREE 10 INITRANS 2 MAXTRANS 255 COMPUTE STATISTICS 
  STORAGE(INITIAL 65536 NEXT 1048576 MINEXTENTS 1 MAXEXTENTS 2147483645
  PCTINCREASE 0 FREELISTS 1 FREELIST GROUPS 1
  BUFFER_POOL DEFAULT FLASH_CACHE DEFAULT CELL_FLASH_CACHE DEFAULT)
  TABLESPACE "USERS" ;
--------------------------------------------------------
--  DDL for Index SYS_C007903
--------------------------------------------------------

  CREATE UNIQUE INDEX "ESTUDIANTE"."SYS_C007903" ON "ESTUDIANTE"."AUDITS_CLIENTES" ("AUDIT_ID") 
  PCTFREE 10 INITRANS 2 MAXTRANS 255 
  STORAGE(INITIAL 65536 NEXT 1048576 MINEXTENTS 1 MAXEXTENTS 2147483645
  PCTINCREASE 0 FREELISTS 1 FREELIST GROUPS 1
  BUFFER_POOL DEFAULT FLASH_CACHE DEFAULT CELL_FLASH_CACHE DEFAULT)
  TABLESPACE "USERS" ;
--------------------------------------------------------
--  DDL for Index SYS_C007905
--------------------------------------------------------

  CREATE UNIQUE INDEX "ESTUDIANTE"."SYS_C007905" ON "ESTUDIANTE"."AUDITS_ENTRENADORES" ("AUDIT_ID") 
  PCTFREE 10 INITRANS 2 MAXTRANS 255 
  STORAGE(INITIAL 65536 NEXT 1048576 MINEXTENTS 1 MAXEXTENTS 2147483645
  PCTINCREASE 0 FREELISTS 1 FREELIST GROUPS 1
  BUFFER_POOL DEFAULT FLASH_CACHE DEFAULT CELL_FLASH_CACHE DEFAULT)
  TABLESPACE "USERS" ;
--------------------------------------------------------
--  DDL for Index SYS_C007762
--------------------------------------------------------

  CREATE UNIQUE INDEX "ESTUDIANTE"."SYS_C007762" ON "ESTUDIANTE"."ACCESOS" ("ACCESO_ID") 
  PCTFREE 10 INITRANS 2 MAXTRANS 255 COMPUTE STATISTICS 
  TABLESPACE "USERS" ;
--------------------------------------------------------
--  DDL for Index SYS_C007903
--------------------------------------------------------

  CREATE UNIQUE INDEX "ESTUDIANTE"."SYS_C007903" ON "ESTUDIANTE"."AUDITS_CLIENTES" ("AUDIT_ID") 
  PCTFREE 10 INITRANS 2 MAXTRANS 255 
  STORAGE(INITIAL 65536 NEXT 1048576 MINEXTENTS 1 MAXEXTENTS 2147483645
  PCTINCREASE 0 FREELISTS 1 FREELIST GROUPS 1
  BUFFER_POOL DEFAULT FLASH_CACHE DEFAULT CELL_FLASH_CACHE DEFAULT)
  TABLESPACE "USERS" ;
--------------------------------------------------------
--  DDL for Index SYS_C007905
--------------------------------------------------------

  CREATE UNIQUE INDEX "ESTUDIANTE"."SYS_C007905" ON "ESTUDIANTE"."AUDITS_ENTRENADORES" ("AUDIT_ID") 
  PCTFREE 10 INITRANS 2 MAXTRANS 255 
  STORAGE(INITIAL 65536 NEXT 1048576 MINEXTENTS 1 MAXEXTENTS 2147483645
  PCTINCREASE 0 FREELISTS 1 FREELIST GROUPS 1
  BUFFER_POOL DEFAULT FLASH_CACHE DEFAULT CELL_FLASH_CACHE DEFAULT)
  TABLESPACE "USERS" ;
--------------------------------------------------------
--  DDL for Index SYS_C007733
--------------------------------------------------------

  CREATE UNIQUE INDEX "ESTUDIANTE"."SYS_C007733" ON "ESTUDIANTE"."CLASES" ("CLASE_ID") 
  PCTFREE 10 INITRANS 2 MAXTRANS 255 COMPUTE STATISTICS 
  STORAGE(INITIAL 65536 NEXT 1048576 MINEXTENTS 1 MAXEXTENTS 2147483645
  PCTINCREASE 0 FREELISTS 1 FREELIST GROUPS 1
  BUFFER_POOL DEFAULT FLASH_CACHE DEFAULT CELL_FLASH_CACHE DEFAULT)
  TABLESPACE "USERS" ;
--------------------------------------------------------
--  DDL for Index SYS_C007720
--------------------------------------------------------

  CREATE UNIQUE INDEX "ESTUDIANTE"."SYS_C007720" ON "ESTUDIANTE"."CLIENTES" ("CLIENTE_ID") 
  PCTFREE 10 INITRANS 2 MAXTRANS 255 COMPUTE STATISTICS 
  STORAGE(INITIAL 65536 NEXT 1048576 MINEXTENTS 1 MAXEXTENTS 2147483645
  PCTINCREASE 0 FREELISTS 1 FREELIST GROUPS 1
  BUFFER_POOL DEFAULT FLASH_CACHE DEFAULT CELL_FLASH_CACHE DEFAULT)
  TABLESPACE "USERS" ;
--------------------------------------------------------
--  DDL for Index SYS_C007721
--------------------------------------------------------

  CREATE UNIQUE INDEX "ESTUDIANTE"."SYS_C007721" ON "ESTUDIANTE"."CLIENTES" ("EMAIL") 
  PCTFREE 10 INITRANS 2 MAXTRANS 255 COMPUTE STATISTICS 
  STORAGE(INITIAL 65536 NEXT 1048576 MINEXTENTS 1 MAXEXTENTS 2147483645
  PCTINCREASE 0 FREELISTS 1 FREELIST GROUPS 1
  BUFFER_POOL DEFAULT FLASH_CACHE DEFAULT CELL_FLASH_CACHE DEFAULT)
  TABLESPACE "USERS" ;
--------------------------------------------------------
--  DDL for Index SYS_C007735
--------------------------------------------------------

  CREATE UNIQUE INDEX "ESTUDIANTE"."SYS_C007735" ON "ESTUDIANTE"."ENTRENADORES" ("ENTRENADOR_ID") 
  PCTFREE 10 INITRANS 2 MAXTRANS 255 COMPUTE STATISTICS 
  STORAGE(INITIAL 65536 NEXT 1048576 MINEXTENTS 1 MAXEXTENTS 2147483645
  PCTINCREASE 0 FREELISTS 1 FREELIST GROUPS 1
  BUFFER_POOL DEFAULT FLASH_CACHE DEFAULT CELL_FLASH_CACHE DEFAULT)
  TABLESPACE "USERS" ;
--------------------------------------------------------
--  DDL for Index SYS_C007895
--------------------------------------------------------

  CREATE UNIQUE INDEX "ESTUDIANTE"."SYS_C007895" ON "ESTUDIANTE"."ENTRENADOR_CLASE" ("ENTRENADOR_ID", "CLASE_ID") 
  PCTFREE 10 INITRANS 2 MAXTRANS 255 COMPUTE STATISTICS 
  STORAGE(INITIAL 65536 NEXT 1048576 MINEXTENTS 1 MAXEXTENTS 2147483645
  PCTINCREASE 0 FREELISTS 1 FREELIST GROUPS 1
  BUFFER_POOL DEFAULT FLASH_CACHE DEFAULT CELL_FLASH_CACHE DEFAULT)
  TABLESPACE "USERS" ;
--------------------------------------------------------
--  DDL for Index SYS_C007889
--------------------------------------------------------

  CREATE UNIQUE INDEX "ESTUDIANTE"."SYS_C007889" ON "ESTUDIANTE"."FACTURACION" ("FACTURA_ID") 
  PCTFREE 10 INITRANS 2 MAXTRANS 255 COMPUTE STATISTICS 
  STORAGE(INITIAL 65536 NEXT 1048576 MINEXTENTS 1 MAXEXTENTS 2147483645
  PCTINCREASE 0 FREELISTS 1 FREELIST GROUPS 1
  BUFFER_POOL DEFAULT FLASH_CACHE DEFAULT CELL_FLASH_CACHE DEFAULT)
  TABLESPACE "USERS" ;
--------------------------------------------------------
--  DDL for Index SYS_C007760
--------------------------------------------------------

  CREATE UNIQUE INDEX "ESTUDIANTE"."SYS_C007760" ON "ESTUDIANTE"."INVENTARIO" ("ITEM_ID") 
  PCTFREE 10 INITRANS 2 MAXTRANS 255 COMPUTE STATISTICS 
  STORAGE(INITIAL 65536 NEXT 1048576 MINEXTENTS 1 MAXEXTENTS 2147483645
  PCTINCREASE 0 FREELISTS 1 FREELIST GROUPS 1
  BUFFER_POOL DEFAULT FLASH_CACHE DEFAULT CELL_FLASH_CACHE DEFAULT)
  TABLESPACE "USERS" ;
--------------------------------------------------------
--  DDL for Index PK_MEMBRESIA
--------------------------------------------------------

  CREATE UNIQUE INDEX "ESTUDIANTE"."PK_MEMBRESIA" ON "ESTUDIANTE"."MEMBRESIA" ("MEMBRESIA_ID") 
  PCTFREE 10 INITRANS 2 MAXTRANS 255 COMPUTE STATISTICS 
  STORAGE(INITIAL 65536 NEXT 1048576 MINEXTENTS 1 MAXEXTENTS 2147483645
  PCTINCREASE 0 FREELISTS 1 FREELIST GROUPS 1
  BUFFER_POOL DEFAULT FLASH_CACHE DEFAULT CELL_FLASH_CACHE DEFAULT)
  TABLESPACE "USERS" ;
--------------------------------------------------------
--  DDL for Index SYS_C007727
--------------------------------------------------------

  CREATE UNIQUE INDEX "ESTUDIANTE"."SYS_C007727" ON "ESTUDIANTE"."MEMBRESIAS" ("MEMBRESIA_ID") 
  PCTFREE 10 INITRANS 2 MAXTRANS 255 COMPUTE STATISTICS 
  STORAGE(INITIAL 65536 NEXT 1048576 MINEXTENTS 1 MAXEXTENTS 2147483645
  PCTINCREASE 0 FREELISTS 1 FREELIST GROUPS 1
  BUFFER_POOL DEFAULT FLASH_CACHE DEFAULT CELL_FLASH_CACHE DEFAULT)
  TABLESPACE "USERS" ;
--------------------------------------------------------
--  DDL for Index SYS_C007769
--------------------------------------------------------

  CREATE UNIQUE INDEX "ESTUDIANTE"."SYS_C007769" ON "ESTUDIANTE"."NOTIFICACIONES" ("NOTIFICACION_ID") 
  PCTFREE 10 INITRANS 2 MAXTRANS 255 COMPUTE STATISTICS 
  TABLESPACE "USERS" ;
--------------------------------------------------------
--  DDL for Index SYS_C007755
--------------------------------------------------------

  CREATE UNIQUE INDEX "ESTUDIANTE"."SYS_C007755" ON "ESTUDIANTE"."PAGOS" ("PAGO_ID") 
  PCTFREE 10 INITRANS 2 MAXTRANS 255 COMPUTE STATISTICS 
  TABLESPACE "USERS" ;
--------------------------------------------------------
--  DDL for Index SYS_C007869
--------------------------------------------------------

  CREATE UNIQUE INDEX "ESTUDIANTE"."SYS_C007869" ON "ESTUDIANTE"."REGISTROS_ACCESO" ("ID") 
  PCTFREE 10 INITRANS 2 MAXTRANS 255 COMPUTE STATISTICS 
  TABLESPACE "USERS" ;
--------------------------------------------------------
--  DDL for Index SYS_C007739
--------------------------------------------------------

  CREATE UNIQUE INDEX "ESTUDIANTE"."SYS_C007739" ON "ESTUDIANTE"."RESERVAS" ("RESERVA_ID") 
  PCTFREE 10 INITRANS 2 MAXTRANS 255 COMPUTE STATISTICS 
  TABLESPACE "USERS" ;
--------------------------------------------------------
--  DDL for Index SYS_C007745
--------------------------------------------------------

  CREATE UNIQUE INDEX "ESTUDIANTE"."SYS_C007745" ON "ESTUDIANTE"."RUTINAS" ("RUTINA_ID") 
  PCTFREE 10 INITRANS 2 MAXTRANS 255 COMPUTE STATISTICS 
  TABLESPACE "USERS" ;
--------------------------------------------------------
--  DDL for Trigger CLIENTES_AUDIT_TRG
--------------------------------------------------------

  CREATE OR REPLACE NONEDITIONABLE TRIGGER "ESTUDIANTE"."CLIENTES_AUDIT_TRG" 
    AFTER
    UPDATE OR DELETE
    ON clientes
    FOR EACH ROW
DECLARE
    l_transaction VARCHAR2(10);
BEGIN
    -- Determinar el tipo de transaccin
    l_transaction := CASE
                        WHEN UPDATING THEN 'UPDATE'
                        WHEN DELETING THEN 'DELETE'
                     END;

    -- Insertar el registro de auditora
    INSERT INTO audits_clientes(table_name, transaction_name, by_user, transaction_date)
    VALUES('clientes', l_transaction, USER, SYSDATE);

END;
/
ALTER TRIGGER "ESTUDIANTE"."CLIENTES_AUDIT_TRG" ENABLE;
--------------------------------------------------------
--  DDL for Trigger ENTRENADORES_AUDIT_TRG
--------------------------------------------------------

  CREATE OR REPLACE NONEDITIONABLE TRIGGER "ESTUDIANTE"."ENTRENADORES_AUDIT_TRG" 
    AFTER
    UPDATE OR DELETE
    ON entrenadores
    FOR EACH ROW
DECLARE
    l_transaction VARCHAR2(10);
BEGIN

    l_transaction := CASE
                        WHEN UPDATING THEN 'UPDATE'
                        WHEN DELETING THEN 'DELETE'
                     END;

    -- Insertar el registro de auditora
    INSERT INTO audits_entrenadores (table_name, transaction_name, transaction_date)
    VALUES ('entrenadores', l_transaction, SYSDATE);

END;
/
ALTER TRIGGER "ESTUDIANTE"."ENTRENADORES_AUDIT_TRG" ENABLE;
--------------------------------------------------------
--  DDL for Trigger TRG_ACTUALIZAR_ESTADO_INVENTARIO
--------------------------------------------------------

  CREATE OR REPLACE NONEDITIONABLE TRIGGER "ESTUDIANTE"."TRG_ACTUALIZAR_ESTADO_INVENTARIO" 
BEFORE UPDATE ON Inventario
FOR EACH ROW
BEGIN
    -- Cambia el estado a 'No disponible' si la cantidad es menor o igual a 0
    IF :NEW.cantidad <= 0 THEN
        :NEW.estado := 'No disponible';
    END IF;
END;
/
ALTER TRIGGER "ESTUDIANTE"."TRG_ACTUALIZAR_ESTADO_INVENTARIO" ENABLE;
--------------------------------------------------------
--  DDL for Trigger TRG_ACTUALIZAR_ESTADO_MEMBRESIA_ACTIVAR
--------------------------------------------------------

  CREATE OR REPLACE NONEDITIONABLE TRIGGER "ESTUDIANTE"."TRG_ACTUALIZAR_ESTADO_MEMBRESIA_ACTIVAR" 
AFTER INSERT OR UPDATE ON Membresias
DECLARE
    CURSOR c_membresias IS
        SELECT membresia_id
        FROM Membresias
        WHERE fecha_fin > SYSDATE AND estado = 'Inactiva';

BEGIN
    -- Actualizar las membresas que cumplan con la condicin
    FOR rec IN c_membresias LOOP
        UPDATE Membresias
        SET estado = 'Activa'
        WHERE membresia_id = rec.membresia_id;
    END LOOP;
END;
/
ALTER TRIGGER "ESTUDIANTE"."TRG_ACTUALIZAR_ESTADO_MEMBRESIA_ACTIVAR" ENABLE;
--------------------------------------------------------
--  DDL for Trigger TRG_ACTUALIZAR_ESTADO_MEMBRESIA_INACTIVAR
--------------------------------------------------------

  CREATE OR REPLACE NONEDITIONABLE TRIGGER "ESTUDIANTE"."TRG_ACTUALIZAR_ESTADO_MEMBRESIA_INACTIVAR" 
AFTER INSERT OR UPDATE ON Membresias
DECLARE
    CURSOR c_membresias IS
        SELECT membresia_id
        FROM Membresias
        WHERE fecha_fin < SYSDATE AND estado = 'Activa';
BEGIN

    FOR rec IN c_membresias LOOP
        UPDATE Membresias
        SET estado = 'Inactiva'
        WHERE membresia_id = rec.membresia_id;
    END LOOP;
END;
/
ALTER TRIGGER "ESTUDIANTE"."TRG_ACTUALIZAR_ESTADO_MEMBRESIA_INACTIVAR" ENABLE;
--------------------------------------------------------
--  DDL for Trigger CLIENTES_AUDIT_TRG
--------------------------------------------------------

  CREATE OR REPLACE NONEDITIONABLE TRIGGER "ESTUDIANTE"."CLIENTES_AUDIT_TRG" 
    AFTER
    UPDATE OR DELETE
    ON clientes
    FOR EACH ROW
DECLARE
    l_transaction VARCHAR2(10);
BEGIN
    -- Determinar el tipo de transaccin
    l_transaction := CASE
                        WHEN UPDATING THEN 'UPDATE'
                        WHEN DELETING THEN 'DELETE'
                     END;

    -- Insertar el registro de auditora
    INSERT INTO audits_clientes(table_name, transaction_name, by_user, transaction_date)
    VALUES('clientes', l_transaction, USER, SYSDATE);

END;
/
ALTER TRIGGER "ESTUDIANTE"."CLIENTES_AUDIT_TRG" ENABLE;
--------------------------------------------------------
--  DDL for Trigger ENTRENADORES_AUDIT_TRG
--------------------------------------------------------

  CREATE OR REPLACE NONEDITIONABLE TRIGGER "ESTUDIANTE"."ENTRENADORES_AUDIT_TRG" 
    AFTER
    UPDATE OR DELETE
    ON entrenadores
    FOR EACH ROW
DECLARE
    l_transaction VARCHAR2(10);
BEGIN

    l_transaction := CASE
                        WHEN UPDATING THEN 'UPDATE'
                        WHEN DELETING THEN 'DELETE'
                     END;

    -- Insertar el registro de auditora
    INSERT INTO audits_entrenadores (table_name, transaction_name, transaction_date)
    VALUES ('entrenadores', l_transaction, SYSDATE);

END;
/
ALTER TRIGGER "ESTUDIANTE"."ENTRENADORES_AUDIT_TRG" ENABLE;
--------------------------------------------------------
--  DDL for Trigger TRG_ACTUALIZAR_ESTADO_INVENTARIO
--------------------------------------------------------

  CREATE OR REPLACE NONEDITIONABLE TRIGGER "ESTUDIANTE"."TRG_ACTUALIZAR_ESTADO_INVENTARIO" 
BEFORE UPDATE ON Inventario
FOR EACH ROW
BEGIN
    -- Cambia el estado a 'No disponible' si la cantidad es menor o igual a 0
    IF :NEW.cantidad <= 0 THEN
        :NEW.estado := 'No disponible';
    END IF;
END;
/
ALTER TRIGGER "ESTUDIANTE"."TRG_ACTUALIZAR_ESTADO_INVENTARIO" ENABLE;
--------------------------------------------------------
--  DDL for Trigger TRG_ACTUALIZAR_ESTADO_MEMBRESIA_INACTIVAR
--------------------------------------------------------

  CREATE OR REPLACE NONEDITIONABLE TRIGGER "ESTUDIANTE"."TRG_ACTUALIZAR_ESTADO_MEMBRESIA_INACTIVAR" 
AFTER INSERT OR UPDATE ON Membresias
DECLARE
    CURSOR c_membresias IS
        SELECT membresia_id
        FROM Membresias
        WHERE fecha_fin < SYSDATE AND estado = 'Activa';
BEGIN

    FOR rec IN c_membresias LOOP
        UPDATE Membresias
        SET estado = 'Inactiva'
        WHERE membresia_id = rec.membresia_id;
    END LOOP;
END;
/
ALTER TRIGGER "ESTUDIANTE"."TRG_ACTUALIZAR_ESTADO_MEMBRESIA_INACTIVAR" ENABLE;
--------------------------------------------------------
--  DDL for Trigger TRG_ACTUALIZAR_ESTADO_MEMBRESIA_ACTIVAR
--------------------------------------------------------

  CREATE OR REPLACE NONEDITIONABLE TRIGGER "ESTUDIANTE"."TRG_ACTUALIZAR_ESTADO_MEMBRESIA_ACTIVAR" 
AFTER INSERT OR UPDATE ON Membresias
DECLARE
    CURSOR c_membresias IS
        SELECT membresia_id
        FROM Membresias
        WHERE fecha_fin > SYSDATE AND estado = 'Inactiva';

BEGIN
    -- Actualizar las membresas que cumplan con la condicin
    FOR rec IN c_membresias LOOP
        UPDATE Membresias
        SET estado = 'Activa'
        WHERE membresia_id = rec.membresia_id;
    END LOOP;
END;
/
ALTER TRIGGER "ESTUDIANTE"."TRG_ACTUALIZAR_ESTADO_MEMBRESIA_ACTIVAR" ENABLE;
--------------------------------------------------------
--  DDL for Procedure ACTUALIZAR_CLIENTE
--------------------------------------------------------
set define off;

  CREATE OR REPLACE NONEDITIONABLE PROCEDURE "ESTUDIANTE"."ACTUALIZAR_CLIENTE" (
    p_cliente_id IN NUMBER,  
    p_nombre IN VARCHAR2,   
    p_direccion IN VARCHAR2,
    p_telefono IN VARCHAR2,  
    p_email IN VARCHAR2,    
    p_fecha_registro IN DATE 
) AS
BEGIN
    UPDATE clientes
    SET nombre = p_nombre, 
        direccion = p_direccion, 
        telefono = p_telefono, 
        email = p_email, 
        fecha_registro = p_fecha_registro
    WHERE cliente_id = p_cliente_id; 
END actualizar_cliente;

/
--------------------------------------------------------
--  DDL for Procedure ACTUALIZAR_ENTRENADOR
--------------------------------------------------------
set define off;

  CREATE OR REPLACE NONEDITIONABLE PROCEDURE "ESTUDIANTE"."ACTUALIZAR_ENTRENADOR" (
    n_entrenador_id IN NUMBER,
    n_nombre_entrenador IN VARCHAR2,
    n_especialidad IN VARCHAR2,
    n_disponibilidad IN VARCHAR2,
    n_perfil IN VARCHAR2
) AS
BEGIN
    UPDATE entrenadores
    SET nombre_entrenador = n_nombre_entrenador, especialidad = n_especialidad, disponibilidad = n_disponibilidad, perfil = n_perfil
    WHERE entrenador_id = n_entrenador_id;
END actualizar_entrenador;

/
--------------------------------------------------------
--  DDL for Procedure ACTUALIZAR_INVENTARIO
--------------------------------------------------------
set define off;

  CREATE OR REPLACE NONEDITIONABLE PROCEDURE "ESTUDIANTE"."ACTUALIZAR_INVENTARIO" (
    p_item_id IN NUMBER,               -- Item ID
    p_nombre_item IN VARCHAR2,         -- Item Name
    p_cantidad IN NUMBER,              -- Quantity
    p_estado IN VARCHAR2               -- Item State (e.g., Available, Out of Stock)
) AS
BEGIN
    UPDATE INVENTARIO
    SET nombre_item = p_nombre_item,  -- Update item name
        cantidad = p_cantidad,        -- Update quantity
        estado = p_estado            -- Update item state
    WHERE item_id = p_item_id;       -- Match the record by item ID
END actualizar_inventario;

/
--------------------------------------------------------
--  DDL for Procedure ACTUALIZAR_MEMBRESIA_CLIENTE
--------------------------------------------------------
set define off;

  CREATE OR REPLACE NONEDITIONABLE PROCEDURE "ESTUDIANTE"."ACTUALIZAR_MEMBRESIA_CLIENTE" (
    n_cliente_id IN NUMBER,
    n_tipo_membresia IN VARCHAR,
    n_estado IN VARCHAR
    
) AS
BEGIN
    UPDATE membresias
    SET tipo_membresia = n_tipo_membresia, estado = n_estado 
    WHERE cliente_id = n_cliente_id;
END actualizar_membresia_cliente;

/
--------------------------------------------------------
--  DDL for Procedure ACTUALIZAR_MEMBRESIA_DE_CLIENTE
--------------------------------------------------------
set define off;

  CREATE OR REPLACE NONEDITIONABLE PROCEDURE "ESTUDIANTE"."ACTUALIZAR_MEMBRESIA_DE_CLIENTE" (
    p_membresia_id IN NUMBER,
    p_cliente_id IN NUMBER,
    p_fecha_inicio IN DATE,
    p_fecha_fin IN DATE,
    p_estado IN VARCHAR2
) AS
BEGIN
    UPDATE MEMBRESIAS
    SET 
        FECHA_INICIO = p_fecha_inicio,
        FECHA_FIN = p_fecha_fin,
        ESTADO = p_estado
    WHERE 
        MEMBRESIA_ID = p_membresia_id 
        AND CLIENTE_ID = p_cliente_id;  -- Ensure the client ID matches the provided one

    IF SQL%ROWCOUNT = 0 THEN
        RAISE_APPLICATION_ERROR(-20001, 'No se encontr la membresa con el ID proporcionado.');
    END IF;
END ACTUALIZAR_MEMBRESIA_DE_CLIENTE;

/
--------------------------------------------------------
--  DDL for Procedure AGREGARESTADOFISICO
--------------------------------------------------------
set define off;

  CREATE OR REPLACE NONEDITIONABLE PROCEDURE "ESTUDIANTE"."AGREGARESTADOFISICO" (
    p_cliente_id IN NUMBER,           -- Client ID (foreign key)
    p_peso IN NUMBER,                 -- Client weight (in kg)
    p_grasa_corporal IN NUMBER,       -- Body fat percentage
    p_fecha_registro IN TIMESTAMP     -- Registration date and time
) AS
    v_cliente_count NUMBER;           -- Variable to check the existence of CLIENTE_ID
BEGIN
    -- Check if the CLIENTE_ID exists in the CLIENTES table
    SELECT COUNT(*) INTO v_cliente_count
    FROM CLIENTES
    WHERE CLIENTE_ID = p_cliente_id;

    -- If no records are found, raise an exception
    IF v_cliente_count = 0 THEN
        RAISE_APPLICATION_ERROR(-20001, 'El CLIENTE_ID proporcionado no existe en la tabla CLIENTES.');
    END IF;

    -- Insert a new record into the ESTADO_FISICO table
    INSERT INTO ESTADOFISICO (CLIENTE_ID, PESO, GRASA_CORPORAL, FECHA_REGISTRO)
    VALUES (p_cliente_id, p_peso, p_grasa_corporal, p_fecha_registro);

    COMMIT;  -- Commit the transaction if everything is fine.

END AgregarEstadoFisico;

/
--------------------------------------------------------
--  DDL for Procedure AGREGARFACTURACION
--------------------------------------------------------
set define off;

  CREATE OR REPLACE NONEDITIONABLE PROCEDURE "ESTUDIANTE"."AGREGARFACTURACION" (
    p_cliente_id IN NUMBER,        -- Client ID (Foreign key)
    p_monto IN NUMBER,             -- Invoice amount
    p_fecha_factura IN DATE,       -- Date of the invoice
    p_estado_pago IN VARCHAR2     -- Payment status
) AS
    v_cliente_count NUMBER;        -- Variable to check if the CLIENTE_ID exists
BEGIN
    -- Verify if the CLIENTE_ID exists in the CLIENTES table
    SELECT COUNT(*) INTO v_cliente_count
    FROM CLIENTES
    WHERE CLIENTE_ID = p_cliente_id;

    -- If the CLIENTE_ID doesn't exist, raise an exception
    IF v_cliente_count = 0 THEN
        RAISE_APPLICATION_ERROR(-20001, 'El CLIENTE_ID proporcionado no existe en la tabla CLIENTES.');
    END IF;

    -- Insert a new invoice into the FACTURACION table
    INSERT INTO FACTURACION (CLIENTE_ID, MONTO, FECHA_FACTURA, ESTADO_PAGO)
    VALUES (p_cliente_id, p_monto, p_fecha_factura, p_estado_pago);

    COMMIT;  -- Commit the transaction if everything is fine
END AgregarFacturacion;

/
--------------------------------------------------------
--  DDL for Procedure AGREGAR_CLIENTE
--------------------------------------------------------
set define off;

  CREATE OR REPLACE NONEDITIONABLE PROCEDURE "ESTUDIANTE"."AGREGAR_CLIENTE" (
    cliente_id IN NUMBER,
    nombre IN VARCHAR2,
    direccion IN VARCHAR2,
    telefono IN NUMBER,
    email IN VARCHAR2,
    fecha_registro IN DATE
)
AS
BEGIN
    INSERT INTO Clientes (cliente_id, nombre, direccion, telefono, email, fecha_registro)
    VALUES (cliente_id, nombre, direccion, telefono, email, fecha_registro);
END;

/
--------------------------------------------------------
--  DDL for Procedure AGREGAR_ENTRENADOR
--------------------------------------------------------
set define off;

  CREATE OR REPLACE NONEDITIONABLE PROCEDURE "ESTUDIANTE"."AGREGAR_ENTRENADOR" (
    entrenador_id IN NUMBER,
    nombre_entrenador IN VARCHAR2,
    especialidad IN VARCHAR2,
    disponibilidad IN VARCHAR2,
    perfil IN VARCHAR2
)
AS
BEGIN
    INSERT INTO Entrenadores (entrenador_id, nombre_entrenador, especialidad, disponibilidad, perfil)
    VALUES (entrenador_id, nombre_entrenador, especialidad, disponibilidad, perfil);
END;

/
--------------------------------------------------------
--  DDL for Procedure AGREGAR_INVENTARIO
--------------------------------------------------------
set define off;

  CREATE OR REPLACE NONEDITIONABLE PROCEDURE "ESTUDIANTE"."AGREGAR_INVENTARIO" ( 
  
    p_item_id IN NUMBER,                  -- Item ID
    p_nombre_item IN VARCHAR2,            -- Item Name
    p_cantidad IN NUMBER,                 -- Quantity of the item
    p_estado IN VARCHAR2                 -- State (e.g., 'Available', 'Out of Stock')
  
)
AS
BEGIN
    -- Insert new inventory record into the INVENTARIO table
    INSERT INTO INVENTARIO (ITEM_ID, NOMBRE_ITEM, CANTIDAD, ESTADO)
    VALUES (p_item_id, p_nombre_item, p_cantidad, p_estado);

    COMMIT;  -- Ensure the transaction is committed
END;

/
--------------------------------------------------------
--  DDL for Procedure AGREGAR_MEMBRESIA
--------------------------------------------------------
set define off;

  CREATE OR REPLACE NONEDITIONABLE PROCEDURE "ESTUDIANTE"."AGREGAR_MEMBRESIA" (
    p_membresia_id IN VARCHAR2,
    p_tipo_membresia IN VARCHAR2
) AS
BEGIN
    INSERT INTO MEMBRESIA (Membresia_ID, Tipo_Membresia)
    VALUES (p_membresia_id, p_tipo_membresia);
END AGREGAR_MEMBRESIA;

/
--------------------------------------------------------
--  DDL for Procedure AGREGAR_MEMBRESIA_A_CLIENTE
--------------------------------------------------------
set define off;

  CREATE OR REPLACE NONEDITIONABLE PROCEDURE "ESTUDIANTE"."AGREGAR_MEMBRESIA_A_CLIENTE" ( 
    p_membresia_id IN NUMBER,          -- FK to the MEMBRESIA table
    p_cliente_id IN NUMBER,            -- FK to the CLIENTES table
    p_fecha_inicio IN DATE,            -- Start date of the membership
    p_fecha_fin IN DATE,               -- End date of the membership
    p_estado IN VARCHAR2               -- Status of the membership
) AS
    v_membresia_exists NUMBER;  -- Variable to check if membership exists
    v_cliente_exists NUMBER;    -- Variable to check if client exists
BEGIN
    -- Validate that the provided Membresia_ID exists in the MEMBRESIA table
    SELECT COUNT(*)
    INTO v_membresia_exists
    FROM MEMBRESIA
    WHERE MEMBRESIA_ID = p_membresia_id;

    IF v_membresia_exists = 0 THEN
        RAISE_APPLICATION_ERROR(-20001, 'El ID de Membresa no existe.');
    END IF;

    -- Validate that the provided Cliente_ID exists in the CLIENTES table
    SELECT COUNT(*)
    INTO v_cliente_exists
    FROM CLIENTES
    WHERE CLIENTE_ID = p_cliente_id;

    IF v_cliente_exists = 0 THEN
        RAISE_APPLICATION_ERROR(-20002, 'El ID de Cliente no existe.');
    END IF;

    -- Insert the membership-client relationship with the specified details
    INSERT INTO MEMBRESIAS (
        MEMBRESIA_ID, 
        CLIENTE_ID, 
        FECHA_INICIO, 
        FECHA_FIN, 
        ESTADO
    ) VALUES (
        p_membresia_id,
        p_cliente_id,
        p_fecha_inicio,
        p_fecha_fin,
        p_estado
    );

    -- Output a success message
    DBMS_OUTPUT.PUT_LINE('Membresa asignada exitosamente al cliente.');

EXCEPTION
    WHEN OTHERS THEN
        -- Catch and handle unexpected errors
        RAISE_APPLICATION_ERROR(-20099, 'Error al agregar la Membresa al Cliente: ' || SQLERRM);
END AGREGAR_MEMBRESIA_A_CLIENTE;

/
--------------------------------------------------------
--  DDL for Procedure ASIGNAR_ENTRENADOR_CLASE
--------------------------------------------------------
set define off;

  CREATE OR REPLACE NONEDITIONABLE PROCEDURE "ESTUDIANTE"."ASIGNAR_ENTRENADOR_CLASE" (
    p_entrenador_id IN NUMBER,
    p_clase_id IN NUMBER,
    p_message OUT VARCHAR2
) AS
    v_count NUMBER;
BEGIN
    -- Check if the provided ENTRIANDOR_ID exists in the ENTRENADORES table
    SELECT COUNT(*) INTO v_count
    FROM ENTRENADORES
    WHERE ENTRENADOR_ID = p_entrenador_id;

    IF v_count = 0 THEN
        p_message := 'Error: Entrenador no existe.';
        RETURN;
    END IF;

    -- Check if the provided CLASE_ID exists in the CLASES table
    SELECT COUNT(*) INTO v_count
    FROM CLASES
    WHERE CLASE_ID = p_clase_id;

    IF v_count = 0 THEN
        p_message := 'Error: Clase no existe.';
        RETURN;
    END IF;

    -- Check if the relationship already exists in the ENTRENADOR_CLASE table
    SELECT COUNT(*) INTO v_count
    FROM ENTRENADOR_CLASE
    WHERE ENTRENADOR_ID = p_entrenador_id AND CLASE_ID = p_clase_id;

    IF v_count > 0 THEN
        p_message := 'Error: El entrenador ya est asignado a esta clase.';
        RETURN;
    END IF;

    -- Insert into the ENTRENADOR_CLASE table to link trainer to class
    INSERT INTO ENTRENADOR_CLASE (ENTRENADOR_ID, CLASE_ID)
    VALUES (p_entrenador_id, p_clase_id);

    p_message := 'Entrenador asignado a la clase correctamente.';
EXCEPTION
    WHEN OTHERS THEN
        -- Handle any unexpected errors
        p_message := 'Error: ' || SQLERRM;
END ASIGNAR_ENTRENADOR_CLASE;

/
--------------------------------------------------------
--  DDL for Procedure ASIGNAR_RUTINA
--------------------------------------------------------
set define off;

  CREATE OR REPLACE NONEDITIONABLE PROCEDURE "ESTUDIANTE"."ASIGNAR_RUTINA" (
    n_cliente_id IN NUMBER,
    n_rutina_id IN NUMBER
) AS
BEGIN
    INSERT INTO rutinas (cliente_id, rutina_id)
    VALUES (n_cliente_id, n_rutina_id);
END asignar_rutina;

/
--------------------------------------------------------
--  DDL for Procedure BUSCAR_CLIENTE
--------------------------------------------------------
set define off;

  CREATE OR REPLACE NONEDITIONABLE PROCEDURE "ESTUDIANTE"."BUSCAR_CLIENTE" (
    p_cliente_id IN NUMBER,
    p_nombre OUT VARCHAR2,
    p_direccion OUT VARCHAR2,
    p_telefono OUT VARCHAR2,
    p_email OUT VARCHAR2,
    p_fecha_registro OUT DATE
) AS
BEGIN
    SELECT nombre, direccion, telefono, email, fecha_registro
    INTO p_nombre, p_direccion, p_telefono, p_email, p_fecha_registro
    FROM clientes
    WHERE cliente_id = p_cliente_id;
EXCEPTION
    WHEN NO_DATA_FOUND THEN
        p_nombre := 'No encontrado';
        p_direccion := 'No encontrado';
        p_telefono := 'No encontrado';
        p_email := 'No encontrado';
        p_fecha_registro := NULL;
    WHEN OTHERS THEN
        p_nombre := 'Error';
        p_direccion := 'Error';
        p_telefono := 'Error';
        p_email := 'Error';
        p_fecha_registro := NULL;
END buscar_cliente;

/
--------------------------------------------------------
--  DDL for Procedure CAMBIAR_ESPECIALIDAD_ENTRENADOR
--------------------------------------------------------
set define off;

  CREATE OR REPLACE NONEDITIONABLE PROCEDURE "ESTUDIANTE"."CAMBIAR_ESPECIALIDAD_ENTRENADOR" (
    n_entrenador_id IN NUMBER,
    n_nueva_especialidad IN VARCHAR2
) AS
BEGIN
    UPDATE entrenadores
    SET especialidad = n_nueva_especialidad
    WHERE entrenador_id = n_entrenador_id;
END cambiar_especialidad_entrenador;

/
--------------------------------------------------------
--  DDL for Procedure CONSULTACLASEYENTRENADORALL
--------------------------------------------------------
set define off;

  CREATE OR REPLACE NONEDITIONABLE PROCEDURE "ESTUDIANTE"."CONSULTACLASEYENTRENADORALL" (
    p_ClaseyCoach_info OUT SYS_REFCURSOR   -- Output cursor for the result
) AS
BEGIN
    -- Open the cursor to retrieve all class and trainer details from the related tables
    OPEN p_ClaseyCoach_info FOR
    SELECT 
        e.entrenador_id,                  -- Trainer ID from ENTRENADORES table
        e.nombre_entrenador,              -- Trainer Name from ENTRENADORES table
        c.nombre_clase AS NOMBRE_CLASE,   -- Class Name from CLASES table
        c.fecha_clase                     -- Class Date from CLASES table
    FROM 
        ENTRENADORES e
    JOIN 
        ENTRENADOR_CLASE ec ON e.entrenador_id = ec.entrenador_id  -- Relationship table
    JOIN 
        CLASES c ON ec.clase_id = c.clase_id;  -- Join to classes via ENTRENADOR_CLASE
END ConsultaClaseyEntrenadorALL;

/
--------------------------------------------------------
--  DDL for Procedure CONSULTACLIENTE
--------------------------------------------------------
set define off;

  CREATE OR REPLACE NONEDITIONABLE PROCEDURE "ESTUDIANTE"."CONSULTACLIENTE" (
    p_cliente_id IN NUMBER, 
    p_cliente_info OUT SYS_REFCURSOR
) AS
BEGIN
    OPEN p_cliente_info FOR
    SELECT 
        CLIENTE_ID, 
        NOMBRE, 
        DIRECCION, 
        TELEFONO, 
        EMAIL, 
        FECHA_REGISTRO
    FROM 
        clientes
    WHERE 
        CLIENTE_ID = p_cliente_id;
END ConsultaCliente;

/
--------------------------------------------------------
--  DDL for Procedure CONSULTAENTRENADOR
--------------------------------------------------------
set define off;

  CREATE OR REPLACE NONEDITIONABLE PROCEDURE "ESTUDIANTE"."CONSULTAENTRENADOR" (
    p_trainer_id IN NUMBER, 
    p_trainer_info OUT SYS_REFCURSOR
) AS
BEGIN
    OPEN p_trainer_info FOR
    SELECT 
        ENTRENADOR_ID, 
        NOMBRE_ENTRENADOR, 
        ESPECIALIDAD, 
        DISPONIBILIDAD, 
        PERFIL
    FROM 
        entrenadores
    WHERE 
          entrenador_id = p_trainer_id;
END ConsultaEntrenador;

/
--------------------------------------------------------
--  DDL for Procedure CONSULTAFACTURACION
--------------------------------------------------------
set define off;

  CREATE OR REPLACE NONEDITIONABLE PROCEDURE "ESTUDIANTE"."CONSULTAFACTURACION" (
    p_cliente_id IN NUMBER,            -- Client ID (foreign key)
    p_facturacion_info OUT SYS_REFCURSOR   -- Output cursor for the result
) AS
BEGIN
    -- Open the cursor to retrieve invoice details and client name from the related tables
    OPEN p_facturacion_info FOR
    SELECT 
        f.FACTURA_ID,                  -- Invoice ID
        f.CLIENTE_ID,                  -- Client ID
        c.NOMBRE AS CLIENTE_NOMBRE,    -- Client Name from CLIENTES table
        f.MONTO,                       -- Invoice Amount
        f.FECHA_FACTURA,               -- Date of the invoice
        f.ESTADO_PAGO                  -- Payment Status
    FROM 
        FACTURACION f
    JOIN 
        CLIENTES c ON f.CLIENTE_ID = c.CLIENTE_ID  -- Join CLIENTES to get the name
    WHERE 
        f.CLIENTE_ID = p_cliente_id;  -- Filter by the provided client ID
END ConsultaFacturacion;

/
--------------------------------------------------------
--  DDL for Procedure CONSULTAFACTURACIONALL
--------------------------------------------------------
set define off;

  CREATE OR REPLACE NONEDITIONABLE PROCEDURE "ESTUDIANTE"."CONSULTAFACTURACIONALL" (
    p_facturacion_info OUT SYS_REFCURSOR   -- Output cursor for the result
) AS
BEGIN
    -- Open the cursor to retrieve all invoice details and client name from the related tables
    OPEN p_facturacion_info FOR
    SELECT 
        f.FACTURA_ID,                  -- Invoice ID
        f.CLIENTE_ID,                  -- Client ID
        c.NOMBRE AS CLIENTE_NOMBRE,    -- Client Name from CLIENTES table
        f.MONTO,                       -- Invoice Amount
        f.FECHA_FACTURA,               -- Date of the invoice
        f.ESTADO_PAGO                  -- Payment Status
    FROM 
        FACTURACION f
    JOIN 
        CLIENTES c ON f.CLIENTE_ID = c.CLIENTE_ID;  -- Join CLIENTES to get the name
END ConsultaFacturacionALL;

/
--------------------------------------------------------
--  DDL for Procedure CONSULTAINVENTARIO
--------------------------------------------------------
set define off;

  CREATE OR REPLACE NONEDITIONABLE PROCEDURE "ESTUDIANTE"."CONSULTAINVENTARIO" (
    p_item_id IN NUMBER,             -- Item ID (optional filter by specific item)
    p_inventario_info OUT SYS_REFCURSOR  -- Output cursor for the result
) AS
BEGIN
    -- Open a cursor to retrieve inventory details based on item_id if provided
    IF p_item_id IS NOT NULL THEN
        OPEN p_inventario_info FOR
        SELECT 
            item_id, 
            nombre_item, 
            cantidad, 
            estado
        FROM 
            inventario
        WHERE 
            item_id = p_item_id;  -- Filter by item_id if provided
    ELSE
        OPEN p_inventario_info FOR
        SELECT 
            item_id, 
            nombre_item, 
            cantidad, 
            estado
        FROM 
            inventario;  -- Retrieve all inventory items
    END IF;
END ConsultaInventario;

/
--------------------------------------------------------
--  DDL for Procedure CONSULTAMEMBRESIACLIENTE
--------------------------------------------------------
set define off;

  CREATE OR REPLACE NONEDITIONABLE PROCEDURE "ESTUDIANTE"."CONSULTAMEMBRESIACLIENTE" ( 
    p_cliente_id IN NUMBER, 
    p_cliente_info OUT SYS_REFCURSOR
) AS
BEGIN
    OPEN p_cliente_info FOR
    SELECT 
        CLIENTE_ID, 
        MEMBRESIA_ID,  
        FECHA_INICIO,  -- corrected column name (use underscores if needed)
        FECHA_FIN,     -- corrected column name (use underscores if needed)
        ESTADO
    FROM 
        MEMBRESIAS
    WHERE 
        CLIENTE_ID = p_cliente_id;
END ConsultaMembresiaCliente;

/
--------------------------------------------------------
--  DDL for Procedure CONSULTAMEMBRESIACOMPLETA
--------------------------------------------------------
set define off;

  CREATE OR REPLACE NONEDITIONABLE PROCEDURE "ESTUDIANTE"."CONSULTAMEMBRESIACOMPLETA" ( 
   p_facturacion_info OUT SYS_REFCURSOR   -- Output cursor for the result 
) AS
BEGIN
    -- Open the cursor to retrieve client and membership details from the related tables
    OPEN p_facturacion_info FOR
    SELECT 
        c.CLIENTE_ID,                -- Client ID from CLIENTES table
        c.NOMBRE,                    -- Client Name from CLIENTES table
        m.MEMBRESIA_ID,              -- Membership ID from MEMBRESIA table
        m.TIPO_MEMBRESIA,            -- Type of membership from MEMBRESIA table
        mb.FECHA_INICIO,             -- Start date from MEMBRESIAS table
        mb.FECHA_FIN,                -- End date from MEMBRESIAS table
        mb.ESTADO                    -- Membership status from MEMBRESIAS table
    FROM 
        CLIENTES c
    JOIN 
        MEMBRESIAS mb ON c.CLIENTE_ID = mb.CLIENTE_ID   -- Corrected: Join CLIENTES to MEMBRESIAS using CLIENTE_ID
    JOIN 
        MEMBRESIA m ON mb.MEMBRESIA_ID = m.MEMBRESIA_ID  -- Join MEMBRESIAS to MEMBRESIA using MEMBRESIA_ID
    ;
END CONSULTAMEMBRESIACOMPLETA;

/
--------------------------------------------------------
--  DDL for Procedure CONSULTARMEMBRESIA
--------------------------------------------------------
set define off;

  CREATE OR REPLACE NONEDITIONABLE PROCEDURE "ESTUDIANTE"."CONSULTARMEMBRESIA" (
    p_membresia_id IN NUMBER, 
    p_membresia_info OUT SYS_REFCURSOR
) AS
BEGIN
    OPEN p_membresia_info FOR
    SELECT 
        MEMBRESIA_ID, 
        TIPO_MEMBRESIA
    FROM 
        MEMBRESIA
    WHERE 
        MEMBRESIA_ID = p_membresia_id;
END ConsultarMembresia;

/
--------------------------------------------------------
--  DDL for Procedure CONSULTAR_CLASE
--------------------------------------------------------
set define off;

  CREATE OR REPLACE NONEDITIONABLE PROCEDURE "ESTUDIANTE"."CONSULTAR_CLASE" (
    p_clase_id IN NUMBER,
    p_clase_info OUT SYS_REFCURSOR
) AS
BEGIN
    OPEN p_clase_info FOR
    SELECT 
        clase_id,
        nombre_clase,
        capacidad,
        fecha_clase,
        duracion_minutos
    FROM 
        clases
    WHERE 
        clase_id = p_clase_id;
END CONSULTAR_CLASE;

/
--------------------------------------------------------
--  DDL for Procedure DISPLAYCLIENTINFO
--------------------------------------------------------
set define off;

  CREATE OR REPLACE NONEDITIONABLE PROCEDURE "ESTUDIANTE"."DISPLAYCLIENTINFO" (
    p_client_id IN NUMBER, 
    p_client_info OUT SYS_REFCURSOR
) AS
BEGIN
    OPEN p_client_info FOR
        SELECT CLIENTE_ID, NOMBRE, DIRECCION, TELEFONO, EMAIL, FECHA_REGISTRO
        FROM clientes
        WHERE CLIENTE_ID = p_client_id ;
END DisplayClientInfo;

/
--------------------------------------------------------
--  DDL for Procedure DISPLAYTRAINERINFO
--------------------------------------------------------
set define off;

  CREATE OR REPLACE NONEDITIONABLE PROCEDURE "ESTUDIANTE"."DISPLAYTRAINERINFO" (
    p_trainer_id IN NUMBER, 
    p_trainer_info OUT SYS_REFCURSOR
) AS
BEGIN
    OPEN p_trainer_info FOR
        SELECT ENTRENADOR_ID, NOMBRE_ENTRENADOR, ESPECIALIDAD, DISPONIBILIDAD, PERFIL
        FROM entrenadores
        WHERE entrenador_id = p_trainer_id;
END DisplayTrainerInfo;

/
--------------------------------------------------------
--  DDL for Procedure ELIMINAR_CLASE
--------------------------------------------------------
set define off;

  CREATE OR REPLACE NONEDITIONABLE PROCEDURE "ESTUDIANTE"."ELIMINAR_CLASE" (
    p_clase_id IN NUMBER
)
AS
BEGIN
    -- Delete from CLASES table
    DELETE FROM CLASES WHERE clase_id = p_clase_id;

    -- Check if any row was deleted
    IF SQL%ROWCOUNT = 0 THEN
        RAISE_APPLICATION_ERROR(-20001, 'No se encontr una clase con el ID especificado.');
    END IF;
END ELIMINAR_CLASE;

/
--------------------------------------------------------
--  DDL for Procedure ELIMINAR_CLIENTE
--------------------------------------------------------
set define off;

  CREATE OR REPLACE NONEDITIONABLE PROCEDURE "ESTUDIANTE"."ELIMINAR_CLIENTE" (
    p_cliente_id IN NUMBER
)
AS
BEGIN
    -- Eliminar las membresas asociadas al cliente
    DELETE FROM MEMBRESIAS WHERE cliente_id = p_cliente_id;

    -- Ahora eliminar el cliente
    DELETE FROM CLIENTES WHERE cliente_id = p_cliente_id;

    -- Verificar si se elimin algn cliente
    IF SQL%ROWCOUNT = 0 THEN
        RAISE_APPLICATION_ERROR(-20001, 'No se encontr un cliente con el ID especificado.');
    END IF;
END;

/
--------------------------------------------------------
--  DDL for Procedure ELIMINAR_ENTRENADOR
--------------------------------------------------------
set define off;

  CREATE OR REPLACE NONEDITIONABLE PROCEDURE "ESTUDIANTE"."ELIMINAR_ENTRENADOR" (
    n_entrenador_id IN NUMBER
) AS
BEGIN
    DELETE FROM entrenadores
    WHERE entrenador_id = n_entrenador_id;
END eliminar_entrenador;

/
--------------------------------------------------------
--  DDL for Procedure ELIMINAR_INVENTARIO
--------------------------------------------------------
set define off;

  CREATE OR REPLACE NONEDITIONABLE PROCEDURE "ESTUDIANTE"."ELIMINAR_INVENTARIO" (
    p_item_id IN NUMBER  -- ID of the inventory item to delete
)
AS
BEGIN
    -- Delete the inventory item based on the provided item ID
    DELETE FROM INVENTARIO WHERE ITEM_ID = p_item_id;

    -- Check if any rows were affected
    IF SQL%ROWCOUNT = 0 THEN
        RAISE_APPLICATION_ERROR(-20001, 'No se encontr un artculo de inventario con el ID especificado.');
    END IF;
END ELIMINAR_INVENTARIO;

/
--------------------------------------------------------
--  DDL for Procedure ELIMINAR_MEMBRESIA
--------------------------------------------------------
set define off;

  CREATE OR REPLACE NONEDITIONABLE PROCEDURE "ESTUDIANTE"."ELIMINAR_MEMBRESIA" (
    n_membresia_id IN NUMBER
) AS
    v_count NUMBER;
BEGIN
    -- Check if the Membresia_ID exists in the database
    SELECT COUNT(*)
    INTO v_count
    FROM MEMBRESIA
    WHERE MEMBRESIA_ID = n_membresia_id;

    -- If the Membresia_ID doesn't exist, raise an error
    IF v_count = 0 THEN
        RAISE_APPLICATION_ERROR(-20001, 'La membresa con el ID especificado no existe.');
    END IF;

    -- Perform the delete
    DELETE FROM MEMBRESIA
    WHERE MEMBRESIA_ID = n_membresia_id;
END ELIMINAR_MEMBRESIA;

/
--------------------------------------------------------
--  DDL for Procedure OBTENER_ENTRENADORES_DISPONIBLES
--------------------------------------------------------
set define off;

  CREATE OR REPLACE NONEDITIONABLE PROCEDURE "ESTUDIANTE"."OBTENER_ENTRENADORES_DISPONIBLES" (
    p_entrenador_id IN NUMBER,
    p_nombre_entrenador OUT VARCHAR2,
    p_especialidad OUT VARCHAR2,
    p_disponibilidad OUT VARCHAR2,
    p_perfil OUT VARCHAR2,
    v_entrenador_id OUT VARCHAR2
) AS
BEGIN
    -- Consulta para obtener los datos del entrenador por ID
    SELECT nombre_entrenador, especialidad, disponibilidad, perfil, entrenador_id
    INTO p_nombre_entrenador, p_especialidad, p_disponibilidad, p_perfil, v_entrenador_id
    FROM entrenadores
    WHERE entrenador_id = p_entrenador_id;
EXCEPTION
    WHEN NO_DATA_FOUND THEN
        p_nombre_entrenador := NULL;
        p_especialidad := NULL;
        p_disponibilidad := NULL;
        p_perfil := NULL;


    WHEN OTHERS THEN
        p_nombre_entrenador := 'Error';
        p_especialidad := 'Error';
        p_disponibilidad := 'Error';
        p_perfil := 'Error';

END obtener_entrenadores_disponibles;

/
--------------------------------------------------------
--  DDL for Procedure OBTENER_MEMBRESIA
--------------------------------------------------------
set define off;

  CREATE OR REPLACE NONEDITIONABLE PROCEDURE "ESTUDIANTE"."OBTENER_MEMBRESIA" (
    p_cliente_id IN NUMBER,
    p_id_cliente OUT NUMBER,
    p_tipo_membresia OUT VARCHAR2,
    p_estado OUT VARCHAR2
) AS
BEGIN
    -- Consultar los datos de la membresa del cliente
    SELECT cliente_id, tipo_membresia, estado
    INTO p_id_cliente, p_tipo_membresia, p_estado
    FROM membresias
    WHERE cliente_id = p_cliente_id;

EXCEPTION
    WHEN NO_DATA_FOUND THEN
        -- En caso de que no se encuentre el cliente, asignar valores nulos
        p_id_cliente := NULL;
        p_tipo_membresia := NULL;
        p_estado := NULL;
    WHEN OTHERS THEN
        -- Manejo de errores generales
        p_id_cliente := -1; -- Indica un error
        p_tipo_membresia := 'Error';
        p_estado := 'Error';
END obtener_membresia;

/
--------------------------------------------------------
--  DDL for Procedure REGISTRAR_ACCESO_CLIENTE
--------------------------------------------------------
set define off;

  CREATE OR REPLACE NONEDITIONABLE PROCEDURE "ESTUDIANTE"."REGISTRAR_ACCESO_CLIENTE" (
    n_cliente_id IN NUMBER,
    n_fecha_entrada IN DATE,
    n_fecha_salida IN DATE
) AS
BEGIN
    INSERT INTO accesos (cliente_id, fecha_entrada, fecha_salida)
    VALUES (n_cliente_id, n_fecha_entrada, n_fecha_salida);
END registrar_acceso_cliente;

/
--------------------------------------------------------
--  DDL for Procedure REGISTRAR_CLASE
--------------------------------------------------------
set define off;

  CREATE OR REPLACE NONEDITIONABLE PROCEDURE "ESTUDIANTE"."REGISTRAR_CLASE" (
    n_clase_id IN NUMBER,
    n_nombre_clase IN VARCHAR,
    n_capacidad IN NUMBER,
    n_fecha_clase IN DATE,
    n_duracion_minutos IN NUMBER
) AS
    v_exists NUMBER;
BEGIN
    SELECT COUNT(*) INTO v_exists
    FROM clases
    WHERE clase_id = n_clase_id;

    IF v_exists > 0 THEN
        RAISE_APPLICATION_ERROR(-20001, 'Clase ID ya existe en la base de datos.');
    ELSE
        INSERT INTO clases (clase_id, nombre_clase, capacidad, fecha_clase, duracion_minutos)
        VALUES (n_clase_id, n_nombre_clase, n_capacidad, n_fecha_clase, n_duracion_minutos);
    END IF;
END registrar_clase;

/
--------------------------------------------------------
--  DDL for Procedure REGISTRAR_PAGO
--------------------------------------------------------
set define off;

  CREATE OR REPLACE NONEDITIONABLE PROCEDURE "ESTUDIANTE"."REGISTRAR_PAGO" (
    n_pago_id IN NUMBER,
    n_factura_id IN NUMBER,
    n_monto_pago IN NUMBER,  -- Cambio a NUMBER
    n_fecha_pago IN DATE,
    n_metodo_pago IN VARCHAR2
) AS
BEGIN
    INSERT INTO Pagos (pago_id, factura_id, monto_pago, fecha_pago, metodo_pago)
    VALUES (n_pago_id, n_factura_id, n_monto_pago, n_fecha_pago, n_metodo_pago);
END registrar_pago;

/
--------------------------------------------------------
--  DDL for Procedure REGISTRAR_RESERVA
--------------------------------------------------------
set define off;

  CREATE OR REPLACE NONEDITIONABLE PROCEDURE "ESTUDIANTE"."REGISTRAR_RESERVA" (
    n_reserva_id IN NUMBER,
    n_cliente_id IN NUMBER,
    n_clase_id IN NUMBER,
    n_entrenador_id IN NUMBER,
    n_fecha_reserva IN DATE,
    n_estado IN VARCHAR
    
) AS
BEGIN
    INSERT INTO reservas (reserva_id, cliente_id, clase_id, entrenador_id, fecha_reserva, estado)
    VALUES (n_reserva_id, n_cliente_id, n_clase_id, n_entrenador_id, n_fecha_reserva, n_estado);
END registrar_reserva;

/
--------------------------------------------------------
--  DDL for Procedure SP_VER_ENTRENADOR
--------------------------------------------------------
set define off;

  CREATE OR REPLACE NONEDITIONABLE PROCEDURE "ESTUDIANTE"."SP_VER_ENTRENADOR" (
    p_entrenador_id IN INT
)
IS
BEGIN
    -- Mostrar los campos especficos del entrenador con el ID especificado
    FOR r IN (SELECT nombre_entrenador, 
                      especialidad, 
                      disponibilidad, 
                      perfil
               FROM Entrenadores
               WHERE entrenador_id = p_entrenador_id) LOOP
        DBMS_OUTPUT.PUT_LINE('Nombre: ' || r.nombre_entrenador);
        DBMS_OUTPUT.PUT_LINE('Especialidad: ' || r.especialidad);
        DBMS_OUTPUT.PUT_LINE('Disponibilidad: ' || r.disponibilidad);
        DBMS_OUTPUT.PUT_LINE('Perfil: ' || r.perfil);
    END LOOP;
EXCEPTION
    WHEN NO_DATA_FOUND THEN
        DBMS_OUTPUT.PUT_LINE('No se encontr entrenador con ID ' || p_entrenador_id);
    WHEN OTHERS THEN
        DBMS_OUTPUT.PUT_LINE('Error: ' || SQLERRM);
END sp_ver_entrenador;

/
--------------------------------------------------------
--  Constraints for Table ACCESOS
--------------------------------------------------------

  ALTER TABLE "ESTUDIANTE"."ACCESOS" MODIFY ("CLIENTE_ID" NOT NULL ENABLE);
  ALTER TABLE "ESTUDIANTE"."ACCESOS" ADD PRIMARY KEY ("ACCESO_ID")
  USING INDEX PCTFREE 10 INITRANS 2 MAXTRANS 255 COMPUTE STATISTICS 
  TABLESPACE "USERS"  ENABLE;
--------------------------------------------------------
--  Constraints for Table AUDITS_CLIENTES
--------------------------------------------------------

  ALTER TABLE "ESTUDIANTE"."AUDITS_CLIENTES" MODIFY ("AUDIT_ID" NOT NULL ENABLE);
  ALTER TABLE "ESTUDIANTE"."AUDITS_CLIENTES" ADD PRIMARY KEY ("AUDIT_ID")
  USING INDEX PCTFREE 10 INITRANS 2 MAXTRANS 255 
  STORAGE(INITIAL 65536 NEXT 1048576 MINEXTENTS 1 MAXEXTENTS 2147483645
  PCTINCREASE 0 FREELISTS 1 FREELIST GROUPS 1
  BUFFER_POOL DEFAULT FLASH_CACHE DEFAULT CELL_FLASH_CACHE DEFAULT)
  TABLESPACE "USERS"  ENABLE;
--------------------------------------------------------
--  Constraints for Table AUDITS_ENTRENADORES
--------------------------------------------------------

  ALTER TABLE "ESTUDIANTE"."AUDITS_ENTRENADORES" MODIFY ("AUDIT_ID" NOT NULL ENABLE);
  ALTER TABLE "ESTUDIANTE"."AUDITS_ENTRENADORES" ADD PRIMARY KEY ("AUDIT_ID")
  USING INDEX PCTFREE 10 INITRANS 2 MAXTRANS 255 
  STORAGE(INITIAL 65536 NEXT 1048576 MINEXTENTS 1 MAXEXTENTS 2147483645
  PCTINCREASE 0 FREELISTS 1 FREELIST GROUPS 1
  BUFFER_POOL DEFAULT FLASH_CACHE DEFAULT CELL_FLASH_CACHE DEFAULT)
  TABLESPACE "USERS"  ENABLE;
--------------------------------------------------------
--  Constraints for Table CLASES
--------------------------------------------------------

  ALTER TABLE "ESTUDIANTE"."CLASES" MODIFY ("NOMBRE_CLASE" NOT NULL ENABLE);
  ALTER TABLE "ESTUDIANTE"."CLASES" MODIFY ("CAPACIDAD" NOT NULL ENABLE);
  ALTER TABLE "ESTUDIANTE"."CLASES" MODIFY ("FECHA_CLASE" NOT NULL ENABLE);
  ALTER TABLE "ESTUDIANTE"."CLASES" MODIFY ("DURACION_MINUTOS" NOT NULL ENABLE);
  ALTER TABLE "ESTUDIANTE"."CLASES" ADD PRIMARY KEY ("CLASE_ID")
  USING INDEX PCTFREE 10 INITRANS 2 MAXTRANS 255 COMPUTE STATISTICS 
  STORAGE(INITIAL 65536 NEXT 1048576 MINEXTENTS 1 MAXEXTENTS 2147483645
  PCTINCREASE 0 FREELISTS 1 FREELIST GROUPS 1
  BUFFER_POOL DEFAULT FLASH_CACHE DEFAULT CELL_FLASH_CACHE DEFAULT)
  TABLESPACE "USERS"  ENABLE;
--------------------------------------------------------
--  Constraints for Table CLIENTES
--------------------------------------------------------

  ALTER TABLE "ESTUDIANTE"."CLIENTES" MODIFY ("NOMBRE" NOT NULL ENABLE);
  ALTER TABLE "ESTUDIANTE"."CLIENTES" MODIFY ("EMAIL" NOT NULL ENABLE);
  ALTER TABLE "ESTUDIANTE"."CLIENTES" ADD PRIMARY KEY ("CLIENTE_ID")
  USING INDEX PCTFREE 10 INITRANS 2 MAXTRANS 255 COMPUTE STATISTICS 
  STORAGE(INITIAL 65536 NEXT 1048576 MINEXTENTS 1 MAXEXTENTS 2147483645
  PCTINCREASE 0 FREELISTS 1 FREELIST GROUPS 1
  BUFFER_POOL DEFAULT FLASH_CACHE DEFAULT CELL_FLASH_CACHE DEFAULT)
  TABLESPACE "USERS"  ENABLE;
  ALTER TABLE "ESTUDIANTE"."CLIENTES" ADD UNIQUE ("EMAIL")
  USING INDEX PCTFREE 10 INITRANS 2 MAXTRANS 255 COMPUTE STATISTICS 
  STORAGE(INITIAL 65536 NEXT 1048576 MINEXTENTS 1 MAXEXTENTS 2147483645
  PCTINCREASE 0 FREELISTS 1 FREELIST GROUPS 1
  BUFFER_POOL DEFAULT FLASH_CACHE DEFAULT CELL_FLASH_CACHE DEFAULT)
  TABLESPACE "USERS"  ENABLE;
--------------------------------------------------------
--  Constraints for Table ENTRENADORES
--------------------------------------------------------

  ALTER TABLE "ESTUDIANTE"."ENTRENADORES" MODIFY ("NOMBRE_ENTRENADOR" NOT NULL ENABLE);
  ALTER TABLE "ESTUDIANTE"."ENTRENADORES" ADD PRIMARY KEY ("ENTRENADOR_ID")
  USING INDEX PCTFREE 10 INITRANS 2 MAXTRANS 255 COMPUTE STATISTICS 
  STORAGE(INITIAL 65536 NEXT 1048576 MINEXTENTS 1 MAXEXTENTS 2147483645
  PCTINCREASE 0 FREELISTS 1 FREELIST GROUPS 1
  BUFFER_POOL DEFAULT FLASH_CACHE DEFAULT CELL_FLASH_CACHE DEFAULT)
  TABLESPACE "USERS"  ENABLE;
--------------------------------------------------------
--  Constraints for Table ENTRENADOR_CLASE
--------------------------------------------------------

  ALTER TABLE "ESTUDIANTE"."ENTRENADOR_CLASE" ADD PRIMARY KEY ("ENTRENADOR_ID", "CLASE_ID")
  USING INDEX PCTFREE 10 INITRANS 2 MAXTRANS 255 COMPUTE STATISTICS 
  STORAGE(INITIAL 65536 NEXT 1048576 MINEXTENTS 1 MAXEXTENTS 2147483645
  PCTINCREASE 0 FREELISTS 1 FREELIST GROUPS 1
  BUFFER_POOL DEFAULT FLASH_CACHE DEFAULT CELL_FLASH_CACHE DEFAULT)
  TABLESPACE "USERS"  ENABLE;
--------------------------------------------------------
--  Constraints for Table FACTURACION
--------------------------------------------------------

  ALTER TABLE "ESTUDIANTE"."FACTURACION" MODIFY ("CLIENTE_ID" NOT NULL ENABLE);
  ALTER TABLE "ESTUDIANTE"."FACTURACION" MODIFY ("MONTO" NOT NULL ENABLE);
  ALTER TABLE "ESTUDIANTE"."FACTURACION" MODIFY ("ESTADO_PAGO" NOT NULL ENABLE);
  ALTER TABLE "ESTUDIANTE"."FACTURACION" ADD PRIMARY KEY ("FACTURA_ID")
  USING INDEX PCTFREE 10 INITRANS 2 MAXTRANS 255 COMPUTE STATISTICS 
  STORAGE(INITIAL 65536 NEXT 1048576 MINEXTENTS 1 MAXEXTENTS 2147483645
  PCTINCREASE 0 FREELISTS 1 FREELIST GROUPS 1
  BUFFER_POOL DEFAULT FLASH_CACHE DEFAULT CELL_FLASH_CACHE DEFAULT)
  TABLESPACE "USERS"  ENABLE;
--------------------------------------------------------
--  Constraints for Table INVENTARIO
--------------------------------------------------------

  ALTER TABLE "ESTUDIANTE"."INVENTARIO" MODIFY ("NOMBRE_ITEM" NOT NULL ENABLE);
  ALTER TABLE "ESTUDIANTE"."INVENTARIO" MODIFY ("CANTIDAD" NOT NULL ENABLE);
  ALTER TABLE "ESTUDIANTE"."INVENTARIO" MODIFY ("ESTADO" NOT NULL ENABLE);
  ALTER TABLE "ESTUDIANTE"."INVENTARIO" ADD PRIMARY KEY ("ITEM_ID")
  USING INDEX PCTFREE 10 INITRANS 2 MAXTRANS 255 COMPUTE STATISTICS 
  STORAGE(INITIAL 65536 NEXT 1048576 MINEXTENTS 1 MAXEXTENTS 2147483645
  PCTINCREASE 0 FREELISTS 1 FREELIST GROUPS 1
  BUFFER_POOL DEFAULT FLASH_CACHE DEFAULT CELL_FLASH_CACHE DEFAULT)
  TABLESPACE "USERS"  ENABLE;
--------------------------------------------------------
--  Constraints for Table MEMBRESIA
--------------------------------------------------------

  ALTER TABLE "ESTUDIANTE"."MEMBRESIA" MODIFY ("MEMBRESIA_ID" NOT NULL ENABLE);
  ALTER TABLE "ESTUDIANTE"."MEMBRESIA" MODIFY ("TIPO_MEMBRESIA" NOT NULL ENABLE);
  ALTER TABLE "ESTUDIANTE"."MEMBRESIA" ADD CONSTRAINT "PK_MEMBRESIA" PRIMARY KEY ("MEMBRESIA_ID")
  USING INDEX PCTFREE 10 INITRANS 2 MAXTRANS 255 COMPUTE STATISTICS 
  STORAGE(INITIAL 65536 NEXT 1048576 MINEXTENTS 1 MAXEXTENTS 2147483645
  PCTINCREASE 0 FREELISTS 1 FREELIST GROUPS 1
  BUFFER_POOL DEFAULT FLASH_CACHE DEFAULT CELL_FLASH_CACHE DEFAULT)
  TABLESPACE "USERS"  ENABLE;
--------------------------------------------------------
--  Constraints for Table MEMBRESIAS
--------------------------------------------------------

  ALTER TABLE "ESTUDIANTE"."MEMBRESIAS" MODIFY ("CLIENTE_ID" NOT NULL ENABLE);
  ALTER TABLE "ESTUDIANTE"."MEMBRESIAS" MODIFY ("FECHA_INICIO" NOT NULL ENABLE);
  ALTER TABLE "ESTUDIANTE"."MEMBRESIAS" MODIFY ("FECHA_FIN" NOT NULL ENABLE);
  ALTER TABLE "ESTUDIANTE"."MEMBRESIAS" MODIFY ("ESTADO" NOT NULL ENABLE);
  ALTER TABLE "ESTUDIANTE"."MEMBRESIAS" ADD PRIMARY KEY ("MEMBRESIA_ID")
  USING INDEX PCTFREE 10 INITRANS 2 MAXTRANS 255 COMPUTE STATISTICS 
  STORAGE(INITIAL 65536 NEXT 1048576 MINEXTENTS 1 MAXEXTENTS 2147483645
  PCTINCREASE 0 FREELISTS 1 FREELIST GROUPS 1
  BUFFER_POOL DEFAULT FLASH_CACHE DEFAULT CELL_FLASH_CACHE DEFAULT)
  TABLESPACE "USERS"  ENABLE;
--------------------------------------------------------
--  Constraints for Table NOTIFICACIONES
--------------------------------------------------------

  ALTER TABLE "ESTUDIANTE"."NOTIFICACIONES" MODIFY ("CLIENTE_ID" NOT NULL ENABLE);
  ALTER TABLE "ESTUDIANTE"."NOTIFICACIONES" MODIFY ("MENSAJE" NOT NULL ENABLE);
  ALTER TABLE "ESTUDIANTE"."NOTIFICACIONES" ADD PRIMARY KEY ("NOTIFICACION_ID")
  USING INDEX PCTFREE 10 INITRANS 2 MAXTRANS 255 COMPUTE STATISTICS 
  TABLESPACE "USERS"  ENABLE;
--------------------------------------------------------
--  Constraints for Table PAGOS
--------------------------------------------------------

  ALTER TABLE "ESTUDIANTE"."PAGOS" MODIFY ("FACTURA_ID" NOT NULL ENABLE);
  ALTER TABLE "ESTUDIANTE"."PAGOS" MODIFY ("MONTO_PAGO" NOT NULL ENABLE);
  ALTER TABLE "ESTUDIANTE"."PAGOS" ADD PRIMARY KEY ("PAGO_ID")
  USING INDEX PCTFREE 10 INITRANS 2 MAXTRANS 255 COMPUTE STATISTICS 
  TABLESPACE "USERS"  ENABLE;
--------------------------------------------------------
--  Constraints for Table REGISTROS_ACCESO
--------------------------------------------------------

  ALTER TABLE "ESTUDIANTE"."REGISTROS_ACCESO" MODIFY ("ID" NOT NULL ENABLE);
  ALTER TABLE "ESTUDIANTE"."REGISTROS_ACCESO" MODIFY ("CLIENTE_ID" NOT NULL ENABLE);
  ALTER TABLE "ESTUDIANTE"."REGISTROS_ACCESO" MODIFY ("FECHA_ENTRADA" NOT NULL ENABLE);
  ALTER TABLE "ESTUDIANTE"."REGISTROS_ACCESO" MODIFY ("HORA_ENTRADA" NOT NULL ENABLE);
  ALTER TABLE "ESTUDIANTE"."REGISTROS_ACCESO" ADD PRIMARY KEY ("ID")
  USING INDEX PCTFREE 10 INITRANS 2 MAXTRANS 255 COMPUTE STATISTICS 
  TABLESPACE "USERS"  ENABLE;
--------------------------------------------------------
--  Constraints for Table RESERVAS
--------------------------------------------------------

  ALTER TABLE "ESTUDIANTE"."RESERVAS" MODIFY ("CLIENTE_ID" NOT NULL ENABLE);
  ALTER TABLE "ESTUDIANTE"."RESERVAS" MODIFY ("FECHA_RESERVA" NOT NULL ENABLE);
  ALTER TABLE "ESTUDIANTE"."RESERVAS" MODIFY ("ESTADO" NOT NULL ENABLE);
  ALTER TABLE "ESTUDIANTE"."RESERVAS" ADD PRIMARY KEY ("RESERVA_ID")
  USING INDEX PCTFREE 10 INITRANS 2 MAXTRANS 255 COMPUTE STATISTICS 
  TABLESPACE "USERS"  ENABLE;
--------------------------------------------------------
--  Constraints for Table RUTINAS
--------------------------------------------------------

  ALTER TABLE "ESTUDIANTE"."RUTINAS" MODIFY ("CLIENTE_ID" NOT NULL ENABLE);
  ALTER TABLE "ESTUDIANTE"."RUTINAS" MODIFY ("ENTRENADOR_ID" NOT NULL ENABLE);
  ALTER TABLE "ESTUDIANTE"."RUTINAS" ADD PRIMARY KEY ("RUTINA_ID")
  USING INDEX PCTFREE 10 INITRANS 2 MAXTRANS 255 COMPUTE STATISTICS 
  TABLESPACE "USERS"  ENABLE;
--------------------------------------------------------
--  Ref Constraints for Table ACCESOS
--------------------------------------------------------

  ALTER TABLE "ESTUDIANTE"."ACCESOS" ADD CONSTRAINT "FK_CLIENTE_ACCESO" FOREIGN KEY ("CLIENTE_ID")
	  REFERENCES "ESTUDIANTE"."CLIENTES" ("CLIENTE_ID") ENABLE;
--------------------------------------------------------
--  Ref Constraints for Table ENTRENADOR_CLASE
--------------------------------------------------------

  ALTER TABLE "ESTUDIANTE"."ENTRENADOR_CLASE" ADD FOREIGN KEY ("ENTRENADOR_ID")
	  REFERENCES "ESTUDIANTE"."ENTRENADORES" ("ENTRENADOR_ID") ENABLE;
  ALTER TABLE "ESTUDIANTE"."ENTRENADOR_CLASE" ADD FOREIGN KEY ("CLASE_ID")
	  REFERENCES "ESTUDIANTE"."CLASES" ("CLASE_ID") ENABLE;
--------------------------------------------------------
--  Ref Constraints for Table ESTADOFISICO
--------------------------------------------------------

  ALTER TABLE "ESTUDIANTE"."ESTADOFISICO" ADD CONSTRAINT "FK_CLIENTE_ID" FOREIGN KEY ("CLIENTE_ID")
	  REFERENCES "ESTUDIANTE"."CLIENTES" ("CLIENTE_ID") ENABLE;
--------------------------------------------------------
--  Ref Constraints for Table FACTURACION
--------------------------------------------------------

  ALTER TABLE "ESTUDIANTE"."FACTURACION" ADD CONSTRAINT "FK_CLIENTE_FACTURA" FOREIGN KEY ("CLIENTE_ID")
	  REFERENCES "ESTUDIANTE"."CLIENTES" ("CLIENTE_ID") ENABLE;
--------------------------------------------------------
--  Ref Constraints for Table MEMBRESIAS
--------------------------------------------------------

  ALTER TABLE "ESTUDIANTE"."MEMBRESIAS" ADD CONSTRAINT "FK_CLIENTE_MEMBRESIA" FOREIGN KEY ("CLIENTE_ID")
	  REFERENCES "ESTUDIANTE"."CLIENTES" ("CLIENTE_ID") ENABLE;
--------------------------------------------------------
--  Ref Constraints for Table NOTIFICACIONES
--------------------------------------------------------

  ALTER TABLE "ESTUDIANTE"."NOTIFICACIONES" ADD CONSTRAINT "FK_CLIENTE_NOTIFICACION" FOREIGN KEY ("CLIENTE_ID")
	  REFERENCES "ESTUDIANTE"."CLIENTES" ("CLIENTE_ID") ENABLE;
--------------------------------------------------------
--  Ref Constraints for Table PAGOS
--------------------------------------------------------

  ALTER TABLE "ESTUDIANTE"."PAGOS" ADD CONSTRAINT "FK_FACTURA_PAGO" FOREIGN KEY ("FACTURA_ID")
	  REFERENCES "ESTUDIANTE"."FACTURACION" ("FACTURA_ID") ENABLE;
--------------------------------------------------------
--  Ref Constraints for Table RESERVAS
--------------------------------------------------------

  ALTER TABLE "ESTUDIANTE"."RESERVAS" ADD CONSTRAINT "FK_CLIENTE_RESERVA" FOREIGN KEY ("CLIENTE_ID")
	  REFERENCES "ESTUDIANTE"."CLIENTES" ("CLIENTE_ID") ENABLE;
  ALTER TABLE "ESTUDIANTE"."RESERVAS" ADD CONSTRAINT "FK_CLASE_RESERVA" FOREIGN KEY ("CLASE_ID")
	  REFERENCES "ESTUDIANTE"."CLASES" ("CLASE_ID") ENABLE;
  ALTER TABLE "ESTUDIANTE"."RESERVAS" ADD CONSTRAINT "FK_ENTRENADOR_RESERVA" FOREIGN KEY ("ENTRENADOR_ID")
	  REFERENCES "ESTUDIANTE"."ENTRENADORES" ("ENTRENADOR_ID") ENABLE;
--------------------------------------------------------
--  Ref Constraints for Table RUTINAS
--------------------------------------------------------

  ALTER TABLE "ESTUDIANTE"."RUTINAS" ADD CONSTRAINT "FK_CLIENTE_RUTINA" FOREIGN KEY ("CLIENTE_ID")
	  REFERENCES "ESTUDIANTE"."CLIENTES" ("CLIENTE_ID") ENABLE;
  ALTER TABLE "ESTUDIANTE"."RUTINAS" ADD CONSTRAINT "FK_ENTRENADOR_RUTINA" FOREIGN KEY ("ENTRENADOR_ID")
	  REFERENCES "ESTUDIANTE"."ENTRENADORES" ("ENTRENADOR_ID") ENABLE;
